MainshockTime,MainshockYear,MainshockLat,MainshockLon,MainshockDepth,Target,NO,Mag_max,Mag_mean,b_lsq,a_lsq,b_std_lsq,std_gr_lsq,b_mlk,a_mlk,b_std_mlk,std_gr_mlk,dM_lsq,dM_mlk,Energy,x7_lsq,x7_mlk,zvalue,beta,T_elaps6,T_elaps65,T_elaps7,T_elaps75,TargetClass
1957-02-11 14:25:43.000,1957,10.0,126.0,33,6.5,3.0,6.7,6.6000000000000005,2.3856062735983112,16.00438515587673,0.7557266632048387,0.03606670660650584,2.895296546021672,19.29654880386053,1.113149032428996,0.10784163513291199,-0.008728650238094104,0.03520815669978283,1551746896292.478,6.969171937625679e-08,2.061153622438658e-09,-0.9999999999999999,8.672617004934883,0.5492939814794227,0.5492939814794227,1790.1448611111082,1790.1448611111082,Strong (6.0-6.9)
1957-02-13 00:29:48.000,1957,10.1,126.5,33,5.7,4.0,6.7,6.575,3.010299956639811,20.169009709486726,0.99775314318529,1.1716206776437227e-14,3.4743558552260145,23.185373050297056,1.3290831634730944,0.0733736800584256,3.552713678800501e-15,0.026713204860014272,1705610056191.2202,9.313225746154824e-10,3.775134544279108e-11,-1.5491933384829666,10.01427552475536,1.419502314816782,1.419502314816782,1791.564363425925,1791.564363425925,Moderate (5.0-5.9)
1965-08-08 04:32:45.400,1965,6.6,126.7,99,5.0,3.0,5.1,4.8,0.5767855668282794,2.987515346564274,0.15928234959536425,0.08437908520728295,0.9650988486738945,4.723556188884799,0.4459462126284331,0.17206970276903732,-0.07959449469670421,0.2056244700993508,47512430726.64314,0.018605583705398977,0.0012726338013397947,-0.44721359549995787,4.308100197271101,807.5559652777774,8818.712342592593,10625.401069444446,15090.506775462964,Moderate (5.0-5.9)
1966-06-08 22:01:17.000,1966,9.64,126.68,47,5.1,3.0,5.6,5.166666666666667,0.57678556682828,3.125393132146426,0.1672513291030442,0.12121265910605335,1.3714562586418488,7.197256922064723,0.9455940494198056,0.25307540944194457,0.1813603670202184,0.3521061085884307,116975800036.51044,0.0186055837053989,7.684776196487846e-05,-1.4411533842457844,4.047396061842092,3404.316365740742,3404.316365740742,5194.46122685185,5194.46122685185,Moderate (5.0-5.9)
1968-07-07 21:34:05.300,1968,9.65,126.39,52,5.2,3.0,5.2,5.1000000000000005,2.385606273598294,12.425975745479178,0.7557266632048277,0.03606670660650687,2.895296546021672,14.953603984828023,1.113149032428996,0.10784163513291282,-0.008728650238096769,0.03520815669978283,69313987774.50327,6.969171937626504e-08,2.061153622438658e-09,-1.4411533842457844,3.817433980804671,323.25412962962946,4164.297480324076,5954.442341435184,5954.442341435184,Moderate (5.0-5.9)
1968-08-06 23:44:34.000,1968,15.65,121.96,30,5.2,14.0,7.3,5.1499999999999995,0.26552708465687314,1.797894934062155,0.030062386454542084,0.10745345227097192,0.496336550746574,3.1333764001354902,0.10504087132058965,0.22329633656010808,0.5289584078193705,0.9869924340200962,3722474573200.2773,0.15974186333669754,0.032433240894795407,-2.6457513110645907,18.734993995195193,5.142505787036498,5.142505787036498,5.142505787036498,43535.17270833333,Moderate (5.0-5.9)
1968-08-10 16:41:31.500,1968,15.41,121.59,86,5.2,11.0,5.3,4.972727272727273,3.010299956639844,15.954589770191173,1.1618461361022954,5.2646408249438624e-15,3.4743558552260394,18.321274852980764,1.5476675253660928,0.5077939761129847,0.0,0.026713204860014272,113705205742.6629,9.313225746152729e-10,3.775134544278459e-11,-0.26413527189768704,15.842145117751423,2721.819751157407,43535.17270833333,43535.17270833333,43535.17270833333,Moderate (5.0-5.9)
1968-08-13 00:14:58.500,1968,15.62,121.83,42,5.0,15.0,7.3,5.126666666666666,0.17084519395726833,1.1323376476383498,0.010853842688981485,0.170605452359811,0.8985403073860382,5.360706818052439,0.3002293306588331,0.5499803591647996,0.672142221796598,1.333982923206439,3717547524481.0083,0.3072305640070946,0.00201548271450704,0.6166698388447787,19.392561165855028,11.163622685184237,11.163622685184237,11.163622685184237,43535.17270833333,Moderate (5.0-5.9)
1968-08-14 07:56:37.000,1968,15.08,122.51,15,5.5,8.0,5.3,5.0125,2.385606273598338,12.664536372839242,0.7991799892379231,0.03606670660650738,2.895296546021689,15.243133639430278,1.1771536920296188,0.3712280888832378,-0.008728650238097657,0.03520815669978283,103394359526.9695,6.969171937624396e-08,2.0611536224384135e-09,1.4770978917519928,14.162324264449978,43535.17270833333,43535.17270833333,43535.17270833333,43535.17270833333,Moderate (5.0-5.9)
1968-08-28 02:15:18.000,1968,15.57,122.33,15,5.0,3.0,5.5,5.166666666666667,0.833733482553905,4.489582858715681,0.2819941396631976,0.08932670334796974,1.3714562586418488,7.197256922064723,0.7630438887732095,0.17494892973105775,0.11508629236872814,0.2521061085884311,100585968423.46666,0.003153548773936584,7.684776196487846e-05,-0.6123724356957945,2.1255371128042,26.24718171296263,26.24718171296263,26.24718171296263,43535.17270833333,Moderate (5.0-5.9)
1968-08-28 20:42:20.200,1968,15.55,122.02,42,6.1,3.0,5.1,5.0,2.3856062735983383,12.187415118119576,0.7557266632048526,0.03606670660650687,2.895296546021689,14.664074330225938,1.113149032429004,0.1078416351329146,-0.008728650238097657,0.03520815669978372,56340524460.14158,6.969171937624367e-08,2.0611536224384135e-09,-2.1213203435596424,2.4934765753283394,27.015957175928634,27.015957175928634,27.015957175928634,43535.17270833333,Strong (6.0-6.9)
1968-08-29 01:36:22.500,1968,15.51,121.98,39,5.3,4.0,6.1,5.275,0.39571902221000044,2.2826247176712786,0.1001308785610325,0.14410718601290606,1.0218693691841223,5.609219900330162,0.667705470841508,0.30841288993403876,0.33170333100657956,0.6108248965240461,314123404569.9036,0.06498946074193462,0.0008597890156869469,-1.9215378456610455,3.6297049773194057,0.20419328703428619,27.22015046296292,27.22015046296292,43535.17270833333,Moderate (5.0-5.9)
1968-08-29 08:05:36.200,1968,15.57,122.01,60,5.1,5.0,6.1,5.28,0.4084378402951071,2.3853592916569304,0.08264922175257024,0.1093176750969969,0.9650988486738945,5.399125382956525,0.4614561319130831,0.21983273958271496,0.25979848994048726,0.5056244700993506,319594871365.4725,0.059523228513229914,0.0012726338013397947,-1.986798535597566,4.470720159908056,0.4744907407402934,27.490447916668927,27.490447916668927,43535.17270833333,Moderate (5.0-5.9)
1968-09-03 19:38:45.000,1968,15.5,122.2,21,5.0,7.0,6.1,5.257142857142857,0.31808083647977403,1.866074240681341,0.03512906427888397,0.13306276054457475,1.3714562586418488,7.745839425521461,0.6530636234431217,0.29057676901387813,0.2333333333333325,0.45210610858843214,327294686110.35236,0.11111111111111183,7.684776196487846e-05,-0.9332565252573828,6.291019239910419,5.955842592589761,32.971799768518395,32.971799768518395,43535.17270833333,Moderate (5.0-5.9)
1969-01-30 17:19:36.400,1969,4.86,127.53,82,5.2,3.0,5.9,5.400000000000001,0.49053693002164694,2.829105897847763,0.1597646272632896,0.07670250492469728,0.7896263307331841,4.346290275312265,0.41398104511822215,0.1620671755187218,0.1326342326093224,0.3957632412325385,218164402223.50467,0.033758971732029464,0.004276820349208958,-0.9999999999999999,4.95782220511194,4146.37397453704,4146.37397453704,4146.37397453704,4146.37397453704,Moderate (5.0-5.9)
1969-01-31 08:56:43.000,1969,4.28,128.14,33,5.2,5.0,5.9,5.42,0.9595129533079578,5.552597182110748,0.29493776510292186,0.10248651699970263,1.240841376866432,7.053580552111751,0.4932433456385003,0.1279331782043208,0.11310867876462183,0.21548569896616154,242245173735.16013,0.0013226993498501043,0.00018944182523289666,-1.0,8.078943075289343,15811.021354166667,17713.246006944442,43535.17270833333,43535.17270833333,Moderate (5.0-5.9)
1969-01-31 10:45:37.000,1969,4.22,128.02,61,5.1,6.0,5.9,5.383333333333334,0.9396275030257827,5.438587267159611,0.2426440160361685,0.11210386476092946,1.7371779276130073,9.857882063829903,0.8293669987122031,0.22826396202566682,0.11197522460091314,0.22534692783297228,246928313181.67227,0.001517460834934343,6.144212353328218e-06,-1.2163272811190746,9.247754350163097,7250.174675925928,7250.174675925928,7250.174675925928,11993.358414351853,Moderate (5.0-5.9)
1969-01-31 13:48:23.000,1969,4.39,128.11,31,5.3,7.0,5.9,5.342857142857143,0.9595129533079578,5.552597182110748,0.23038037287321736,0.10248651699970263,1.240841376866432,7.053580552111751,0.38527987708110967,0.1282002133836895,0.11310867876462183,0.21548569896616154,249974304877.88562,0.0013226993498501043,0.00018944182523289666,-1.381698559415515,10.327096646634287,15811.223900462963,17713.44855324074,43535.17270833333,43535.17270833333,Moderate (5.0-5.9)
1969-01-31 20:37:51.000,1969,4.21,127.83,37,5.3,8.0,5.9,5.3375,1.0933758853882798,6.320077992704594,0.25948619590676114,0.11095623224341122,1.5792526614663682,8.972099097099713,0.5413504620635051,0.15039929520060644,0.11966582840794349,0.21876905069203012,256816124111.60513,0.0005246532214436257,1.8291192299407837e-05,-1.4855627054164147,11.332878441396392,7250.585949074075,7250.585949074075,7250.585949074075,11993.7696875,Moderate (5.0-5.9)
1969-02-01 07:24:32.000,1969,4.18,128.13,15,5.0,10.0,5.9,5.24,1.1972080421826268,6.915382358325516,0.34470166531798996,0.12503243473157769,1.8882368778402219,10.706625456889194,0.8574663406720814,0.3937745482020599,0.12374214449971443,0.2298292801401569,260921672257.7591,0.0002560801251913347,2.164160003658068e-06,-1.5075567228888183,13.168634362923116,15811.957337962966,17714.18199074074,43535.17270833333,43535.17270833333,Moderate (5.0-5.9)
1969-02-01 16:19:14.100,1969,3.9,128.1,33,5.2,10.0,5.5,5.15,3.0102999566397837,16.55664976151881,1.5918633270653284,5.529562713008304e-15,3.4743558552260145,19.01614602402584,2.1204831686107015,0.9128790340446613,0.0,0.026713204860013384,165508853862.11685,9.313225746156613e-10,3.775134544279108e-11,-1.7586311452816477,12.218272061186562,7251.406355324072,7251.406355324072,7251.406355324072,43535.17270833333,Moderate (5.0-5.9)
1969-02-02 00:17:37.000,1969,3.91,128.13,105,5.0,12.0,5.5,5.125,3.0102999566397837,16.55664976151881,1.454109062455028,5.529562713008304e-15,3.4743558552260145,19.01614602402584,1.9369839984595825,0.8604950674094305,0.0,0.026713204860013384,173552770625.4193,9.313225746156613e-10,3.775134544279108e-11,-1.726067885347383,13.879884749204534,7251.738564814817,7251.738564814817,7251.738564814817,43535.17270833333,Moderate (5.0-5.9)
1969-02-02 01:38:47.000,1969,3.89,128.34,48,5.4,12.0,5.5,5.091666666666667,2.574031267727737,14.06509009710732,1.0006639070771308,0.11419901911132435,2.895296546021689,15.754512043648802,1.266037890798932,0.5361945368335884,0.035773409806525436,0.05858431313488577,160849275998.56277,1.896296296296056e-08,2.0611536224384135e-09,-1.726067885347383,13.879884749204534,15812.717233796298,43535.17270833333,43535.17270833333,43535.17270833333,Moderate (5.0-5.9)
1969-02-02 02:07:03.000,1969,3.94,128.31,76,5.1,13.0,5.5,5.115384615384615,2.635483746814933,14.520148354803794,1.0366770411623831,0.03950909756660808,2.60576689141952,14.328139085765148,1.0134303805460134,0.48356200537195426,-0.009481275440177406,0.0013734217953249583,176410215667.23254,1.2403628765938364e-08,1.5229979744711693e-08,-1.6876950573908704,14.658403959229823,15812.736863425926,43535.17270833333,43535.17270833333,43535.17270833333,Moderate (5.0-5.9)
1969-02-02 02:34:16.000,1969,3.9,128.3,90,5.2,14.0,5.5,5.114285714285714,3.0102999566397837,16.55664976151881,1.2523957424424939,5.529562713008304e-15,3.4743558552260145,19.01614602402584,1.6682864961685402,0.8084432471406671,0.0,0.026713204860013384,180649177801.0509,9.313225746156613e-10,3.775134544279108e-11,-1.646109783506203,15.406874922312923,7251.833460648149,7251.833460648149,7251.833460648149,43535.17270833333,Moderate (5.0-5.9)
1969-02-02 05:21:26.500,1969,3.85,128.36,33,5.6,16.0,5.5,5.0875,3.0102999566397837,16.55664976151881,1.2886791332215544,5.529562713008304e-15,3.4743558552260145,19.01614602402584,1.7166187355882154,1.1399699003319057,0.0,0.026713204860013384,187391406325.79688,9.313225746156613e-10,3.775134544279108e-11,-1.7286777745574873,16.824929571271763,15812.87185763889,43535.17270833333,43535.17270833333,43535.17270833333,Moderate (5.0-5.9)
1969-02-02 16:21:21.500,1969,3.66,128.44,87,5.2,17.0,5.6,5.117647058823529,2.273001272063739,12.757137246427288,0.7775903745126448,0.031750472594381865,2.554673422960306,14.23873914602564,0.9822505898615854,0.7426089113741366,-0.012463751436720294,0.02639555488620271,217113296485.8071,1.5170370370370253e-07,2.167602938645758e-08,-2.071733382441088,17.935034288103687,15813.330133101852,43535.17270833333,43535.17270833333,43535.17270833333,Moderate (5.0-5.9)
1969-02-02 16:48:48.000,1969,3.6,128.4,63,5.1,18.0,5.6,5.122222222222223,2.385606273598368,13.380218254918912,0.8097737789687055,0.03606670660650635,2.895296546021689,16.11172260323678,1.1927578348536196,0.917351166967524,-0.008728650238097657,0.03520815669978372,222326451785.8854,6.969171937622942e-08,2.0611536224384135e-09,-2.025158221666843,18.584869966138083,15813.349189814817,43535.17270833333,43535.17270833333,43535.17270833333,Moderate (5.0-5.9)
1969-02-02 20:50:24.000,1969,4.3,128.1,62,5.1,22.0,5.9,5.172727272727272,1.493498223286581,8.684451837355791,0.320546294001051,0.10279200852279267,2.0680689614440566,11.866542396133925,0.6146266295001839,0.5362602297833676,0.08516091820661753,0.16201803838883944,316494064738.0879,3.307541714138611e-05,6.248749509463084e-07,-2.529125495289846,21.44690187883484,15813.516967592594,17715.74162037037,43535.17270833333,43535.17270833333,Moderate (5.0-5.9)
1969-02-03 17:11:58.000,1969,4.2,128.25,92,5.1,21.0,5.6,5.133333333333333,2.635483746814914,14.783696729485174,0.8703602515685893,0.03950909756660957,2.6057668914195062,14.588715774907026,0.8508431130781838,0.750260328698198,-0.009481275440174741,0.001373421795323182,240217085701.81186,1.2403628765939987e-08,1.5229979744713125e-08,-2.4302777619029476,20.870206684782183,15814.365277777779,17716.589930555558,43535.17270833333,43535.17270833333,Moderate (5.0-5.9)
1969-02-03 19:01:30.100,1969,4.38,128.14,33,5.3,24.0,5.9,5.166666666666667,1.5751269226551625,9.152456380402324,0.3270605999140809,0.09655784035923086,1.8424614383774247,10.610143663414608,0.44750092138258735,0.39144927856117767,0.08938483701732736,0.1413211791512463,321240743853.12573,1.8819983227039158e-05,2.969037513284705e-06,-2.976833630141003,22.5592719564809,15814.44134375,17716.66599652778,43535.17270833333,43535.17270833333,Moderate (5.0-5.9)
1969-02-03 21:41:43.400,1969,4.81,127.54,46,6.1,13.0,5.9,5.253846153846154,1.282045091519368,7.401781441189499,0.2659912299265935,0.13997199606602184,2.171472409516257,12.286955020819805,0.7630787302347661,0.2911150188746502,0.12658259826294138,0.24164810615438892,275796144478.4934,0.00014251636128147802,3.0590232050183034e-07,-2.166666666666667,15.107151690449605,4150.5560000000005,4150.5560000000005,4150.5560000000005,4150.5560000000005,Strong (6.0-6.9)
1969-02-05 10:36:29.000,1969,3.54,128.61,58,5.0,17.0,5.6,5.1,1.6074550232146678,9.074448002795764,0.37793523821675085,0.08715043239518074,1.7371779276130073,9.684164271068601,0.4413959376346844,0.2872407804406084,-0.045226691723066814,0.0253469278329721,209780541049.65823,1.5053411385271427e-05,6.144212353328218e-06,-2.3278208693969558,17.935034288103687,15816.090636574074,43535.17270833333,43535.17270833333,43535.17270833333,Moderate (5.0-5.9)
1969-02-09 04:12:08.400,1969,4.45,128.28,64,5.0,26.0,6.1,5.207692307692308,1.154929173215314,6.995836842089795,0.19619911847190283,0.07463788249686708,1.5328040537761787,9.078103994453071,0.34558877599818444,0.3092560055970776,0.042626955544434963,0.17745303642140264,449624557400.9266,0.00034293552812070965,2.521087033094951e-05,0.9520212239630654,23.622675470067517,5.271122685186128,17722.04838425926,43535.17270833333,43535.17270833333,Moderate (5.0-5.9)
1969-02-09 14:27:16.000,1969,5.54,127.31,108,5.0,4.0,6.1,5.525,0.3972859909316392,2.5035832366728465,0.10307876400321675,0.07834085427295319,0.6433992324492621,3.7547162303293473,0.27034838327923794,0.16341210137142076,-0.20171537335590806,0.26425130624407256,374349780352.48334,0.06428979296755889,0.011743628457021352,0.8660254037844386,5.617321208040141,5.698293981480674,4156.254293981481,4156.254293981481,4156.254293981481,Moderate (5.0-5.9)
1969-02-10 14:09:19.000,1969,3.81,128.51,88,5.0,24.0,5.6,5.116666666666667,2.5105450102066147,14.071545930817868,0.6852271399713479,0.032259043078676046,2.895296546021689,16.123222944298593,0.9113488215109682,0.8324372095637421,-0.00497655832101529,0.03123607961579289,243797258831.0528,2.9401194111857618e-08,2.0611536224384135e-09,1.903323805723546,22.5592719564809,15821.2384375,43535.17270833333,43535.17270833333,43535.17270833333,Moderate (5.0-5.9)
1969-02-14 04:53:27.700,1969,4.59,127.44,94,5.5,14.0,6.1,5.142857142857143,0.4013733275519737,2.3547235216382463,0.032663125323637826,0.16790650943985266,1.7371779276130073,9.809103007676901,0.6118561428418705,0.37428346917647554,0.23333333333333162,0.4534264097200271,342975347791.6344,0.06250000000000054,6.144212353328218e-06,1.8569533817705184,13.580612962346303,10.299818287036032,12007.113862268518,12007.113862268518,12007.113862268518,Moderate (5.0-5.9)
1969-02-17 00:43:03.000,1969,3.7,128.4,49,5.6,5.0,5.3,5.08,,,,,,,,,,,89336049571.0524,,,1.299038105676658,3.7589436945268564,15827.678530092595,43535.17270833333,43535.17270833333,43535.17270833333,Moderate (5.0-5.9)
1969-02-17 01:15:53.000,1969,3.92,128.68,62,5.2,6.0,5.6,5.166666666666667,0.9030899869919473,4.997097928022108,0.18548550274477257,0.08244045955542242,1.4476482730108444,7.828801015320373,0.4766219405422218,0.15933235144894725,0.06666666666666643,0.19205584583201674,141433992021.49255,0.0019531249999999497,4.539992976248326e-05,0.816496580927726,4.725831959856174,15827.701331018521,43535.17270833333,43535.17270833333,43535.17270833333,Moderate (5.0-5.9)
1969-02-17 01:26:13.000,1969,3.7,128.7,89,5.1,7.0,5.6,5.171428571428572,1.2552725051033111,6.934101777634609,0.3033638404676971,0.09948488590379297,2.0044360703227078,10.900188820397743,0.7735211622135715,0.14945258276487358,0.07601875334318642,0.16196733745524305,149313233679.74908,0.0001714677640603506,9.698214581497943e-07,0.33968311024337877,5.831226725844669,15827.708506944444,43535.17270833333,43535.17270833333,43535.17270833333,Moderate (5.0-5.9)
1969-02-17 02:00:35.000,1969,3.8,128.6,74,5.1,9.0,5.6,5.122222222222222,1.2552725051033111,6.934101777634609,0.27532913279989407,0.09948488590379297,2.0044360703227078,10.900188820397743,0.7020378910890888,0.24499383255447596,0.07601875334318642,0.16196733745524305,155706515061.44418,0.0001714677640603506,9.698214581497943e-07,-0.22360679774997907,7.154293792422468,15827.732372685186,43535.17270833333,43535.17270833333,43535.17270833333,Moderate (5.0-5.9)
1969-02-17 06:27:19.000,1969,3.5,128.6,98,5.2,9.0,5.6,5.0777777777777775,-0.0,0.0,0.0,0.0,,,,,,,147401585502.7712,1.0,,-0.8257228238447705,7.62649675584413,15827.917604166669,43535.17270833333,43535.17270833333,43535.17270833333,Moderate (5.0-5.9)
1969-02-20 09:55:29.000,1969,3.58,128.16,2,5.6,9.0,5.6,5.088888888888889,1.57512692265517,8.636914018510963,0.46049791474872,0.15922029936064327,1.9613299182727493,10.651747631378003,0.7139994296412363,0.2470643560005509,0.11668694485150777,0.16911989556632356,150015111948.9711,1.8819983227038196e-05,1.3062017015926391e-06,-0.7024393586862705,6.48919344831325,7270.139861111113,7270.139861111113,7270.139861111113,43535.17270833333,Moderate (5.0-5.9)
1969-02-20 10:30:21.500,1969,3.5,128.4,74,5.8,9.0,5.6,5.155555555555555,1.0312416564836207,5.955499245703444,0.23809233502502308,0.10547763369400576,1.4139820341036116,7.9150082105323145,0.4476229050472106,0.17966543219451453,-0.17507629590022855,0.0023275970758680486,183104282197.97702,0.0008058886337896912,5.7286712168463416e-05,-1.0034188133917425,6.87218282218995,7270.164079861113,7270.164079861113,7270.164079861113,43535.17270833333,Moderate (5.0-5.9)
1969-02-20 10:53:29.000,1969,3.45,128.22,101,5.0,10.0,5.8,5.22,1.0985585945405412,6.416176749432353,0.30066646577387335,0.11002441630693167,1.1581186184086742,6.693683079035315,0.33415243294318137,0.13843674989268262,-0.040541215842784695,0.020209421870062805,247122368863.31818,0.0005062024192087923,0.00033546262790250573,-1.138989594902999,7.479798385774066,7270.180138888891,7270.180138888891,7270.180138888891,43535.17270833333,Moderate (5.0-5.9)
1969-02-20 13:06:13.000,1969,3.54,128.32,83,5.2,12.0,5.8,5.175,1.1326602761721287,6.60600944384819,0.27928060985595116,0.10976959675007383,1.2815247006981247,7.361866012929949,0.3575159384631333,0.14200929024062775,-0.03229551068345682,0.05538500434717264,250459894275.76172,0.00039996240530077435,0.00014302959137874746,-1.3284223283101428,8.616200394542203,7270.272314814816,7270.272314814816,7270.272314814816,43535.17270833333,Moderate (5.0-5.9)
1969-02-20 15:38:06.000,1969,3.45,128.24,78,5.0,13.0,5.8,5.176923076923076,1.4313637641589643,8.30190983212199,0.4103666562797394,0.13066503693756318,1.3714562586418488,7.8829850513856465,0.37673498293475727,0.15888387270966284,2.6645352591003757e-15,0.05210610858843179,254992208299.37775,5.0805263425299e-05,7.684776196487846e-05,-1.3822178973625951,9.591709015301454,7270.377789351851,7270.377789351851,7270.377789351851,43535.17270833333,Moderate (5.0-5.9)
1969-02-20 16:58:15.000,1969,3.57,128.34,49,5.2,15.0,5.8,5.153333333333333,1.1745343787822362,6.843744264625485,0.24355273527630855,0.12824750346981767,1.5328040537761836,8.748732330019799,0.4147962540273508,0.18164431926291558,-0.02677219863169711,0.09233481705205104,258884194753.93472,0.00029950002546641805,2.5210870330948685e-05,-1.2904021135595292,10.600945639962681,7270.433449074075,7270.433449074075,7270.433449074075,43535.17270833333,Moderate (5.0-5.9)
1969-02-20 19:10:20.000,1969,3.69,128.38,90,5.2,16.0,5.8,5.15625,1.246263081957893,7.247815959181684,0.25671015040302964,0.1333586387342914,1.7371779276130073,9.878423263601896,0.49878362383193126,0.2410541826145504,-0.015638819851170993,0.11352246273617084,263271521335.22028,0.00018247810159615786,6.144212353328218e-06,-1.3145341380123987,11.234642416080282,7270.525173611111,7270.525173611111,7270.525173611111,43535.17270833333,Moderate (5.0-5.9)
1969-02-20 19:27:01.000,1969,3.3,128.3,73,5.0,16.0,5.8,5.16875,1.4313637641589643,8.30190983212199,0.33519587179834776,0.13066503693756318,1.3714562586418488,7.8829850513856465,0.3077248336562434,0.1443658567982911,2.6645352591003757e-15,0.05210610858843179,265711801768.24814,5.0805263425299e-05,7.684776196487846e-05,-1.4338563581977297,12.093000125507476,7270.536759259261,7270.536759259261,7270.536759259261,43535.17270833333,Moderate (5.0-5.9)
1969-02-24 16:41:48.000,1969,3.62,128.72,68,5.0,17.0,5.8,5.152941176470588,1.4313637641589643,8.30190983212199,0.3235543233716244,0.13066503693756318,1.3714562586418488,7.8829850513856465,0.29703737043095135,0.13922503956574503,2.6645352591003757e-15,0.05210610858843179,266952158723.12543,5.0805263425299e-05,7.684776196487846e-05,-0.3234983196103152,12.926763828909484,15835.344328703704,43535.17270833333,43535.17270833333,43535.17270833333,Moderate (5.0-5.9)
1969-03-05 13:52:09.000,1969,4.04,128.11,72,5.5,13.0,5.8,5.1,0.9639178586914363,5.573418220944607,0.18268294985315628,0.1106674373721572,1.7371779276130135,9.73229522792369,0.5933440173582989,0.24830721999854916,0.01795314746965726,0.19764052189147563,229093518495.01785,0.0012830583989571207,6.144212353327941e-06,2.066540160580993,8.160484565484351,7283.304212962963,7283.304212962963,7283.304212962963,43535.17270833333,Moderate (5.0-5.9)
1969-03-05 16:11:16.000,1969,3.98,128.13,81,5.8,14.0,5.8,5.128571428571428,1.237424114159265,7.1644819150483325,0.29633540394618746,0.091219662380912,1.6286043071371947,9.246893647497057,0.5133074279107244,0.21266820565184397,0.010164620950473768,0.12219747487251809,245819288428.8569,0.00019396691456520615,1.3007297654067593e-05,1.7234549688642777,8.781223270677607,7283.400821759262,7283.400821759262,7283.400821759262,43535.17270833333,Moderate (5.0-5.9)
1969-03-06 01:06:02.000,1969,4.15,128.44,46,5.1,15.0,5.8,5.173333333333333,0.8425724503525329,5.167071228374041,0.14731469783033901,0.0628167420190938,1.3511383881434549,7.8710176583602225,0.37881854873847504,0.1847023281081607,-0.33249486879393597,-0.02547111933920565,296596374888.58716,0.0029667615987436276,8.842698865988017e-05,1.0168788291588577,9.75953713635601,15844.694490740741,43535.17270833333,43535.17270833333,43535.17270833333,Moderate (5.0-5.9)
1969-03-06 01:20:52.000,1969,4.0,128.0,92,5.1,16.0,5.8,5.16875,0.8425724503525329,5.167071228374041,0.1380033526824813,0.0628167420190938,1.3511383881434549,7.8710176583602225,0.35487450033281714,0.17031146321358515,-0.33249486879393597,-0.02547111933920565,299137043586.19183,0.0029667615987436276,8.842698865988017e-05,0.8781140799175229,9.869407610915244,7283.782488425926,7283.782488425926,7283.782488425926,43535.17270833333,Moderate (5.0-5.9)
1969-03-06 01:46:37.800,1969,4.01,128.22,82,5.0,17.0,5.8,5.164705882352941,0.8425724503525329,5.167071228374041,0.1297996552119379,0.0628167420190938,1.3511383881434549,7.8710176583602225,0.33377875893123704,0.15960263978279435,-0.33249486879393597,-0.02547111933920565,301656314526.8535,0.0029667615987436276,8.842698865988017e-05,0.739235010999201,10.704729306488405,7283.800379629631,7283.800379629631,7283.800379629631,43535.17270833333,Moderate (5.0-5.9)
1969-03-08 11:30:17.000,1969,4.0,128.3,44,5.0,10.0,5.8,5.08,0.788411893405665,4.52261731580886,0.1503981813586224,0.08952055811330657,1.33629071354847,7.41714263042516,0.4320541202967986,0.1575352045847101,0.06363636363636349,0.2494543326360361,206298322232.7916,0.004312849662788331,9.797783966128733e-05,-0.32444284226152503,5.618030217543021,15847.127997685187,43535.17270833333,43535.17270833333,43535.17270833333,Moderate (5.0-5.9)
1969-03-21 10:23:53.000,1969,8.54,127.41,29,5.2,3.0,6.1,5.566666666666666,0.49053693002164767,2.8998469206099178,0.16082619792674444,0.08274702250559432,0.8405699649740359,4.7640280760872455,0.4722381981451846,0.16833295601611226,0.18842282173954583,0.4323836508548098,323969292059.9459,0.03375897173202931,0.0030080850072550297,-0.9999999999999999,7.410849195313975,0.7534201388916699,11542.598113425927,17296.658159722225,17296.658159722225,Moderate (5.0-5.9)
1969-03-26 19:30:52.000,1969,8.8,127.5,7,5.0,4.0,6.1,5.475,0.6113604499547589,3.6038249954775208,0.19342162788039807,0.09675857953532617,1.0218693691841223,5.813593774166986,0.5403823014727211,0.18506110259289224,0.2052369420622373,0.41082489652404686,327485831526.48047,0.014652733475935207,0.0008597890156869469,-1.5491933384829664,10.01427552475536,6.133269675927295,11547.977962962963,43535.17270833333,43535.17270833333,Moderate (5.0-5.9)
1969-03-30 07:55:12.300,1969,4.42,128.06,76,5.2,3.0,5.8,5.466666666666666,0.4685958343117649,2.7841176418061475,0.12139620214926931,0.08684467055974956,0.8405699649740374,4.6799710795898495,0.3906213609673936,0.17954224139347902,-0.1414050188799294,0.2323836508548105,201407376676.11746,0.03928371006591949,0.003008085007254999,-2.1213203435596424,0.6251502945795441,54.42602893518415,12051.240072916666,12051.240072916666,12051.240072916666,Moderate (5.0-5.9)
1969-03-30 20:57:03.100,1969,4.66,127.52,97,5.1,3.0,5.8,5.333333333333333,0.5689391661997585,3.192180524817321,0.17895338471467065,0.10323769287842226,1.1329421267041366,6.141831888240346,0.7096164988462471,0.21183916477146061,0.1892410393547692,0.3788652893438913,175593720520.26624,0.019641855032959763,0.00039918445425918335,-1.4411533842457844,1.6935695497353283,54.968978009259445,4205.52497800926,4205.52497800926,4205.52497800926,Moderate (5.0-5.9)
1969-04-03 19:20:45.000,1969,3.9,128.1,65,5.0,3.0,5.6,5.266666666666667,0.8337334825539049,4.572956206971072,0.2819941396631974,0.0893267033479696,1.3714562586418488,7.334402547928907,0.7630438887732093,0.1749489297310582,0.11508629236872636,0.25210610858843197,123747775733.31131,0.003153548773936587,7.684776196487846e-05,-0.4472135954999578,0.4696204270933551,7312.532407407407,7312.532407407407,7312.532407407407,43535.17270833333,Moderate (5.0-5.9)
1969-04-07 03:39:48.300,1969,4.23,127.87,79,5.3,7.0,5.8,5.271428571428571,0.8600857018970904,4.988497071003124,0.1989530738069242,0.09289987354005261,1.4476482730108444,8.129831010984354,0.5636289741215331,0.16199017565167473,0.0,0.1841116916640333,218312225799.48947,0.0026287113137350468,4.539992976248326e-05,0.8429272304235247,3.1068609752929457,62.2486678240748,7315.878973379631,7315.878973379631,12059.062711805556,Moderate (5.0-5.9)
1969-05-28 03:41:05.000,1969,11.79,125.83,25,5.3,4.0,5.2,5.025,0.7781512503836432,4.287210498526129,0.14355566808800882,0.062342430608807224,1.5792526614663682,8.18247276636653,0.5912832008970307,0.18189701334741162,-0.30948224578763206,0.018769050692029943,75358772454.0635,0.0046296296296296415,1.8291192299407837e-05,-0.6324555320336758,8.01355519627422,9803.887800925924,9803.887800925924,43535.17270833333,43535.17270833333,Moderate (5.0-5.9)
1970-01-10 13:59:40.600,1970,6.74,126.86,88,5.4,4.0,5.9,5.075,0.46625700463176756,2.6255814648694935,0.15596113829274993,0.09571115408131545,0.5990268715906925,3.2377782263270096,0.25742947267463984,0.13645409563054672,0.26881067997449204,0.4949365881880796,209629123502.8845,0.03992353477034707,0.015955829438550995,-0.9999999999999998,6.798722616979547,3170.150539351853,10435.106037037036,12241.794763888889,16706.900469907407,Moderate (5.0-5.9)
1970-01-10 14:16:31.300,1970,6.71,126.84,81,5.5,5.0,5.9,5.140000000000001,0.5933248286567874,3.419639097715498,0.20258162365235366,0.07672264611119586,0.5603799766493576,3.1798078839150077,0.1807091820778142,0.09830766222147096,0.13648070575922144,0.2256218701320849,221793696986.8291,0.016596844080854215,0.020838193670452643,-1.0,8.078943075289343,3170.1622372685197,5220.803579861109,12241.806461805556,16706.912167824074,Moderate (5.0-5.9)
1970-01-10 15:12:19.000,1970,6.8,126.7,47,5.1,7.0,5.9,5.1571428571428575,0.8784945822716367,5.091103952621883,0.3283457023061224,0.09182752817175724,1.0218693691841245,5.813593774166998,0.4442668654577238,0.2202467807650877,0.1047406377200879,0.21082489652404757,240408859691.85,0.002314814814814825,0.0008597890156869346,-1.0,10.327096646634287,3170.200983796298,10435.156481481481,12241.845208333334,16706.95091435185,Moderate (5.0-5.9)
1970-01-10 16:30:49.000,1970,7.04,126.77,36,5.0,9.0,5.9,5.111111111111111,0.9431012576103408,5.457208446207873,0.3000463637391121,0.09461208419572392,1.240841376866435,7.027261026354838,0.519402760971577,0.27649913197231796,0.11354981538725095,0.23669673064806585,244430965507.67136,0.0014814814814814892,0.0001894418252328926,-1.0,11.777044454855098,4148.937557870369,10435.21099537037,12241.899722222222,16707.00542824074,Moderate (5.0-5.9)
1970-01-10 17:12:38.900,1970,7.0,127.0,96,5.0,10.0,5.9,5.1,0.9431012576103408,5.457208446207873,0.269330494476607,0.09461208419572392,1.240841376866435,7.027261026354838,0.4662312873973833,0.24985150666455497,0.11354981538725095,0.23669673064806585,246468044376.9784,0.0014814814814814892,0.0001894418252328926,-1.0,12.670543287852098,4148.966607638889,9726.753505787037,9726.753505787037,9726.753505787037,Moderate (5.0-5.9)
1970-01-11 05:02:05.000,1970,7.43,126.87,60,5.4,14.0,5.9,5.014285714285713,0.9431012576103408,5.457208446207873,0.2121387734728336,0.09461208419572392,1.240841376866435,7.027261026354838,0.3672281286058814,0.1873594804028481,0.11354981538725095,0.23669673064806585,250937439853.91953,0.0014814814814814892,0.0001894418252328926,-1.0,15.8529378831233,4149.459270833333,9727.24616898148,9727.24616898148,9727.24616898148,Moderate (5.0-5.9)
1970-01-11 21:02:22.300,1970,6.52,126.99,84,5.0,16.0,5.9,4.98125,0.9431012576103408,5.457208446207873,0.1924661921454234,0.09461208419572392,1.240841376866435,7.027261026354838,0.3331734147624595,0.1667824907208596,0.11354981538725095,0.23669673064806585,252627865130.20184,0.0014814814814814892,0.0001894418252328926,-1.3333333333333333,17.735450221130403,3171.444077546297,5222.085420138887,12243.088302083333,16708.19400810185,Moderate (5.0-5.9)
1970-01-12 04:25:01.100,1970,6.01,126.97,70,5.1,9.0,5.5,4.988888888888889,1.5051499783198932,8.328496546703407,0.5789550946270736,0.08689987451537572,2.171472409516257,11.809833766100143,1.2050191753519757,0.5686994994432053,-0.03333333333333233,0.0613705638880111,136499550694.63216,3.0517578125002683e-05,3.0590232050183034e-07,-1.2945509140105373,11.777044454855098,2425.5505914351816,4492.83606597222,4492.83606597222,4492.83606597222,Moderate (5.0-5.9)
1970-01-13 20:48:27.200,1970,7.09,126.79,74,5.3,19.0,5.9,4.973684210526316,1.1208274915837242,6.485146894825093,0.25370813623760663,0.11444441459248922,1.2408413768664381,7.106442272402479,0.31094915384391186,0.16457886043748857,0.11396517883264146,0.17288418577018305,264862396764.52954,0.00043402777777777965,0.00018944182523288853,-1.5963192957919312,19.215643437577604,4152.116472222224,9729.903370370372,9729.903370370372,9729.903370370372,Moderate (5.0-5.9)
1970-01-24 02:31:48.300,1970,9.02,126.45,53,5.3,3.0,5.3,5.2,2.385606273598338,12.664536372839242,0.7557266632048556,0.03606670660650738,2.895296546021672,15.243133639430189,1.113149032428996,0.18893301937488385,-0.008728650238097657,0.03520815669978283,85274834539.44255,6.969171937624396e-08,2.061153622438658e-09,2.1213203435596424,4.308100197271101,2875.300489583333,2875.300489583333,6519.649089120368,6519.649089120368,Moderate (5.0-5.9)
1970-04-12 04:01:44.600,1970,15.08,122.01,25,7.0,44.0,7.3,4.8999999999999995,0.4937173725232642,3.3575480281615264,0.045130414597444005,0.158241548304778,0.7896263307331853,5.062075005972764,0.11543984864845562,0.2517951489845062,0.4994533410846964,0.8892778533961545,3742049294228.3296,0.03302538448592547,0.004276820349208924,-2.0433828255310003,32.812709461875556,3.27628009259206,4.935861111109261,4.935861111109261,11922.668386574072,Major (>=7.0)
1970-04-12 05:18:09.100,1970,15.17,122.51,32,5.4,47.0,7.0,4.92127659574468,0.6602703737071486,4.36012492185739,0.07255082188914778,0.1570594304336277,0.9047801706317755,5.734452831759682,0.13623379748790362,0.21610222600503198,0.39645530757791114,0.6620485086940855,2047494011196.033,0.01045174676984504,0.0019304541362276976,-2.3480441111883996,33.93892357368036,0.053061342590808636,0.053061342590808636,0.053061342590808636,43535.17270833333,Moderate (5.0-5.9)
1970-04-12 14:22:38.200,1970,15.07,122.51,26,5.4,53.0,7.0,4.901886792452831,0.6394301099286236,4.229162060054006,0.06135075450289724,0.1558398492347704,0.9405103429751948,5.933000636254248,0.13272749393720332,0.23303337803607033,0.38604486340800204,0.691722073479923,2048419057656.9329,0.012070066704714865,0.001508234848225567,-2.4124160879117578,36.08623487004396,0.4311759259289829,0.4311759259289829,0.4311759259289829,43535.17270833333,Moderate (5.0-5.9)
1970-04-15 13:14:26.700,1970,15.11,122.71,50,6.0,39.0,7.0,4.882051282051282,0.574901147239091,3.7150685307168674,0.05916518695584829,0.2358655969021092,1.0472349209014575,6.361900033795417,0.19632161677294158,0.3904177614463227,0.5379003006723222,0.9250497602590384,2008126935174.5989,0.018849357798120286,0.00072159786119836,-1.2341604065181555,30.844644082556187,3.3838206018517667,3.3838206018517667,3.3838206018517667,43535.17270833333,Strong (6.0-6.9)
1971-03-19 16:52:50.900,1971,2.22,126.7,33,5.4,3.0,5.4,5.266666666666667,0.35218251811136225,2.1675973416542,0.038036641326066434,0.0556849454662704,1.3714562586418488,7.334402547928907,0.5768069626061558,0.22654871894669545,-0.7547556456757238,0.052106108588432676,107220097020.08028,0.08779149519890275,7.684776196487846e-05,0.6123724356957945,3.817433980804671,3067.304628472226,6888.82080902778,7538.0048020833365,43535.17270833333,Moderate (5.0-5.9)
1971-04-02 04:16:08.800,1971,8.94,125.68,31,5.0,3.0,5.5,5.333333333333333,0.9542425094393246,5.333527548370741,0.25170727994936115,0.08283624741336038,1.5328040537761836,8.294421928978197,0.6494586987710461,0.16736048491054623,-0.08927892607143662,0.0887265182107031,121263837141.07301,0.0013717421124828557,2.5210870330948685e-05,-0.44721359549995787,4.308100197271101,21814.005935185185,21814.005935185185,21814.005935185185,21814.005935185185,Moderate (5.0-5.9)
1972-06-07 12:01:18.700,1972,2.5,128.26,162,5.6,3.0,5.7,5.333333333333333,0.7262227698167665,4.032767421351057,0.2251267756820715,0.11838434572598897,1.5328040537761836,8.294421928978197,1.0029071068146294,0.22406776503093093,0.14692787260227913,0.2887265182107033,148328815431.47195,0.006627224619061287,2.5210870330948685e-05,-0.6123724356957945,6.539149811747721,427.29281597222143,427.29281597222143,7983.802346064816,43535.17270833333,Moderate (5.0-5.9)
1972-10-28 18:31:21.600,1972,2.45,128.57,80,5.4,3.0,5.7,5.433333333333334,1.0256360732154965,5.769580140032395,0.35153612104784754,0.0783451477904488,1.5328040537761836,8.447702334355817,0.785157280999174,0.1549326973968785,0.07463220073369303,0.18872651821070274,160424283826.87338,0.0008377062976308292,2.5210870330948685e-05,-0.9999999999999999,4.95782220511194,570.5636828703682,570.5636828703682,43535.17270833333,43535.17270833333,Moderate (5.0-5.9)
1972-12-02 01:37:45.200,1972,6.2,127.23,94,5.2,3.0,6.3,5.900000000000001,0.47917886305725566,3.0315264717552983,0.13972437045135946,0.08204495754794247,0.7896263307331841,4.741103440678857,0.37941989510623614,0.1678634247048033,-0.02650291044467501,0.29576324123253883,535835769098.58496,0.03651433627469015,0.004276820349208958,-0.9999999999999999,4.95782220511194,0.05408796296251239,5547.719909722222,5547.719909722222,5547.719909722222,Moderate (5.0-5.9)
1972-12-02 01:40:47.800,1972,6.45,126.62,54,5.9,4.0,6.3,5.7250000000000005,0.49848251678748823,3.1464813444239867,0.1464071734367402,0.07625076747244658,0.7552947511360899,4.52959269723563,0.336120830115147,0.15471601835843982,-0.012119760391489542,0.302880742356062,537969180435.30975,0.031956002733620786,0.005421453617662299,-0.9999999999999998,5.0564020833731655,0.056201388888439396,8128.774442129628,8128.774442129628,17763.387358796295,Moderate (5.0-5.9)
1972-12-02 01:40:51.500,1972,6.39,126.67,84,5.6,5.0,6.3,5.760000000000001,0.7074102276214922,4.4672194576447515,0.231917500513612,0.10376914852112416,0.7896263307331853,4.866042177287164,0.2889575832979789,0.12789167813413316,-0.014892382408397076,0.13753810138405953,575410963959.9104,0.007546912541501711,0.004276820349208924,-1.0,6.50052317917223,0.056244212963065365,6277.278813657405,8128.774484953703,17763.38740162037,Moderate (5.0-5.9)
1972-12-02 02:30:04.700,1972,6.25,127.73,50,5.0,4.0,5.4,4.875,0.32822294915292477,1.9292639457385383,0.07662164062579303,0.0997893591274241,0.4695075480035156,2.480090183342025,0.15678290863814662,0.16638054723770587,-0.47790692490445164,0.11767771596410181,90639310650.49927,0.10359317707300374,0.03903708281352973,-0.9999999999999998,7.343625335737808,5545.321721064818,5547.756246527781,5547.756246527781,5547.756246527781,Moderate (5.0-5.9)
1972-12-02 03:29:16.500,1972,6.12,127.42,33,5.0,10.0,6.3,5.35,0.8511347704319226,5.342686781708235,0.34617743690617325,0.08675340624778526,0.8863152691903095,5.48507245796369,0.37538641818680135,0.42514634462751333,0.022866263591841296,0.1113754229072903,589141605918.4299,0.0027963767892774547,0.0021930785764980197,-1.0,12.670543287852098,0.13153356481416267,5547.797355324074,5547.797355324074,5547.797355324074,Moderate (5.0-5.9)
1972-12-02 03:56:57.600,1972,6.2,127.59,48,5.6,7.0,5.4,4.914285714285714,1.2041199826559215,6.472144906775577,0.5562504175521749,0.0777256106610329,1.7371779276130073,9.16063742649032,1.1577623647645205,0.6892436901429789,0.025000000000000355,0.12671320486001303,104288916396.73561,0.0002441406250000056,6.144212353328218e-06,-1.0,10.327096646634287,4226.73198611111,5547.816581018516,5547.816581018516,5547.816581018516,Moderate (5.0-5.9)
1972-12-02 04:04:55.100,1972,6.11,127.49,33,5.0,11.0,6.3,5.190909090909091,0.7805190910810333,4.734702280151316,0.24155278699638502,0.13573167813443068,0.8685889638065052,5.207954965796821,0.29913939179406396,0.29380951951856127,0.23390586565452764,0.3041202653859729,505953057924.62286,0.004554521187665546,0.002478752176666332,-0.9999999999999999,13.519985225907256,0.15634143518400379,5547.822107638887,5547.822107638887,5547.822107638887,Moderate (5.0-5.9)
1972-12-02 04:31:47.100,1972,6.21,127.4,65,5.3,14.0,6.3,5.285714285714286,0.8755124529810802,5.500007125995728,0.272156468598175,0.08388395019911928,0.8685889638065036,5.419752598785763,0.2678691006391403,0.3373176365097203,0.017956715214668684,0.06027922916008155,601474163716.388,0.002362994120586158,0.0024787521766663602,-1.0,15.8529378831233,0.17494328703469364,5547.840765046294,5547.840765046294,5547.840765046294,Moderate (5.0-5.9)
1972-12-02 04:48:37.500,1972,6.18,127.16,33,5.1,15.0,6.3,5.286666666666666,0.9162536716383077,5.744110742614619,0.2774987585385596,0.07716922126626521,0.9418434547299452,5.851828474035041,0.29321557584533536,0.3856986052791237,0.03087287896608437,0.08683533378385544,604349681991.1913,0.0017833598509767682,0.0014944095553797807,-1.0,16.128217399221132,0.1866377314836427,5547.852459490743,5547.852459490743,5547.852459490743,Moderate (5.0-5.9)
1972-12-02 05:04:03.000,1972,5.76,127.19,33,5.0,15.0,6.3,5.266666666666667,0.8561324277246682,5.381973543600724,0.2427230630263037,0.08616878727553692,0.8908604756989784,5.535564460626632,0.26281402183960567,0.33124592145475507,0.01362026561203411,0.08627224843107939,601252047621.29,0.00270148597265242,0.0021252918309012056,-1.0,16.571162571721665,0.1973495370366436,5547.863171296296,5547.863171296296,5547.863171296296,Moderate (5.0-5.9)
1972-12-02 05:48:19.500,1972,5.62,127.31,33,5.4,11.0,5.6,5.0,1.2552725051033111,6.934101777634609,0.4260193447959883,0.09948488590379297,2.0044360703226998,10.900188820397702,1.0862698013184737,0.8981536972580372,0.07601875334318642,0.16196733745524217,156944823361.08798,0.0001714677640603506,9.698214581498479e-07,-0.9999999999999999,14.014946863452684,1397.3379178240757,5547.893917824076,5547.893917824076,5547.893917824076,Moderate (5.0-5.9)
1972-12-02 09:54:21.700,1972,5.9,127.2,80,5.1,19.0,6.3,5.247368421052633,0.9684874984348429,6.05867993229211,0.2498530362627911,0.07347705762793035,0.9870329134164825,6.132571149765709,0.25951344501182105,0.37238449639172233,0.04418364503058125,0.08686255908262108,611278060641.6328,0.0012431899903028636,0.0010937076750024452,-1.0000000000000002,19.215643437577604,0.39895486111345235,5548.064776620373,5548.064776620373,5548.064776620373,Moderate (5.0-5.9)
1972-12-02 10:16:26.800,1972,5.8,127.36,88,5.0,14.0,5.6,5.028571428571428,1.6812412373755903,9.35474493017051,0.6261983629380617,0.06535701756106538,1.930197697347789,10.639088017536466,0.8253828612266669,0.8572065062459974,0.035810446350208025,0.08808376874802448,179036328377.18893,9.042245370370178e-06,1.6195967923125758e-06,-1.0,15.8529378831233,4226.995518518521,5548.080113425927,5548.080113425927,5548.080113425927,Moderate (5.0-5.9)
1972-12-02 10:36:04.400,1972,6.05,127.03,33,5.0,21.0,6.3,5.2285714285714295,0.9684874984348429,6.05867993229211,0.22730934157604774,0.07347705762793035,0.9870329134164825,6.132571149765709,0.23609811270704123,0.34705797492026785,0.04418364503058125,0.08686255908262108,613330603076.5411,0.0012431899903028636,0.0010937076750024452,-1.0,19.607263974603917,0.42792129629742703,5548.093743055557,5548.093743055557,5548.093743055557,Moderate (5.0-5.9)
1972-12-02 11:26:55.500,1972,5.71,127.23,68,5.6,17.0,5.6,5.0588235294117645,1.0969100130080591,6.399356318585841,0.23737122975535044,0.0403603756972845,1.6084980811231575,9.063160026176439,0.5104193994814027,0.6646275771799508,-0.23398477787331906,-0.03454823635720761,214654725605.93427,0.0005119999999999901,1.4945338524781163e-05,-1.0,18.400674203203266,4227.044461805555,5548.129056712962,5548.129056712962,5548.129056712962,Moderate (5.0-5.9)
1972-12-02 18:15:52.300,1972,6.02,127.04,77,5.1,25.0,6.3,5.196000000000001,1.0368471430499369,6.477489526052113,0.2330392045370936,0.0783743081772663,0.9849977940073762,6.163381213996582,0.21031489629341515,0.32665691084065235,0.05270543062089228,0.04274617517526469,624538479628.1256,0.0007752799826625931,0.001109191717504124,-1.0000000000000002,22.26749312670157,0.7472256944456603,5548.413047453705,5548.413047453705,5548.413047453705,Moderate (5.0-5.9)
1972-12-02 21:00:30.800,1972,5.88,127.23,64,5.0,25.0,6.3,5.184,0.9906360987278846,6.199231258318371,0.21200986566286853,0.08202649525432958,0.9441184389201127,5.909415882384586,0.19256649731398517,0.28562190276598665,0.04217104920863246,0.04081085722273947,621541470203.0331,0.0010668213630104213,0.0014711084268870243,-1.0000000000000002,22.6720385851089,0.8615601851852261,5548.527381944445,5548.527381944445,5548.527381944445,Moderate (5.0-5.9)
1972-12-03 01:01:46.900,1972,5.72,126.92,62,5.1,28.0,6.3,5.135714285714285,0.9906360987278846,6.199231258318371,0.1994706119842713,0.08202649525432958,0.9441184389201127,5.909415882384586,0.18117721525265573,0.2605741108671447,0.04217104920863246,0.04081085722273947,622484253134.2971,0.0010668213630104213,0.0014711084268870243,-1.0877033564117085,23.461795337438275,1.0291076388893998,5548.694929398149,5548.694929398149,5548.694929398149,Moderate (5.0-5.9)
1972-12-03 01:26:57.800,1972,5.57,127.47,60,5.0,25.0,5.6,4.9959999999999996,1.0969100130080591,6.399356318585841,0.17968844026429706,0.0403603756972845,1.6084980811231575,9.063160026176439,0.3863840865128479,0.5571813239472747,-0.23398477787331906,-0.03454823635720761,228315263308.54724,0.0005119999999999901,1.4945338524781163e-05,-1.0000000000000002,24.013732491980193,1398.1564166666649,5548.712416666665,5548.712416666665,5548.712416666665,Moderate (5.0-5.9)
1972-12-03 03:04:33.100,1972,5.97,127.22,65,5.0,34.0,6.3,5.111764705882353,1.0368471430499369,6.477489526052113,0.18579938374680888,0.0783743081772663,0.9849977940073762,6.163381213996582,0.16768156328765121,0.25869122328786204,0.05270543062089228,0.04274617517526469,630158329922.6494,0.0007752799826625931,0.001109191717504124,-1.3926942648823688,27.100746786743613,1.1143645833326445,5548.780186342592,5548.780186342592,5548.780186342592,Moderate (5.0-5.9)
1972-12-03 07:45:02.600,1972,6.54,126.78,82,5.3,27.0,6.3,5.12962962962963,0.9162536716383077,5.744110742614619,0.17116482821893075,0.07716922126626521,0.9418434547299452,5.851828474035041,0.1808591646859848,0.2467097433607431,0.03087287896608437,0.08683533378385544,613499406996.4841,0.0017833598509767682,0.0014944095553797807,-1.5132918938595232,22.58167660175842,1.3091504629628616,6278.531719907405,13299.534601851852,17764.64030787037,Moderate (5.0-5.9)
1972-12-03 09:25:20.600,1972,6.2,127.2,68,5.0,36.0,6.3,5.11388888888889,1.0657804152467716,6.650818012138086,0.18594835745130328,0.07591248561394806,1.042306756567806,6.4991763802002165,0.17784758885361146,0.29142753499358554,0.05967327134815914,0.06462222925500072,633693056041.668,0.0006348319183276365,0.0007465858083766711,-1.5458571237603158,27.99545632975874,1.3788032407392166,5549.044624999999,5549.044624999999,5549.044624999999,Moderate (5.0-5.9)
1972-12-03 19:25:32.400,1972,5.79,127.27,58,5.3,34.0,6.0,5.029411764705882,1.3579423446684207,8.01017468725406,0.25981573906397937,0.13944297115677967,1.240841376866435,7.355465146697406,0.2169378480539782,0.34694927606069875,0.1012409556975955,0.0721954604120576,367223704883.6666,8.436706986813305e-05,0.0001894418252328926,-1.4924343564409002,27.100746786743613,1.7956064814825368,5549.461428240742,5549.461428240742,5549.461428240742,Moderate (5.0-5.9)
1972-12-03 20:35:46.300,1972,5.47,127.41,66,5.2,31.0,5.6,4.990322580645161,1.352182518111366,7.813046097954834,0.2302146831866301,0.05741296109086394,1.7371779276130135,9.811476473971315,0.37997147201210113,0.622373047878863,-0.17810021450917102,-0.04793986730701327,243816462700.90155,8.779149519890051e-05,6.144212353327941e-06,-1.4966941037143295,27.404198322966153,1398.954200231481,5549.510200231482,5549.510200231482,5549.510200231482,Moderate (5.0-5.9)
1972-12-05 06:03:07.300,1972,5.77,126.95,77,5.1,43.0,6.3,5.058139534883722,1.0649566229393432,6.644145386310499,0.16634830781851295,0.07686504166685866,1.1405713666145996,7.044914458702755,0.19080927403133563,0.3191698130748646,0.061111726811684086,0.12334620619733627,635922227287.0311,0.0006384547629169168,0.0003786917990633384,-2.250722867137919,29.92527429891293,3.238371527779236,5550.904193287039,5550.904193287039,5550.904193287039,Moderate (5.0-5.9)
1972-12-05 15:17:45.700,1972,6.01,127.7,44,5.2,38.0,5.6,4.971052631578948,1.4860760973725926,8.54946078389158,0.23920283627106775,0.06021417575782809,1.9613299182727493,11.044013615032554,0.41666357268116805,0.743097469666786,-0.15304373645950609,-0.030880104433677502,255905741114.86584,3.4815425545477584e-05,1.3062017015926391e-06,-2.0254068053782994,29.621803864433566,4230.204765046299,5551.289359953706,5551.289359953706,5551.289359953706,Moderate (5.0-5.9)
1972-12-06 10:23:59.100,1972,6.1,126.97,80,5.2,50.0,6.3,5.0520000000000005,1.1297514819159906,7.032683461341153,0.1650500790784227,0.07338071880939868,1.2408413768664381,7.629321017682816,0.1991051214735605,0.3680778891522236,0.07501727245876655,0.1514937042561062,644950785431.8883,0.0004080802290172234,0.00018944182523288853,-2.294962730107892,32.97540972293127,4.419526620367833,5552.085348379627,5552.085348379627,5552.085348379627,Moderate (5.0-5.9)
1972-12-07 14:00:49.200,1972,6.03,127.48,56,5.4,49.0,5.6,4.977551020408163,1.6505537971236823,9.6414515926439,0.2742399354629195,0.054922718148611244,1.8691154917355208,10.762937929229432,0.3516767069589916,0.7423874033605595,-0.2413434384540878,-0.1583054534718844,305339127188.8672,1.1177343778909914e-05,2.4697530179338252e-06,-2.5682978499686997,33.251983274462475,4232.151333333335,5553.2359282407415,5553.2359282407415,5553.2359282407415,Moderate (5.0-5.9)
1972-12-07 14:50:15.000,1972,3.75,128.49,53,5.4,3.0,5.7,5.3,0.6842962795654142,3.7958827514309172,0.22419568125690417,0.09756609539998749,1.240841376866435,6.681328139051837,0.7371763923041442,0.19440098754961152,0.15286659480068643,0.3154856989661621,146587435474.07965,0.008853421915680868,0.0001894418252328926,0.6123724356957945,7.410849195313975,366.35212037037127,43535.17270833333,43535.17270833333,43535.17270833333,Moderate (5.0-5.9)
1972-12-08 08:12:55.900,1972,6.12,127.34,74,5.1,54.0,6.3,5.05,1.1750677584798397,7.305193270894909,0.16889907393392328,0.0753849230733326,1.2739304802495424,7.839468130094874,0.19851480675312363,0.3863468454932626,0.08317274201661018,0.14623552726421263,651405987106.1456,0.0002983985610690899,0.0001507330750954728,-2.8239114439388415,35.07118254599188,6.328517361111153,5553.994339120371,5553.994339120371,5553.994339120371,Moderate (5.0-5.9)
1972-12-08 09:15:36.600,1972,5.88,127.17,90,5.0,55.0,6.3,5.032727272727273,1.1510976208693182,7.159696561741157,0.16189155690785428,0.0760599135278502,1.3270109169266069,8.110178357147902,0.21515372943442793,0.4103264321308189,0.08011349173487403,0.18838610617364449,648597273399.1265,0.0003521333329902129,0.00010446414383170236,-3.038411267675282,35.42411339270859,6.37204398148242,5554.037865740742,5554.037865740742,5554.037865740742,Moderate (5.0-5.9)
1972-12-08 10:18:12.800,1972,5.69,127.36,64,5.0,48.0,5.6,4.96875,1.9395574877209925,11.074364428589897,0.3589668026242495,0.06297700204952242,2.1714724095162667,12.278629271188887,0.4499431092568255,0.8982718298005851,-0.10973765856377504,-0.05451774444795543,282957567346.05975,1.5181949302372424e-06,3.059023205018097e-07,-3.3997835854791765,33.21874169953137,1403.525340277778,5554.0813402777785,5554.0813402777785,5554.0813402777785,Moderate (5.0-5.9)
1972-12-08 13:12:57.000,1972,6.11,127.15,66,5.0,60.0,6.3,5.023333333333335,1.1613973138550737,7.224081966121293,0.15544386071130134,0.07801370505430501,1.3302713860099615,8.147860128630073,0.203935315353934,0.4014888904491745,0.07983582367510245,0.1750391729698837,654452129499.8365,0.0003279503195698755,0.00010213764545046613,-2.912712877702506,37.139682283579525,6.536863425924821,5554.202685185184,5554.202685185184,5554.202685185184,Moderate (5.0-5.9)
1972-12-08 16:55:40.400,1972,7.24,127.12,57,5.4,6.0,6.3,5.25,0.5353234674062961,3.2078234445439073,0.1638972739943098,0.13147373029467335,0.5428681023790649,3.207826882747474,0.16854963417413416,0.12781772544783274,0.3076913495196063,0.39096451110408736,479855626597.05774,0.024775909031920878,0.02351774585600909,-1.4411533842457844,9.247754350163097,6.691587962966878,10789.741717592595,10789.741717592595,10789.741717592595,Moderate (5.0-5.9)
1972-12-08 19:38:56.700,1972,6.12,127.04,73,5.1,61.0,6.3,5.022950819672133,1.1613973138550737,7.224081966121293,0.15287896948823126,0.07801370505430501,1.3302713860099615,8.147860128630073,0.20057029406565804,0.3976699437734375,0.07983582367510245,0.1750391729698837,655215681899.3829,0.0003279503195698755,0.00010213764545046613,-2.6940912082243003,37.16847918534021,6.804915509259445,5554.470737268519,5554.470737268519,5554.470737268519,Moderate (5.0-5.9)
1972-12-08 20:17:12.900,1972,5.67,127.29,63,5.4,53.0,5.6,4.958490566037736,1.875061263391704,10.721785068923117,0.3144983658782807,0.06866568025602397,2.2857604310697526,12.885954241562715,0.46735714878761786,0.9498558578823962,-0.11809853803337589,-0.037491167668868286,289757896027.7498,2.3703703703703017e-06,1.3890526482307858e-07,-3.2234880893826965,35.044403170479384,1403.9413136574076,5554.497313657408,5554.497313657408,5554.497313657408,Moderate (5.0-5.9)
1972-12-08 20:43:16.000,1972,5.69,127.37,65,5.3,54.0,5.6,4.966666666666667,2.0247934233387674,11.57138863019664,0.3680422770715853,0.08131742679993599,2.221971767877114,12.595645878119218,0.44321386614025676,0.9319613005044192,-0.114848980058464,-0.06867953059240683,298676602553.54156,8.42596653607947e-07,2.1581652547885973e-07,-3.0124224133876876,35.398452111815295,1403.9594050925916,5554.515405092592,5554.515405092592,5554.515405092592,Moderate (5.0-5.9)
1972-12-09 00:07:45.800,1972,5.65,127.45,68,5.1,55.0,5.6,4.972727272727273,2.158362492095254,12.311817703055082,0.4156310423640607,0.08386687897616518,2.2658842534082835,12.8617793637707,0.45807295195686665,0.9794401152201051,-0.10424001906336411,-0.07627377454269801,304425822520.77704,3.348979766803732e-07,1.593482285221906e-07,-2.6585253448755752,36.423732135511464,1404.1014166666646,5554.657416666665,5554.657416666665,5554.657416666665,Moderate (5.0-5.9)
1972-12-09 04:56:44.800,1972,7.33,127.06,71,5.0,5.0,5.4,5.18,,,,,,,,,,,128237792534.3572,,,-0.40824829046386296,8.078943075289343,5212.4555648148125,10790.24246296296,10790.24246296296,10790.24246296296,Moderate (5.0-5.9)
1972-12-09 06:03:41.300,1972,7.34,126.78,92,5.0,7.0,6.3,5.314285714285715,-0.0,0.0,0.0,0.0,,,,,,,486025816010.8772,1.0,,-0.27386127875258304,9.829789549278047,7.23882060185133,10790.28895023148,10790.28895023148,10790.28895023148,Moderate (5.0-5.9)
1972-12-09 07:27:49.000,1972,7.18,126.85,93,5.1,13.0,6.3,5.292307692307691,0.7374013964900361,4.6779491884484905,0.19440158977628375,0.08870039560264169,0.5714401077674368,3.742912517283697,0.11674366916655637,0.11120059464767156,-0.043830118460726375,-0.24996467067547457,595267040565.1921,0.006134735044190724,0.019305438773144085,-0.14142135623730953,15.107151690449605,7.297187500000291,10790.347372685184,10790.347372685184,10790.347372685184,Moderate (5.0-5.9)
1972-12-09 12:55:47.500,1972,7.41,126.92,66,5.2,8.0,5.4,5.05,0.8337334825539015,4.850867367822354,0.18128194692633992,0.05796323495399783,0.9650988486738925,5.4106257240183275,0.24290903337489267,0.12954866382106345,-0.41824704096460685,-0.2062917611526247,133634468239.10951,0.0031535487739366612,0.0012726338013398116,-1.161895003862225,11.332878441396392,5212.788234953703,10790.575133101851,10790.575133101851,10790.575133101851,Moderate (5.0-5.9)
1972-12-09 13:25:33.900,1972,6.19,127.32,44,5.3,64.0,6.3,5.0453125,1.212242594132009,7.529859741027492,0.1569897065713799,0.08310481967308717,1.3868227153213075,8.490231720623628,0.20546317341743853,0.44006595343936505,0.08848773547754352,0.1779256881031399,664053445916.5597,0.00023081935207754315,6.910856163461088e-05,-0.6123724356957946,38.45825302572712,7.545623842594068,5555.2114456018535,5555.2114456018535,5555.2114456018535,Moderate (5.0-5.9)
1972-12-11 02:28:02.600,1972,6.05,126.64,96,5.2,59.0,6.3,5.027118644067797,1.1891872522004978,7.381549220366104,0.16547107491043336,0.08674456533174778,1.3714562586418488,8.374638160785036,0.2200825044594523,0.43558193675320567,0.09277804508320653,0.19361628705648393,651091660996.2363,0.00027066882859402657,7.684776196487846e-05,0.5697226227186245,35.324096029569574,9.089011574073083,839.5657407407416,839.5657407407416,839.5657407407416,Moderate (5.0-5.9)
1972-12-12 04:54:38.400,1972,6.26,127.01,53,5.0,67.0,6.3,5.035820895522388,1.2383891550407145,7.6863215426824265,0.16395552041602868,0.08757624303152256,1.4829567674745192,9.03359448560142,0.23510872393997778,0.5064495310752803,0.09329065391425839,0.20838985752385497,668172920816.8584,0.0001926781797674838,3.557375400616358e-05,1.0099123126179708,38.83603740069011,10.190814814817713,6287.41338425926,13308.416266203707,17773.521972222225,Moderate (5.0-5.9)
1972-12-12 17:46:47.800,1972,6.47,126.49,3,5.3,37.0,6.3,5.043243243243243,0.9032852487890098,5.654054719869087,0.13340105106245156,0.08418895702824385,1.2094276711229788,7.330416574997715,0.2391493567495677,0.364093744457747,0.04056564363339188,0.23893760658603824,614130017370.7727,0.0019504923604303397,0.00023535150868548438,1.0673920754327482,26.73223184729908,10.727034722222015,841.2037638888905,841.2037638888905,841.2037638888905,Moderate (5.0-5.9)
1972-12-12 18:00:41.800,1972,6.67,126.53,41,5.4,35.0,6.3,5.088571428571429,0.9688185908787749,6.048348425233062,0.14987259292167335,0.08557697580483904,1.3284301799393596,8.021780287991508,0.28178298159813275,0.26501825766403464,0.05698558824427824,0.26145886390680495,617346965774.9504,0.0012403499325362448,0.00010344498957618565,0.42666009299143076,26.481697368205566,10.736687500000698,8139.454928240741,8139.454928240741,17774.067844907408,Moderate (5.0-5.9)
1972-12-16 15:22:22.200,1972,6.11,126.62,14,5.8,46.0,5.4,4.891304347826088,2.1938200260161165,12.406630761776434,0.5449366351176721,0.08933584829016288,2.2857604310697632,12.833469457511475,0.5915690350158489,1.0332722766156641,-0.25526370196663084,-0.21452953820941634,245294800654.58466,2.621439999999931e-07,1.3890526482306836e-07,2.8754030297911384,25.1724630425308,14.626738425926305,845.1034675925948,845.1034675925948,845.1034675925948,Moderate (5.0-5.9)
1972-12-16 23:48:25.700,1972,5.52,126.52,64,5.0,30.0,5.8,4.916666666666667,1.587226210680852,8.99390635158642,0.38703922551871184,0.15358490033869496,1.974065826832965,11.067735716848123,0.5986880502225357,0.761251290941242,0.13356991519915695,0.19343127954130956,248425984560.12576,1.7310968573642808e-05,1.1961964783592542e-06,2.0265615884195958,19.789288195450435,14.978167824076081,845.4548969907446,845.4548969907446,845.4548969907446,Moderate (5.0-5.9)
1972-12-17 00:12:10.500,1972,6.11,127.4,56,5.4,40.0,5.8,4.9725,1.889819782222447,10.731667656493766,0.4011097277113306,0.19503945497176836,2.4498663081721963,13.780697487653647,0.6740733902581233,0.8614932530158194,0.12132748453229869,0.17491856527665295,286211254926.51215,2.1406252965276166e-06,4.470962996474037e-08,2.843208106229535,22.319840535017597,14.994658564814017,5562.660480324073,5562.660480324073,5562.660480324073,Moderate (5.0-5.9)
1972-12-17 03:15:24.000,1972,5.68,126.57,33,5.1,40.0,5.8,4.885,1.6857357231247299,9.56203558511272,0.3748396508016213,0.19163870560444626,2.368878992199564,13.272413268877058,0.7402054820709346,1.017490936864567,0.12767814436046532,0.19717549415502766,268447271530.11728,8.765825694942628e-06,7.822814343739539e-08,1.9837395676007419,22.670275515339288,15.121898148147011,845.5986273148155,845.5986273148155,845.5986273148155,Moderate (5.0-5.9)
1972-12-18 10:03:03.200,1972,6.56,126.46,33,5.1,20.0,5.8,4.975,1.3748659155293654,7.790545644848993,0.3321150396700056,0.13110029267570483,1.930197697347789,10.747098243465668,0.6545931229068912,0.5959170967090986,0.13359605700211574,0.23212565312203726,227940176487.29712,7.505891001412751e-05,1.6195967923125758e-06,0.6729265849104531,13.82077402738075,16.404990740742505,846.881719907411,846.881719907411,846.881719907411,Moderate (5.0-5.9)
1972-12-19 15:22:30.000,1972,6.14,126.98,66,5.2,34.0,5.8,4.961764705882352,1.9661249922571096,11.185410313318098,0.5630851889502457,0.20595473795100575,1.974065826832973,11.26514229953146,0.5676427790201226,0.6607979711260485,0.11093630498167961,0.0934312795413117,283055188146.26117,1.2636448252558735e-06,1.1961964783591881e-06,2.215646837627989,16.998288390064694,17.62682870370554,5565.292650462965,5565.292650462965,5565.292650462965,Moderate (5.0-5.9)
1972-12-28 05:54:10.600,1972,5.58,127.13,70,5.8,13.0,5.8,4.853846153846154,0.9510122817609112,5.4000289075404435,0.25652121994494326,0.0742670874729236,0.8405699649740374,4.820864348319898,0.20040049091578385,0.0926473589700994,0.12180949593873347,0.06476730170962064,198930363033.58246,0.0014026946957390663,0.003008085007254999,2.381569860407206,5.666513601497993,1423.3419814814806,5573.897981481481,5573.897981481481,5573.897981481481,Moderate (5.0-5.9)
1973-01-07 22:17:02.600,1973,5.68,127.3,79,5.1,6.0,5.8,4.816666666666667,-0.0,0.0,0.0,0.0,,,,,,,169601527364.9879,1.0,,0.6928203230275508,1.5782679446834809,4263.49593287037,5584.580527777776,5584.580527777776,5584.580527777776,Moderate (5.0-5.9)
1973-01-18 10:18:17.300,1973,6.43,127.09,60,5.0,3.0,5.1,4.8999999999999995,1.4313637641589898,7.204530946266909,0.47122451182989983,0.15087898849914927,2.895296546021689,14.374544675623769,1.9280306805631766,0.26582718236596586,0.06666666666667087,0.13520815669978425,48852767709.890656,5.080526342528996e-05,2.0611536224384135e-09,2.1213203435596424,-0.30620430701093254,47.41557060185005,6324.638140046292,13345.64102199074,17810.746728009257,Moderate (5.0-5.9)
1973-01-19 08:05:09.600,1973,5.94,126.84,63,5.2,4.0,5.1,4.925,1.806179973983882,9.241620866884192,0.5627443519775217,0.07772561066103267,2.48168275373287,12.514137209245739,1.062384252555215,0.17522630780719206,-0.01666666666666483,0.05739848680401938,58194440567.08981,3.814697265625139e-06,3.588820514756982e-08,1.1547005383792517,0.025300920190116573,48.323120370369,5595.988942129628,5595.988942129628,5595.988942129628,Moderate (5.0-5.9)
1973-03-03 00:44:36.400,1973,3.59,126.3,112,5.1,3.0,5.0,4.8,1.4313637641589843,7.06139456985099,0.47122451182989616,0.15087898849914974,2.895296546021689,14.0850150210216,1.9280306805631766,0.25744186569946476,0.06666666666666554,0.13520815669978425,39709020393.67527,5.0805263425291934e-05,2.0611536224384135e-09,-0.6123724356957945,4.95782220511194,4148.420097222224,4461.03686226852,12327.882851851855,22112.231115740742,Moderate (5.0-5.9)
1973-03-07 03:09:11.500,1973,5.5,126.63,81,5.2,4.0,5.3,5.1000000000000005,1.3802112417116077,7.3753255802043185,0.3999708433568573,0.06234243060880734,1.7371779276130073,9.1142318366317,0.6336155371838889,0.12409783816191722,-0.04362085839710783,0.05342640972002677,86133208493.01201,7.23379629629622e-05,6.144212353328218e-06,1.1547005383792517,0.594405666954682,3575.497934027775,5642.783408564814,5642.783408564814,5642.783408564814,Moderate (5.0-5.9)
1973-03-09 10:06:37.700,1973,6.27,127.34,55,6.0,3.0,5.3,5.166666666666667,1.4313637641590007,7.641318696930761,0.4155809566599162,0.07137846678465172,2.0044360703226998,10.499301606333162,0.8149669936305562,0.14894548736581004,-0.038488292261908974,0.06196733745524252,82208492002.30505,5.0805263425286114e-05,9.698214581498479e-07,0.44721359549995787,-0.3991619679744245,97.40747337962966,5645.073295138889,5645.073295138889,5645.073295138889,Strong (6.0-6.9)
1973-03-12 12:39:02.000,1973,4.16,126.49,37,5.5,3.0,5.1,4.866666666666667,1.2552725051033058,6.306465525082925,0.4355663194183811,0.09948488590379298,2.0044360703226998,9.897970785236351,1.1106128044072874,0.17834823043065443,0.0760187533431882,0.16196733745524217,47312580050.01458,0.00017146776406035688,9.698214581498479e-07,0.6123724356957945,4.308100197271101,4157.916226851852,12337.378981481483,12337.378981481483,13494.437175925927,Moderate (5.0-5.9)
1973-03-16 01:09:07.400,1973,2.04,126.39,33,5.2,3.0,6.0,5.366666666666667,0.3678818936174715,2.152763218308296,0.11692981655646209,0.07697720789037205,0.6059923003301187,3.325285066271221,0.3172799686762353,0.1640532310489917,0.14822187322225755,0.5126611931211871,261977503234.209,0.07876881629971932,0.015206284059065848,-0.44721359549995787,5.375620014486486,0.01204166666866513,7616.165444444447,43535.17270833333,43535.17270833333,Moderate (5.0-5.9)
1973-03-16 02:12:23.300,1973,2.01,126.55,47,5.5,4.0,6.0,5.325,0.5390334901637734,3.1402381906800625,0.17968153630918296,0.08791701174906508,0.6433992324492621,3.6260363838394944,0.2559959129123494,0.12371441863584573,0.1743170916412442,0.364251306244074,266313874692.24658,0.02414902101884976,0.011743628457021352,-0.6324555320336758,6.798722616979547,0.05597569444216788,7616.20937847222,12575.22520023148,43535.17270833333,Moderate (5.0-5.9)
1973-03-18 11:06:14.700,1973,2.03,126.59,33,6.0,5.0,6.0,5.36,0.72983827782201,4.282911319997884,0.25873104315161605,0.10254061076659257,0.6433992324492621,3.7547162303293473,0.2010741966813129,0.114563351053883,0.13169814444511463,0.16425130624407291,280831554852.44196,0.0064637591644768535,0.011743628457021352,-0.7276068751089989,7.601202965865766,2.4267094907409046,7618.580112268519,12577.595934027779,43535.17270833333,Strong (6.0-6.9)
1973-03-18 11:23:43.800,1973,2.15,126.79,32,5.2,6.0,6.0,5.466666666666666,,,,,,,,,,,376778577746.744,,,-0.9797958971132713,8.757171500436238,0.012142361108999467,7618.592254629628,8267.776247685184,43535.17270833333,Moderate (5.0-5.9)
1973-03-22 22:39:15.500,1973,5.95,126.32,102,5.1,4.0,4.8,4.75,,,,,4.3429448190325335,21.01390064078087,1.2522926614826297,0.13326448623926973,,-0.038629436111989435,38076737847.47914,,9.357622968839192e-14,1.921537845661046,0.7312992101722349,110.93013310185052,941.406862268519,941.406862268519,941.406862268519,Moderate (5.0-5.9)
1973-04-11 04:25:40.600,1973,11.82,122.31,21,5.0,4.0,5.4,5.125,0.6694226204453784,3.7696598584409804,0.1595353408390493,0.08867371071975895,0.9143041724278993,4.899289601739089,0.29760316174628276,0.15668765440437454,-0.231210752831986,0.041510178468052494,102554412414.9318,0.009811426135806076,0.0018075381933252185,-0.6324555320336758,10.01427552475536,3926.6563645833303,7947.945377314814,43535.17270833333,43535.17270833333,Moderate (5.0-5.9)
1973-07-08 00:02:46.400,1973,12.29,125.63,47,5.3,10.0,6.5,5.26,0.3262912540413794,2.016690460462202,0.04260111823399849,0.14550371529365289,1.2408413768664381,7.302603426406729,0.6160878822803344,0.4076172524871758,0.31935483870968095,0.6147969736080396,727318504922.3977,0.10498475471149368,0.00018944182523288853,-1.2874232262686236,14.339056225633078,4.708119212962629,4.708119212962629,17403.490814814813,43535.17270833333,Moderate (5.0-5.9)
1973-09-23 16:40:34.800,1973,9.94,126.35,46,5.2,7.0,5.8,5.014285714285714,0.8000623695908142,4.503284419253018,0.24133227377074346,0.08330900235996615,0.9650988486738925,5.314115839150939,0.3511650707399587,0.11688640164497888,0.17133329798252017,0.2937082388473744,184485017706.27008,0.003979356894430432,0.0012726338013398116,-1.2499999999999996,11.550178181211193,2227.050304398148,6068.093655092594,7858.238516203703,7858.238516203703,Moderate (5.0-5.9)
1973-09-24 10:41:10.500,1973,9.82,126.56,45,5.0,9.0,5.8,5.0,0.9241117390777396,5.212121927803464,0.2598339136023774,0.1097138997944567,1.0592548339103722,5.889318690496843,0.3413876212660238,0.11976151985976774,0.1598574637682404,0.24013045590201987,191347831346.90454,0.0016891366408518065,0.0006641030858712658,-1.3907589749182958,13.466946939030386,2227.8007175925923,6068.844068287039,7858.988929398147,7858.988929398147,Moderate (5.0-5.9)
1973-09-30 10:09:28.500,1973,9.92,126.12,77,5.2,10.0,5.4,4.96,1.4884328612978948,8.141651318422706,0.46947423183829035,0.07265386308675402,1.4476482730108444,7.871627788136782,0.44409856897985744,0.17044513812770168,-0.06994864875751805,-0.037527840768414755,123773099380.59824,3.425322096030875e-05,4.539992976248326e-05,-0.7604691006293736,13.721128658167556,2233.7787037037015,6074.822054398148,7864.966915509256,7864.966915509256,Moderate (5.0-5.9)
1973-10-02 21:18:18.600,1973,9.87,126.15,71,5.8,11.0,5.3,4.9363636363636365,1.9120448296448738,10.276078489268437,0.6340529258661248,0.1129067957307462,1.8424614383774316,9.873159088063673,0.5887435797478028,0.26814118305871654,-0.07439202781507248,-0.058678820848753865,114119527814.29292,1.8359697064997944e-06,2.9690375132845593e-06,1.492405014489273,14.560224270991137,2236.243172453702,6077.286523148148,7867.431384259256,7867.431384259256,Moderate (5.0-5.9)
1973-10-06 16:34:33.300,1973,9.73,125.62,82,5.5,8.0,5.8,5.225,0.9031970368970291,5.329332914226724,0.259957925700389,0.07274569615023188,1.0592548339103722,6.101169657278918,0.3575517959483885,0.13143042036781669,-0.10052081275185287,0.0401304559020188,239121089772.19537,0.0019516812476502974,0.0006641030858712658,0.692820323027551,10.385454546787079,2240.0461203703708,6081.089471064817,7871.234332175925,7871.234332175925,Moderate (5.0-5.9)
1973-10-09 01:44:57.500,1973,16.29,122.35,33,5.2,3.0,5.0,4.8,1.2552725051032998,6.241144273705363,0.41847858352885026,0.06779651486832511,1.7371779276130073,8.468139721739496,0.8014673033488809,0.14757793672623834,0.028056260029560853,0.12534692783297263,40336855405.90012,0.0001714677640603641,6.144212353328218e-06,-0.9999999999999999,4.95782220511194,504.82010879629524,504.82010879629524,1280.8408715277765,43535.17270833333,Moderate (5.0-5.9)
1974-02-11 00:11:09.600,1974,9.3,126.8,33,5.1,3.0,5.3,5.133333333333333,0.9542425094393264,5.142679046482886,0.25170727994936143,0.08283624741336074,1.5328040537761882,7.987861118222986,0.6494586987710486,0.17069913362019334,-0.0892789260714375,0.08872651821070221,80118222679.36717,0.0013717421124828388,2.521087033094786e-05,-1.4411533842457844,2.834482277998891,1788.3279178240737,4354.202819444443,7998.5514189814785,7998.5514189814785,Moderate (5.0-5.9)
1974-05-12 19:59:14.700,1974,2.83,126.81,33,5.1,3.0,5.2,5.2,,,,,8.685889638065067,45.64374737265801,0.0,,,-0.05493061443340519,82901163793.41916,,8.75651076269468e-27,-1.4411533842457844,4.607707969367495,420.3701388888876,4896.838694444443,8688.134244212963,43535.17270833333,Moderate (5.0-5.9)
1974-05-12 20:03:41.300,1974,2.91,126.62,33,5.0,4.0,5.2,5.175000000000001,,,,,3.4743558552259897,18.32127485298051,0.6940910450027329,0.2917330405218292,,-0.07328679513998715,91576002351.8145,,3.775134544279756e-11,-1.3333333333333333,5.9546515815684335,420.37322453703746,4896.841780092593,43535.17270833333,43535.17270833333,Moderate (5.0-5.9)
1974-05-12 20:17:23.600,1974,2.77,126.44,33,5.2,5.0,5.2,5.140000000000001,,,,,,,,,,,96882218217.48051,,,-1.2632278815997786,8.078943075289343,420.38274189814547,4896.851297453701,43535.17270833333,43535.17270833333,Moderate (5.0-5.9)
1974-05-13 20:02:29.900,1974,2.71,126.54,33,5.4,6.0,5.2,5.15,,,,,,,,,,,108060315840.30867,,,-1.8665130505147656,9.247754350163097,421.37239814814893,4897.840953703704,43535.17270833333,43535.17270833333,Moderate (5.0-5.9)
1974-05-14 13:07:15.900,1974,2.9,126.67,42,5.2,7.0,5.4,5.185714285714286,,,,,,,,,,,130096527478.6572,,,-2.2912878474779204,9.388765370770361,422.0840416666688,4898.552597222224,43535.17270833333,43535.17270833333,Moderate (5.0-5.9)
1975-01-23 03:57:11.100,1975,2.3,127.15,115,5.2,3.0,5.5,5.333333333333333,0.251558941508116,1.651062981757537,0.024258062070195423,0.05434294234266838,1.1329421267041366,6.141831888240346,0.49203051394334185,0.229126107350039,-1.0633245706126857,0.07886528934389148,129948315473.82841,0.17592322403758812,0.00039918445425918335,0.4472135954999578,3.259718258647996,675.7020416666637,8294.282153935183,8943.466146990739,43535.17270833333,Moderate (5.0-5.9)
1975-01-23 03:57:14.000,1975,2.2,127.1,141,5.0,4.0,5.5,5.3,0.6312900041550367,3.7241712697738145,0.11226161638723237,0.04853586885333553,1.240841376866435,6.806266875660137,0.43371655492139544,0.17911669234837632,-0.39930340297168154,0.01479697360803911,138482606659.6574,0.012768209135220782,0.0001894418252328926,0.0,4.6041218342485815,675.702075231482,8294.2821875,8943.466180555557,43535.17270833333,Moderate (5.0-5.9)
1975-02-01 15:19:51.700,1975,13.2,120.4,47,5.0,4.0,5.0,4.725,1.4053671358624196,6.934877645474376,0.46824364548635017,0.11700521350569291,1.5792526614663733,7.708696967926643,0.5912832008970342,0.13420281957498542,0.06543345969257341,0.11876905069203048,41263771541.20477,6.079930185770382e-05,1.82911922994072e-05,-0.8660254037844386,5.0564020833731655,1011.8261851851858,1011.8261851851858,1011.8261851851858,11986.985737268518,Moderate (5.0-5.9)
1975-02-05 18:25:01.000,1975,6.0,126.3,62,5.1,3.0,5.2,4.966666666666666,1.2552725051033056,6.431992775593255,0.43556631941838164,0.09948488590379329,2.0044360703227078,10.09841439226866,1.110612804407298,0.18298087593576187,0.0760187533431882,0.16196733745524394,58207189702.09383,0.00017146776406035724,9.698214581497943e-07,1.4411533842457844,3.6122809875741004,795.7535763888882,1626.2303055555567,1626.2303055555567,1626.2303055555567,Moderate (5.0-5.9)
1975-02-18 15:10:42.000,1975,5.5,126.7,72,5.0,3.0,5.1,5.066666666666666,,,,,3.7225241305993144,19.089741907716235,1.0623842525552167,0.19616115400424755,,-0.02817143367794639,63459613116.31538,,6.79872708748768e-12,0.4472135954999578,3.259718258647996,4288.99898148148,6356.2844560185185,6356.2844560185185,6356.2844560185185,Moderate (5.0-5.9)
1975-04-16 18:45:02.300,1975,11.8,125.7,37,5.2,3.0,5.7,5.5,1.4313637641589858,8.063349204762286,0.4712245118298972,0.15087898849914963,2.895296546021689,16.11172260323678,1.9280306805631766,0.2574418656994659,0.06666666666666732,0.13520815669978425,169390548116.1659,5.080526342529141e-05,2.0611536224384135e-09,0.9999999999999999,4.607707969367495,652.4874699074062,652.4874699074062,43535.17270833333,43535.17270833333,Moderate (5.0-5.9)
1975-04-16 18:45:05.200,1975,11.6,125.5,59,5.2,4.0,5.7,5.425,1.4053671358624173,7.918634640578055,0.4682436454863487,0.11700521350569293,1.5792526614663733,8.814173830953104,0.5912832008970342,0.13420281957498567,0.06543345969257519,0.11876905069203048,176022798079.85947,6.079930185770469e-05,1.82911922994072e-05,0.6324555320336758,5.617321208040141,652.4875034722209,652.4875034722209,43535.17270833333,43535.17270833333,Moderate (5.0-5.9)
1975-04-21 23:03:29.000,1975,6.2,126.7,96,5.0,3.0,4.6,4.566666666666666,,,,,3.7225241305993144,17.228479842416576,1.0623842525552167,0.1961611540042511,,-0.0281714336779455,22516320409.251354,,6.79872708748768e-12,-0.9999999999999999,2.4934765753283394,773.5394826388874,7148.169525462959,8999.665196759257,18634.278113425924,Moderate (5.0-5.9)
1975-04-21 23:03:30.300,1975,6.1,126.7,108,5.0,4.0,5.0,4.675,1.2690467773710876,6.207835733520606,0.4106657505950315,0.15111691699298122,1.930197697347789,9.287949629393013,0.9500288841317892,0.20617109213757384,0.1082687855048663,0.18808376874802502,38819900628.05509,0.00015590486512874932,1.6195967923125758e-06,-1.333333333333333,3.5036729692886968,773.5394976851894,7148.169540509261,8999.665211805559,18634.278128472226,Moderate (5.0-5.9)
1975-04-23 08:27:47.400,1975,6.4,123.7,597,5.1,3.0,5.1,4.933333333333333,1.7323937598229604,8.769886923719561,0.6087638047840723,0.07488769574644476,2.368878992199564,11.847740417277569,1.1382596853187192,0.1690897490863261,0.03770577618809501,0.09858774707751383,51095699708.331375,6.35065792816171e-06,7.822814343739539e-08,-1.4411533842457844,6.539149811747721,8696.13986574074,16758.71654398148,16758.71654398148,43535.17270833333,Moderate (5.0-5.9)
1975-04-23 08:29:59.000,1975,6.4,123.6,622,5.1,4.0,5.1,4.975,1.07918124604762,5.762257477279612,0.2008990479141039,0.0464916078015166,1.930197697347789,9.86700893859735,0.6426768935210562,0.17777695316448444,-0.23947147282556358,-0.011916231251975162,64220960574.56758,0.0005787037037037226,1.6195967923125758e-06,-1.5491933384829668,8.01355519627422,19044.65355324074,19044.65355324074,19044.65355324074,43535.17270833333,Moderate (5.0-5.9)
1975-04-28 12:25:14.600,1975,9.5,126.8,33,5.0,3.0,5.0,4.833333333333333,1.7323937598229602,8.596647547737268,0.6087638047840725,0.07488769574644462,2.368878992199564,11.610852518057614,1.13825968531872,0.1393430971708118,0.037705776188092344,0.09858774707751294,41532143967.68882,6.350657928161723e-06,7.822814343739539e-08,-0.9999999999999999,3.259718258647996,8440.061199074073,8440.061199074073,8440.061199074073,8440.061199074073,Moderate (5.0-5.9)
1975-04-28 14:27:57.700,1975,9.3,126.6,33,5.1,4.0,5.0,4.875,1.0791812460476198,5.654339352674852,0.200899047914104,0.046491607801516587,1.930197697347789,9.67398916886257,0.6426768935210568,0.17239677954969934,-0.23947147282556625,-0.011916231251975162,52200756532.38005,0.0005787037037037238,1.6195967923125758e-06,-0.9999999999999998,4.407993072862402,4795.797820601849,4795.797820601849,8440.146420138884,8440.146420138884,Moderate (5.0-5.9)
1975-04-28 14:27:59.200,1975,9.4,126.6,44,5.2,5.0,5.1,4.92,,,,,,,,,,,65103611504.962074,,,-1.0,5.490790707171333,6650.001576388888,6650.001576388888,8440.146437499996,8440.146437499996,Moderate (5.0-5.9)
1975-04-28 17:44:34.200,1975,9.5,126.6,61,5.1,6.0,5.2,4.966666666666667,,,,,,,,,,,80804380350.05763,,,-0.9999999999999999,6.516283101734105,6650.138092592591,6650.138092592591,8440.2829537037,8440.2829537037,Moderate (5.0-5.9)
1975-04-29 08:49:25.800,1975,13.7,120.8,50,5.0,3.0,5.6,5.333333333333333,0.9542425094393289,5.248333801916308,0.2792441551584604,0.15087898849914955,2.368878992199564,12.795292014157395,1.7208868884365536,0.28877761194895957,0.10000000000000053,0.19858774707751348,128857982491.22813,0.001371742112482815,7.822814343739539e-08,-0.9999999999999999,3.259718258647996,1098.5550520833349,1098.5550520833349,1098.5550520833349,12073.714604166667,Moderate (5.0-5.9)
1975-04-30 11:32:06.800,1975,9.2,126.3,77,5.1,13.0,5.2,4.93076923076923,,,,,5.21153378283904,27.05594354719877,2.587704001266451,0.8313610043200316,,0.008448975944324033,107864635180.13509,,2.3195228302432847e-16,-1.4719601443879746,12.256571501588237,4797.675703703706,4797.675703703706,8442.024303240742,8442.024303240742,Moderate (5.0-5.9)
1975-05-01 12:37:01.600,1975,13.6,120.8,54,5.0,5.0,5.6,5.18,-0.0,0.0,0.0,0.0,,,,,,,135148337391.61311,1.0,,-1.0,5.490790707171333,1100.7131053240737,1100.7131053240737,1100.7131053240737,12075.872657407406,Moderate (5.0-5.9)
1975-05-01 21:09:40.500,1975,13.6,120.7,48,5.1,6.0,5.6,5.1499999999999995,0.9542425094393289,5.248333801916308,0.2146050832193046,0.15087898849914955,2.368878992199564,12.795292014157395,1.3225382414696085,0.29783814424914523,0.10000000000000053,0.19858774707751348,138798678306.80978,0.001371742112482815,7.822814343739539e-08,-1.2163272811190746,6.516283101734105,1101.0691111111119,1101.0691111111119,1101.0691111111119,12076.228663194444,Moderate (5.0-5.9)
1975-05-02 21:09:40.100,1975,13.6,120.7,34,5.0,7.0,5.6,5.142857142857143,0.9542425094393289,5.248333801916308,0.1819902732645714,0.15087898849914955,2.368878992199564,12.795292014157395,1.1215442446996466,0.26548556160481634,0.10000000000000053,0.19858774707751348,144147959916.72415,0.001371742112482815,7.822814343739539e-08,-1.4491376746189437,7.491200415868958,1102.0691064814819,1102.0691064814819,1102.0691064814819,12077.228658564814,Moderate (5.0-5.9)
1975-05-02 23:55:42.000,1975,9.2,125.4,33,5.0,3.0,5.1,5.0,2.3856062735983383,12.187415118119576,0.7557266632048526,0.03606670660650687,2.895296546021689,14.664074330225938,1.113149032429004,0.1078416351329146,-0.008728650238097657,0.03520815669978372,56340524460.14158,6.969171937624367e-08,2.0611536224384135e-09,-2.1213203435596424,4.047396061842092,16659.209247685183,23305.825069444443,23305.825069444443,23305.825069444443,Moderate (5.0-5.9)
1975-05-05 21:55:10.000,1975,13.0,120.3,49,5.0,9.0,5.6,5.111111111111111,0.9542425094393289,5.248333801916308,0.14578830147502012,0.15087898849914955,2.368878992199564,12.795292014157395,0.8984437878509214,0.23991970082010552,0.10000000000000053,0.19858774707751348,150925923380.15845,0.001371742112482815,7.822814343739539e-08,-2.464751508773248,9.880268263655912,1105.1007025462968,1105.1007025462968,1105.1007025462968,12080.26025462963,Moderate (5.0-5.9)
1975-06-03 19:10:23.000,1975,10.3,126.4,44,5.3,3.0,5.7,5.6000000000000005,0.5282737771670425,3.2769722737049873,0.06418683223773679,0.055684945466270404,1.7371779276130073,9.857882063829903,0.6940910450027388,0.22243529222444539,-0.5031704304504867,0.0253469278329721,204063940407.65082,0.02601229487374914,6.144212353328218e-06,-0.9999999999999999,2.7130647202950486,2845.1543344907404,6686.197685185187,8476.342546296295,8476.342546296295,Moderate (5.0-5.9)
1975-06-05 13:27:50.000,1975,10.5,126.5,32,5.0,4.0,5.7,5.525,0.7781512503836442,4.676286123717955,0.1435556680880092,0.06234243060880725,1.5792526614663682,8.972099097099713,0.5912832008970307,0.18189701334741246,-0.3094822457876303,0.018769050692029943,212389878005.57416,0.004629629629629613,1.8291192299407837e-05,-1.3333333333333333,4.6041218342485815,2846.9164525462947,6687.959803240741,43535.17270833333,43535.17270833333,Moderate (5.0-5.9)
1975-07-13 09:31:38.700,1975,6.2,127.1,37,5.0,3.0,6.2,5.1000000000000005,0.13030455382037137,0.7403599879603002,0.021508349840125597,0.10910307841765976,0.6681453567742331,3.483775360203712,0.5654963604426205,0.336701334364872,0.5182339660906399,0.9859020123657283,380605327981.0571,0.40652413887618777,0.009898375607203939,-0.9999999999999999,2.834482277998891,2.626651620368648,6501.0490011574075,6501.0490011574075,6501.0490011574075,Moderate (5.0-5.9)
1975-07-13 12:54:38.800,1975,6.2,127.1,63,5.0,4.0,6.2,5.075,0.30374652734705404,1.7518939895680468,0.08281109908715935,0.11270760703421813,0.6948711710452029,3.7289802610313756,0.4333856166623833,0.2653485781963806,0.4323818320847117,0.833566024300068,381916765392.10504,0.12267622911790454,0.00822974704902003,-1.921537845661046,3.907598644188526,2.7676250000004075,6501.189974537039,6501.189974537039,6501.189974537039,Moderate (5.0-5.9)
1975-11-06 11:36:10.800,1975,12.82,126.5,11,5.3,13.0,6.0,4.553846153846154,0.4032702645324802,2.349758483068511,0.05801057349256265,0.08116403000866126,0.6948711710452039,3.798467378135901,0.1722357682693479,0.1694029531307053,0.1732413973228697,0.533566024300069,263385485002.90012,0.0616863688533255,0.008229747049019971,-1.4719601443879746,18.05349194556475,6.130741898155975,43535.17270833333,43535.17270833333,43535.17270833333,Moderate (5.0-5.9)
1975-11-29 02:17:52.100,1975,12.19,126.37,33,5.3,6.0,4.6,4.216666666666667,1.4313637641589887,6.488849064187415,0.445660926343246,0.13066503693756332,1.7371779276130135,7.773268550694319,0.6564371129194038,0.12966814911638155,0.06666666666666732,0.12534692783297263,18871683539.29418,5.0805263425290376e-05,6.144212353327941e-06,1.788854381999832,4.847224065219008,28.743025462965306,43535.17270833333,43535.17270833333,43535.17270833333,Moderate (5.0-5.9)
1976-02-26 18:07:56.400,1976,13.33,125.98,116,5.1,6.0,5.6,4.8,0.4626630348796719,2.658756877972631,0.12126417243326426,0.08193046528549197,0.7042613220052737,3.7871494681444493,0.2809768749204069,0.14833913112848773,-0.14663778502233882,0.222522421987998,134070387465.67169,0.04092709271838786,0.0077128704008256055,2.1213203435596424,3.921189535807645,118.40279745370935,43535.17270833333,43535.17270833333,43535.17270833333,Moderate (5.0-5.9)
1977-03-19 19:35:09.200,1977,17.02,122.84,129,5.8,12.0,7.2,4.8583333333333325,0.2631146106123618,1.7006525186169907,0.036691375551597995,0.19195866848805507,0.6537766394242506,3.85247058136581,0.2265337220657159,0.3593797651077967,0.736457307866849,1.3073596866989705,3020828994408.9297,0.16242623147539384,0.010931256415982039,-0.9999999999999999,17.345234009869767,0.9105902777773736,0.9105902777773736,0.9105902777773736,43535.17270833333,Moderate (5.0-5.9)
1977-07-27 17:25:05.900,1977,17.81,122.33,33,5.1,6.0,6.9,4.95,0.10837849525229179,0.6755161962044935,0.01084555251674998,0.1043111902861195,0.5109346845920612,2.87851427230235,0.24104394084733236,0.29205902657736615,0.6670642627767158,1.2661795546321075,1622191474944.173,0.47300367417565037,0.029322159123893774,-2.520504151250418,4.974606525147834,6.152258101850748,6.152258101850748,10072.598100694444,43535.17270833333,Moderate (5.0-5.9)
1977-12-31 13:11:24.500,1977,8.58,126.8,33,5.0,6.0,5.1,4.283333333333333,-0.0,0.0,0.0,0.0,,,,,,,40620222176.832375,1.0,,-2.520504151250418,6.753637971265559,3207.869756944445,5773.744658564814,19481.42115162037,20503.774496527778,Moderate (5.0-5.9)
1979-02-19 00:35:43.300,1979,5.4,124.72,50,5.2,3.0,5.8,4.999999999999999,0.2701017654290314,1.5307493617270096,0.08277200672227435,0.0784766285123789,0.45715208621394965,2.351444808196856,0.23711009839204938,0.16253585452865058,0.13269397815465123,0.6563183257652963,170528110911.39203,0.1547728228839269,0.04251515251442971,0.44721359549995787,5.375620014486486,7534.2510335648185,15843.8056400463,18323.5406400463,43535.17270833333,Moderate (5.0-5.9)
1979-10-05 02:12:56.100,1979,9.86,126.49,104,5.2,3.0,5.1,4.566666666666666,0.4361207586661476,2.174624554322934,0.13910437691372746,0.07682079753864317,0.7042613220052737,3.2941665427407574,0.36273958574538,0.1620687345625465,0.11371005366974707,0.42252242198799905,41472355276.22159,0.04916292615588885,0.0077128704008256055,-0.6123724356957945,4.308100197271101,1503.4626979166642,8270.491123842592,10060.6359849537,10060.6359849537,Moderate (5.0-5.9)
1980-01-04 04:44:00.900,1980,6.07,126.36,66,5.0,5.0,5.7,4.779999999999999,0.2763924059822862,1.6801781089672778,0.060202440521308014,0.09374112059852271,0.5264175538221239,2.813013717380883,0.2183849018859253,0.175379641402151,-0.3789590184144176,0.35630715207609054,162155081109.91528,0.1481913253113806,0.026347980814448654,-1.2632278815997786,6.210684822583022,1638.4269085648157,3419.6601655092636,3419.6601655092636,3419.6601655092636,Moderate (5.0-5.9)
1980-01-04 06:22:09.200,1980,5.98,126.21,63,5.3,7.0,5.7,4.814285714285715,0.49103375003044125,2.875798622536583,0.13224979090017702,0.06688965177780153,0.5428681023790649,3.0581972803757163,0.16164450884878814,0.09969789748276854,-0.15662110263968554,0.06659242461755621,166525632147.13608,0.0336433125238717,0.02351774585600909,-1.381698559415515,8.99386463871906,1638.4950601851815,3419.7283171296294,3419.7283171296294,3419.7283171296294,Moderate (5.0-5.9)
1980-06-18 17:14:47.800,1980,9.66,127.0,11,5.4,11.0,4.7,4.245454545454545,1.5156204131768292,7.165567384868532,0.379409619382025,0.06296766072220251,1.9613299182727493,9.082683696759805,0.6353729946312253,0.14063340517899842,-0.027811345486620453,0.06911989556632303,28240719325.117657,2.8388259105447804e-05,1.3062017015926391e-06,-0.75,10.71288865083316,10318.26227777778,10318.26227777778,10318.26227777778,10318.26227777778,Moderate (5.0-5.9)
1982-01-24 06:08:52.200,1982,14.27,124.46,50,5.2,10.0,5.4,4.45,0.8204180669080094,4.286335473248217,0.22990968592416294,0.13313555172648225,0.7445048261198607,3.9050715200870583,0.18933106224403615,0.12880529062245477,0.17542530309875737,0.15480697628363593,81302160740.1164,0.003457369522529152,0.005840977343195231,2.1130821751814977,13.168634362923116,16058.842849537035,16058.842849537035,43535.17270833333,43535.17270833333,Moderate (5.0-5.9)
1982-04-19 14:42:14.900,1982,19.96,120.43,33,5.2,3.0,5.5,4.566666666666666,0.11928031367991532,0.6043535893115709,0.015271164735228122,0.11104392884815985,0.8405699649740359,3.9234581111132094,0.7583721095243252,0.35995591201065114,0.43333333333333357,0.8323836508548101,89393842101.24959,0.4386913376508317,0.0030080850072550297,-2.1213203435596424,4.047396061842092,6892.391260416662,10248.44519560185,43535.17270833333,43535.17270833333,Moderate (5.0-5.9)
1983-02-13 14:22:59.400,1983,5.41,126.6,52,5.0,3.0,5.5,5.2,0.3180808364797748,1.9093601798654654,0.05856242051287265,0.08601419135571067,0.7896263307331853,4.188365009165634,0.3609003080423377,0.2046967960857554,-0.5027513791666989,0.1957632412325392,116102369054.43883,0.11111111111111123,0.004276820349208924,-0.9999999999999999,2.210133864088711,7205.965849537039,11854.303743055558,11854.303743055558,43535.17270833333,Moderate (5.0-5.9)
1983-03-15 19:58:33.300,1983,5.24,126.42,115,5.5,6.0,5.2,4.283333333333332,0.3283963589061617,1.6255619765855007,0.048104154342748506,0.08893015438987566,0.6681453567742331,3.1072404941157608,0.19912593457407643,0.2003788559624957,0.2499999999999991,0.549454332636035,49452797239.81305,0.10346915998560106,0.009898375607203939,-1.8665130505147656,4.499104582957997,7236.198880787033,11884.536774305552,11884.536774305552,25568.467746527775,Moderate (5.0-5.9)
1983-08-11 12:02:59.800,1983,18.73,120.98,15,5.1,3.0,4.4,4.300000000000001,2.385606273598328,10.517490726600695,0.7557266632048494,0.03606670660650584,2.895296546021672,12.637366748010685,1.113149032428996,0.10784163513291366,-0.008728650238096769,0.03520815669978372,13207508090.970108,6.969171937624866e-08,2.061153622438658e-09,-2.1213203435596424,4.308100197271101,7719.092011574077,9556.717682870374,43535.17270833333,43535.17270833333,Moderate (5.0-5.9)
1983-08-17 12:17:56.600,1983,18.29,120.83,29,6.5,3.0,5.1,4.533333333333333,0.38795765224998974,1.881818208000816,0.09859086032377556,0.12181047332156646,1.1329421267041366,5.235478186877037,0.8407821107884842,0.2815746525659597,0.24942366238410507,0.47886528934389094,40060243899.64427,0.06856887802120468,0.00039918445425918335,-0.4472135954999578,5.887866499588108,9562.728062499998,9562.728062499998,43535.17270833333,43535.17270833333,Strong (6.0-6.9)
1983-08-27 18:49:46.400,1983,8.15,125.84,40,5.3,3.0,4.7,4.366666666666666,0.8337334825539061,3.822596072672562,0.2819941396631987,0.08932670334796952,1.3714562586418488,6.100091915151243,0.7630438887732105,0.17006372367772501,0.11508629236872814,0.25210610858843197,19166261160.9207,0.0031535487739365615,7.684776196487846e-05,-0.44721359549995787,6.539149811747721,7838.97963425926,7838.97963425926,21546.656127314815,26344.61262037037,Moderate (5.0-5.9)
1983-09-11 13:29:56.500,1983,8.89,126.4,68,5.0,3.0,4.9,4.6000000000000005,0.09604977766673511,0.7460606321865205,0.006365636254982185,0.04748828105452778,0.6681453567742331,3.149702681816595,0.30802857026748753,0.2339216607596923,-2.8674373674776703,0.18590201236572845,36568235231.41093,0.5150515126680099,0.009898375607203939,0.6123724356957945,3.1062799081417087,7853.757528935181,7853.757528935181,11498.106128472216,11498.106128472216,Moderate (5.0-5.9)
1984-11-11 23:07:21.300,1984,10.55,125.6,32,5.0,7.0,4.6,4.285714285714286,2.3856062735983508,10.994611981320464,1.084994138396227,0.03606670660650738,2.895296546021689,13.216426057215095,1.5981441890975132,0.44368414817814344,-0.008728650238097657,0.03520815669978283,22628916504.217293,6.969171937623769e-08,2.0611536224384135e-09,-2.6457513110645907,8.99386463871906,3368.333822916662,10135.36224884259,13218.98091782407,43535.17270833333,Moderate (5.0-5.9)
1984-11-12 01:06:15.500,1984,10.69,125.52,34,5.2,8.0,5.0,4.375,1.0933758853882778,5.336039695855133,0.3150042943944967,0.11095623224341128,1.5792526614663733,7.550771701780006,0.6571745357264597,0.19499873771838808,0.1196658284079426,0.21876905069203012,38885316793.808464,0.0005246532214436327,1.82911922994072e-05,-3.360672201667224,11.332878441396392,3368.4163946759327,10135.44482060186,13219.063489583341,43535.17270833333,Moderate (5.0-5.9)
1987-05-02 18:16:59.600,1987,6.08,125.94,145,5.1,3.0,4.7,4.366666666666666,0.8337334825539061,3.822596072672562,0.2819941396631987,0.08932670334796952,1.3714562586418488,6.100091915151243,0.7630438887732105,0.17006372367772501,0.11508629236872814,0.25210610858843197,19166261160.9207,0.0031535487739365615,7.684776196487846e-05,2.1213203435596424,4.047396061842092,4313.99147685185,6095.224733796298,6095.224733796298,6095.224733796298,Moderate (5.0-5.9)
1987-06-13 15:43:22.000,1987,10.46,126.36,42,5.0,6.0,5.4,4.3,0.18194120617053827,0.9196300966438112,0.017137644973560587,0.08808546647898667,0.6204206884332175,2.906796887083495,0.19927900458750442,0.2330326942138265,0.34545454545454835,0.7147969736080384,73311416674.67299,0.28456165726889854,0.013763786733050341,-1.5491933384829666,7.602274730651041,4312.025497685183,11079.05392361111,43535.17270833333,43535.17270833333,Moderate (5.0-5.9)
1989-08-10 11:46:27.900,1989,6.0,124.36,38,5.3,5.0,5.2,4.42,0.20068666377598793,0.9967437634207396,0.018618965411892775,0.08395325471992642,0.9650988486738925,4.5474649298291085,0.4305881896303301,0.21720666234391903,0.23333333333333606,0.48808376874802395,49705613063.53892,0.24999999999999917,0.0012726338013398116,-1.0,11.196300409382683,4741.81625,4741.81625,4741.81625,4741.81625,Moderate (5.0-5.9)
1989-11-14 17:39:40.000,1989,10.2,126.55,33,5.5,3.0,4.8,4.6000000000000005,0.18866920613108748,1.1751973174046861,0.016374191897381988,0.05261732766926608,0.9650988486738925,4.530536419150011,0.42845126234736924,0.230891813097455,-1.4288772052613519,0.10562447009935028,30155256091.722073,0.2716391617482752,0.0012726338013398116,-0.6123724356957945,7.410849195313975,5197.106261574074,11964.134687500002,13754.27954861111,13754.27954861111,Moderate (5.0-5.9)
1990-02-08 07:47:00.100,1990,9.73,124.64,34,6.5,5.0,6.6,5.2,0.35140594712895545,2.1575009612163294,0.11813242029245238,0.12533852091655537,0.32169961622463106,1.953198379471413,0.09900382485412908,0.12990476279606455,0.4603743651936796,0.5285026124881478,874399424584.7069,0.08826370600884947,0.10836802322189582,-1.698415551216894,10.13924389296033,0.0218506944438559,0.0218506944438559,43535.17270833333,43535.17270833333,Strong (6.0-6.9)
1990-02-22 17:19:35.900,1990,16.13,122.14,19,5.0,4.0,4.8,4.324999999999999,0.7884118934056646,3.6589479234871978,0.2361833070758678,0.12036079180005511,1.5792526614663733,7.076995903340093,0.9476459264714916,0.24262846001343794,0.15909090909090917,0.31876905069203065,23225989279.389595,0.00431284966278834,1.82911922994072e-05,-0.6324555320336758,10.01427552475536,3615.192925925927,4723.816454861113,4723.816454861113,43535.17270833333,Moderate (5.0-5.9)
1990-03-03 19:02:00.000,1990,9.3,124.8,97,5.5,3.0,4.3,4.233333333333333,0.8804562952784032,4.057643522185167,0.11886450414395697,0.05083316790886846,2.3688789921995523,10.189525122737827,0.8604434442182703,0.22243215687823337,-0.3085689249369574,-0.0014122529224867009,11571365691.296772,0.002283658260521215,7.822814343740164e-08,-2.1213203435596424,1.8952160833420257,23.468748842595232,23.468748842595232,43535.17270833333,43535.17270833333,Moderate (5.0-5.9)
1990-05-27 14:00:36.400,1990,12.67,120.96,8,5.2,3.0,5.2,4.8999999999999995,0.3180808364797747,1.8139359289215324,0.05856242051287258,0.08601419135571063,0.7896263307331867,3.9514771099456842,0.3609003080423387,0.20469679608575572,-0.5027513791666989,0.19576324123254008,62350663816.147385,0.11111111111111131,0.004276820349208884,0.44721359549995787,5.887866499588108,17580.930699074073,17580.930699074073,17580.930699074073,17580.930699074073,Moderate (5.0-5.9)
1990-07-16 08:00:52.400,1990,16.5,120.24,33,5.2,3.0,5.4,5.0,0.18350817489217783,1.1806330825070182,0.02720062621354849,0.08099987352352783,0.5790593092043358,2.9670762842983063,0.27084084900387373,0.20580870615487631,-1.0336811327381552,0.27604078349891825,93650398794.71318,0.281498104822992,0.018315638888734182,-0.9999999999999999,5.375620014486486,1909.1134999999995,8955.728094907408,8955.728094907408,8955.728094907408,Moderate (5.0-5.9)
1990-07-16 08:32:00.900,1990,16.75,120.47,33,5.0,7.0,5.4,4.971428571428571,1.380211241711593,7.548564956186534,0.6248789334834041,0.08359062032187223,1.5792526614663733,8.498323298659828,0.8181030235761706,0.5136020230305711,-0.06913742480868112,0.01876905069203172,113729048671.20297,7.233796296296945e-05,1.82911922994072e-05,-1.0,10.327096646634287,1909.1351261574018,23098.62628356481,43535.17270833333,43535.17270833333,Moderate (5.0-5.9)
1990-07-16 21:27:14.800,1990,16.47,120.32,33,5.0,49.0,5.7,4.718367346938775,1.5684221409870343,8.845943056313843,0.27343774301185936,0.1151203407939336,1.2107603737908836,7.052301592834747,0.16294796055355357,0.22542838235065263,0.05997310599878247,-0.12468814267023909,226670790259.65057,1.9712131016982877e-05,0.0002331948089911638,-1.0,33.591648270388205,1909.6734814814845,8956.288076388893,8956.288076388893,8956.288076388893,Moderate (5.0-5.9)
1990-07-23 22:20:42.000,1990,16.1,119.64,18,5.1,32.0,5.4,4.615625,1.7254605689004134,9.244264956423853,0.3767046526534483,0.09738748294945217,1.3847070437494993,7.549515790780872,0.24260888892740282,0.20931797877217123,0.04243627293380747,-0.05206715374130688,126855840817.58705,6.662209621098788e-06,7.01259679292264e-05,0.5366563145999494,26.982270280157685,8963.325196759262,8963.325196759262,8963.325196759262,8963.325196759262,Moderate (5.0-5.9)
1990-08-03 08:17:20.200,1990,17.21,120.63,2,5.1,19.0,5.5,4.626315789473685,0.9332112906160156,5.2701003533501165,0.1972591471007557,0.09293070700381358,0.9459879803833228,5.298338596883178,0.20269751228538704,0.11431218926215458,-0.14727453079924402,-0.10085192069379545,141045931839.1334,0.0015862298861240476,0.0014522321893450153,0.47237749297333015,11.106890999856791,16.460143518514087,16.460143518514087,14827.217710648145,43535.17270833333,Moderate (5.0-5.9)
1990-08-12 21:09:38.300,1990,16.36,120.16,19,5.5,20.0,4.9,4.410000000000001,2.385606273598288,11.710293863399661,0.7163160878448385,0.03606670660650687,2.895296546021689,14.0850150210216,1.0550991501562321,0.5942162012822808,-0.008728650238096769,0.03520815669978461,53165128927.4228,6.96917193762679e-08,2.0611536224384135e-09,0.0,6.944985937374507,24.996449074074917,25.996464120373275,8983.275848379635,8983.275848379635,Moderate (5.0-5.9)
1990-09-03 06:42:13.000,1990,17.27,120.86,4,5.3,6.0,4.7,4.35,1.4313637641589896,6.782500438435308,0.5126033290794851,0.07137846678465126,2.0044360703227078,9.296639964139578,1.005230839696043,0.2760792627364951,-0.038488292261908974,0.06196733745524341,25506668580.93944,5.0805263425290064e-05,9.698214581497943e-07,-1.044465935734187,1.9136934608820348,47.39408796296266,47.39408796296266,14858.151655092594,43535.17270833333,Moderate (5.0-5.9)
1990-10-19 18:48:55.700,1990,10.88,125.99,33,5.0,3.0,4.9,4.6000000000000005,0.31808083647977514,1.7185116779776024,0.058562420512872804,0.08601419135571065,0.7896263307331841,3.714589210725717,0.36090030804233675,0.19477660253168017,-0.5027513791666989,0.1957632412325392,33484288994.063377,0.11111111111111097,0.004276820349208958,-0.6123724356957945,4.047396061842092,8462.139435185181,12303.182785879628,43535.17270833333,43535.17270833333,Moderate (5.0-5.9)
1990-10-25 11:04:53.500,1990,8.51,126.31,4,5.6,3.0,6.1,4.8,0.09714912348275895,0.5325153512089109,0.014123646604104442,0.10410505810560157,0.5790593092043358,2.8512644224574393,0.50178210025707,0.33904894707318367,0.6185779128165123,1.1760407834989168,309127085090.9233,0.5111550191049384,0.018315638888734182,-0.6123724356957945,0.592855426587882,0.0022546296313521452,313.6813483796359,24162.333292824078,25184.686637731487,Moderate (5.0-5.9)
1991-02-18 14:07:52.400,1991,8.76,126.86,33,5.8,4.0,6.2,4.875,0.28972203598183666,1.646745698808159,0.09102328060163568,0.10973571467189414,0.4695075480035156,2.480090183342025,0.23904220386792974,0.18496043611455662,0.5161185747314114,0.9176777159641016,380949123085.9273,0.13515555245024344,0.03903708281352973,-0.9999999999999998,3.2729782124317675,0.47943171295992215,429.80841898148356,14215.132469907407,14215.132469907407,Moderate (5.0-5.9)
1991-02-19 15:50:04.200,1991,9.1,126.51,8,5.2,9.0,6.2,4.7444444444444445,0.2977219737336077,1.8756484345217281,0.05243100656850758,0.08642108368433583,0.41361379228881134,2.369098957108038,0.1011943909507063,0.18798774877827096,-0.09999999999999876,0.47219546041205795,416192608617.22644,0.12788926128514302,0.0574326192676173,-1.4411533842457842,7.79923204709599,1.5504016203631181,430.87938888888675,14216.20343981481,14216.20343981481,Moderate (5.0-5.9)
1991-02-20 12:26:47.900,1991,8.33,126.32,52,5.2,10.0,6.2,4.7700000000000005,0.4513607688368856,2.77841283541211,0.11285766096940501,0.06465881550079874,0.4641315073775209,2.7944503709998445,0.119334366114594,0.08037950628784238,0.04436347321053269,0.17918407481252796,418911322652.93036,0.044250450196027254,0.04051403303356992,-1.986798535597566,7.479798385774066,2.4092407407370047,431.73822800926064,24280.390172453703,25302.743517361112,Moderate (5.0-5.9)
1991-05-05 15:05:41.700,1991,10.33,125.17,30,5.1,13.0,4.6,4.253846153846154,2.3187587626244133,10.787241809526561,0.6804389764091463,0.137800617194867,1.888236877840229,8.818388579049003,0.4512227591377873,0.1305530646664031,-0.052162175472434846,-0.07017071985984291,28584787863.57008,1.1059199999999963e-07,2.164160003657962e-06,-1.9307877088045151,14.658403959229823,451.30464814814695,451.30464814814695,15584.64643171296,43535.17270833333,Moderate (5.0-5.9)
1991-05-05 16:02:05.300,1991,9.0,125.78,67,5.0,5.0,4.9,4.38,0.8878391448165337,4.256217328893098,0.2889437285321592,0.09807876590654865,0.9650988486738925,4.530536419150011,0.34141947435885917,0.11507324436856109,0.10609408388653829,0.2056244700993508,30159569416.88797,0.002170114084100711,0.0012726338013398116,-0.5222329678670936,3.6593008859365885,76.5587476851797,10646.86318634259,14291.211785879626,14291.211785879626,Moderate (5.0-5.9)
1991-05-06 00:10:20.400,1991,10.27,125.4,10,5.4,14.0,5.1,4.314285714285715,1.1587014551675698,5.7191626712608254,0.24408593832764613,0.15268949569051565,1.3028834457097567,6.380550066935597,0.30861056377191504,0.1373705644659719,0.16416200156257865,0.20274684359064832,48276819961.9808,0.000334114739114364,0.00012340980408667853,-2.0,12.991080616445668,451.70472453704133,451.70472453704133,15585.02465740741,43535.17270833333,Moderate (5.0-5.9)
1991-05-06 00:26:07.900,1991,10.23,125.42,19,5.7,15.0,5.4,4.386666666666668,0.7928394099970503,4.2095575816027,0.14922926313845888,0.0983200714532185,0.9650988486738925,4.995023089311995,0.221119544088008,0.1172008147109622,0.09052934487910758,0.22434043292510886,87055878308.93011,0.004182941299242925,0.0012726338013398116,-2.0287566780017223,13.703248010849954,451.7156909722253,451.7156909722253,15585.035623842594,43535.17270833333,Moderate (5.0-5.9)
1991-05-08 18:00:28.000,1991,10.33,125.17,20,5.2,20.0,5.7,4.470000000000001,0.7577611559285211,4.267316553301978,0.13553119188095064,0.08134871817901981,0.8607638380064445,4.742677188585937,0.17488099136145388,0.09410279844543558,0.06852031815614801,0.1901528396335488,162401255964.7713,0.005329868967459762,0.0026164261796495624,-3.1362502409358997,19.404606239446704,454.42601736111465,454.42601736111465,15587.767800925927,43535.17270833333,Moderate (5.0-5.9)
1991-05-11 22:12:15.000,1991,10.25,125.08,6,5.3,22.0,5.7,4.486363636363636,0.8007335150874838,4.54660719258704,0.14820095344438372,0.07761697319940225,0.8017744281290798,4.526811287002668,0.14858651136147633,0.07721326393521129,0.021947181029005947,0.05400889803149944,169378345489.89163,0.0039609508618771525,0.003932572297987309,-0.21650635094610957,21.007554707743502,457.60086689815216,457.60086689815216,15590.942650462965,43535.17270833333,Moderate (5.0-5.9)
1991-06-26 19:56:44.000,1991,10.22,125.01,4,5.5,4.0,5.2,4.525,0.5171209460859695,2.6142526965406274,0.16536980464126572,0.0725754937683955,0.7552947511360899,3.623238995872322,0.3527807571136155,0.14831642567041836,0.1446010332251806,0.4028807423560625,51297441851.24684,0.028095525640463793,0.005421453617662299,-0.8660254037844386,2.209186927470575,503.50675810185567,503.50675810185567,15636.848541666668,43535.17270833333,Moderate (5.0-5.9)
1991-08-06 00:03:31.500,1991,10.26,125.23,5,5.1,4.0,4.8,4.275,0.7024033232159566,3.2578135086301985,0.2141797403846587,0.10403818084464403,1.3362907135484663,5.947222845521828,0.7751882356175639,0.22834503498645947,0.16190476190476133,0.34945433263603487,22872861287.454895,0.007812499999999977,9.797783966128993e-05,-1.5491933384829668,1.622512393135966,543.6781412037126,543.6781412037126,15677.019924768525,43535.17270833333,Moderate (5.0-5.9)
1991-10-23 12:49:39.200,1991,9.89,125.88,26,5.0,3.0,4.5,4.166666666666667,0.6816017924566625,2.9763278270607585,0.17808938466738516,0.14724281588272098,2.0044360703226998,8.494865536010462,1.5401428513374376,0.3094887648684735,0.13333333333333552,0.2619673374552427,12553501703.852962,0.009019752538805272,9.698214581498479e-07,0.6123724356957945,0.909316207462419,5904.904863425923,12671.933289351851,14462.07815046296,14462.07815046296,Moderate (5.0-5.9)
1991-11-13 11:12:22.400,1991,8.31,126.11,68,6.4,3.0,5.2,4.6000000000000005,0.2602479571198157,1.2838899217910908,0.04673300943767584,0.12867003372411437,1.240841376866432,5.812739175245319,1.0623842525552105,0.33526434586387716,0.2666666666666666,0.5154856989661614,48997712472.515396,0.16567467550414722,0.00018944182523289666,0.6123724356957945,1.116003966215044,200.73284953703842,697.6865439814828,24546.338488425925,29344.294981481482,Strong (6.0-6.9)
1992-05-08 20:53:20.900,1992,7.76,124.95,33,5.6,3.0,4.4,4.266666666666667,1.4313637641589871,6.3530913091876045,0.41558095665990935,0.0713784667846511,2.0044360703226998,8.695309143042731,0.8149669936305581,0.16334925330409664,-0.03848829226191164,0.06196733745524341,12732587862.890427,5.08052634252909e-05,9.698214581498479e-07,-0.6123724356957945,2.1255371128042,12593.54219791666,13543.135519675921,13553.108478009253,43535.17270833333,Moderate (5.0-5.9)
1992-05-09 02:25:55.100,1992,7.81,125.06,17,5.0,5.0,5.6,4.4799999999999995,0.27527593891698265,1.4325369343667693,0.0503323683846628,0.12780733596340496,0.7042613220052737,3.4350188071418124,0.3294416743793935,0.23745267282373636,0.3959965553008544,0.7225224219879989,110456380855.90602,0.14933863700154942,0.0077128704008256055,-0.9486832980505137,4.087388944035704,12593.773149305558,13543.366471064819,43535.17270833333,43535.17270833333,Moderate (5.0-5.9)
1992-08-04 18:01:24.100,1992,10.02,126.15,34,5.1,11.0,4.9,4.390909090909091,0.5594011909923823,3.1594491619693073,0.0820367024349679,0.091045712638785,1.1207599532987165,5.610281790846553,0.3292961329282065,0.18127868935189065,-0.7479128268647735,-0.10578359740093468,49049392046.040245,0.020979562484861373,0.0004342303154472886,-2.0083160441856087,9.767237368347311,6191.121355324074,12958.149781250002,14748.29464236111,14748.29464236111,Moderate (5.0-5.9)
1992-08-08 02:50:15.400,1992,10.06,126.23,20,5.5,12.0,5.1,4.45,0.9178475809528026,4.838427755052804,0.23185310040884913,0.1624615048845403,0.9650988486738945,5.007657673869682,0.2563394024203215,0.15920988866799557,-0.17149371579768324,-0.0887510598012975,62605144425.3773,0.0017638321612151407,0.0012726338013397947,-0.2876779808912305,10.751240028972973,6194.488615740742,12961.51704166667,14751.661902777778,14751.661902777778,Moderate (5.0-5.9)
1993-10-08 05:16:29.900,1993,7.36,126.29,8,5.0,3.0,4.4,4.300000000000001,2.385606273598328,10.517490726600695,0.7557266632048494,0.03606670660650584,2.895296546021672,12.637366748010685,1.113149032428996,0.10784163513291366,-0.008728650238096769,0.03520815669978372,13207508090.970108,6.969171937624866e-08,2.061153622438658e-09,2.1213203435596424,2.599710778816777,149.43721643518438,149.43721643518438,508.79234143518624,25378.53715162037,Moderate (5.0-5.9)
1994-09-10 04:54:02.000,1994,7.48,127.13,7,5.7,3.0,4.8,4.5,0.3180808364797752,1.6867035943296254,0.0585624205128728,0.08601419135571062,0.7896263307331853,3.635626577652404,0.3609003080423377,0.20469679608575528,-0.5027513791666998,0.1957632412325392,27217051906.43241,0.11111111111111091,0.004276820349208924,-0.6123724356957945,2.7130647202950486,486.42161574073907,486.42161574073907,845.7767407407409,18735.240578703702,Moderate (5.0-5.9)
1994-09-20 08:45:30.800,1994,7.56,126.43,4,5.6,4.0,5.7,4.824999999999999,0.4411711716597689,2.3832574185040394,0.14776525009908606,0.10916328235587122,0.5603799766493576,2.8996178955903282,0.23840934762606397,0.1392936536282019,0.29788496710295753,0.5256218701320856,137644164052.97702,0.04747735160495534,0.020838193670452643,2.8284271247461903,2.55204276275345,496.5823657407418,496.5823657407418,855.9374907407437,26610.589847222225,Moderate (5.0-5.9)
1994-10-12 06:34:21.700,1994,14.15,124.47,7,5.2,4.0,5.3,4.800000000000001,0.4561060540363352,2.4830413581738098,0.11221240082929484,0.10064694326833333,0.9650988486738925,4.84849492549309,0.5024036383075858,0.21378258988672671,-0.1440000000000019,0.2761675374960486,71744564304.07857,0.04282346827250384,0.0012726338013398116,-0.9999999999999998,8.01355519627422,20702.86055208333,20702.86055208333,43535.17270833333,43535.17270833333,Moderate (5.0-5.9)
1994-10-12 06:43:38.000,1994,14.06,124.64,8,6.6,5.0,5.3,4.880000000000001,0.5024172712281009,2.8824351830768435,0.11524048244320328,0.11910337145408603,0.668145356774235,3.550589895881144,0.20380641806437344,0.1851122368399947,-0.43713394850273435,-0.014097987634270837,86244710910.0019,0.03109912617129457,0.009898375607203807,-1.0,9.311630656989129,20702.866990740742,20702.866990740742,43535.17270833333,43535.17270833333,Strong (6.0-6.9)
1994-11-06 11:53:11.600,1994,7.55,125.93,23,5.7,3.0,4.6,4.466666666666667,2.385606273598339,10.894268649432416,0.8726379848701991,0.13773304242424456,3.7225241305993144,16.856227429356647,2.1247685051104335,0.20309043331208332,0.033333333333333215,0.07182856632205414,18891766090.46548,6.969171937624338e-08,6.79872708748768e-12,-1.4411533842457844,1.9684287409111465,543.7126990740726,543.7126990740726,27703.430203703705,43535.17270833333,Moderate (5.0-5.9)
1994-11-24 10:38:40.900,1994,12.57,121.02,9,5.2,4.0,5.1,4.625,0.48021717978935063,2.534303688673395,0.12878812513498947,0.0792864298412318,0.6433992324492621,3.175656921125011,0.23118598998562673,0.14458207854048483,-0.17741154488700062,0.1642513062440738,48124797865.0075,0.036253376443581634,0.011743628457021352,0.6324555320336758,8.01355519627422,19222.790473379624,19222.790473379624,19222.790473379624,19222.790473379624,Moderate (5.0-5.9)
1995-04-21 00:02:46.400,1995,12.1,126.0,8,5.2,5.0,4.9,4.5,0.9030899869919432,4.364934937127724,0.22194936558584852,0.09519404303287918,2.1714724095162667,10.28980307943881,1.2832181246785064,0.28203223813986183,0.0666666666666691,0.16137056388801074,32463827246.66742,0.0019531250000000056,3.059023205018097e-07,-2.5,8.078943075289343,7111.649209490744,7961.708119212963,43535.17270833333,43535.17270833333,Moderate (5.0-5.9)
1995-04-21 00:09:53.400,1995,12.1,125.9,15,7.0,6.0,5.2,4.616666666666666,0.8337334825539042,4.282467099044361,0.24217042019667726,0.07385819991918346,1.2408413768664381,6.184991588305278,0.5364128131680129,0.14684429439047386,0.06350591807078843,0.21548569896616243,57833966942.18059,0.0031535487739366,0.00018944182523288853,-2.520504151250418,9.247754350163097,7111.654151620376,7961.713061342594,43535.17270833333,43535.17270833333,Major (>=7.0)
1995-04-21 00:34:48.400,1995,12.2,125.6,17,7.3,8.0,7.0,4.9625,0.26292153671738583,1.6683181619355385,0.05009273193367846,0.15442269014681445,0.5497398505104459,3.2277733166840705,0.21899632843024844,0.2616951249120224,0.6546918796963652,1.1285440491770613,1996350789131.82,0.1626430050366829,0.02242747847186321,-2.065591117977289,10.832886466569427,0.017303240740147885,0.017303240740147885,0.017303240740147885,43535.17270833333,Major (>=7.0)
1995-04-23 05:07:58.400,1995,12.55,125.76,13,6.3,32.0,7.3,4.646875,0.390882339040491,2.802597266403373,0.04842849181322336,0.1353709687402513,0.6520938166715498,4.136734038692547,0.13478110467828533,0.317736548588071,0.1300744585110163,0.9562287006377792,4221620032183.19,0.06719747940787854,0.011059068548145595,-2.2340004153586346,26.177223444189554,2.189699074075179,2.189699074075179,2.189699074075179,43535.17270833333,Strong (6.0-6.9)
1995-04-29 09:43:57.200,1995,12.03,126.06,18,6.3,63.0,7.3,4.5809523809523816,0.503434176833376,3.604089929041245,0.04869532541012545,0.11679032303528235,0.7075161403623179,4.643665647457453,0.09617774386918863,0.25423955307042456,0.14099074935449263,0.7366647168226583,4250356310065.095,0.030881434754716004,0.007541393093985409,-0.4929503017546496,38.755421707584496,6.191652777772106,8.381351851847285,8.381351851847285,43535.17270833333,Strong (6.0-6.9)
1995-05-05 03:53:47.200,1995,12.8,125.5,34,6.9,40.0,6.3,4.475,0.708703390135182,4.34774565337385,0.09759771907271436,0.08190724782245618,0.7841428145475383,4.708373169070479,0.11948158684656311,0.0979000833216635,0.16521115336482772,0.2955157635573329,521983203856.99097,0.007479797313871837,0.004441928425934284,2.7310370806548203,27.73795867530238,11.948481481478666,14.138180555553845,14.138180555553845,43535.17270833333,Strong (6.0-6.9)
1995-05-08 18:05:08.500,1995,11.56,126.12,12,5.1,16.0,6.3,4.4937499999999995,-0.0,0.0,0.0,0.0,,,,,,,469624710737.26886,1.0,,1.2080808993852439,9.989513088866536,9.348047453702748,17.729399305550032,17.729399305550032,43535.17270833333,Moderate (5.0-5.9)
1995-05-08 18:07:28.300,1995,11.69,126.2,36,5.6,20.0,6.3,4.5649999999999995,0.3899144143310519,2.396191561591245,0.04547032753767722,0.07069137819765724,0.4571520862139492,2.6714512685466185,0.06250444650043765,0.2612316877514447,0.15457045566725558,0.4563183257652961,490371628230.38654,0.06764827971070421,0.04251515251442983,1.0718844015157447,11.534847627206373,9.349665509264014,17.7310173611113,17.7310173611113,43535.17270833333,Moderate (5.0-5.9)
1995-05-15 20:04:11.500,1995,11.12,126.18,8,5.5,10.0,5.6,4.550000000000001,0.6385228699619386,3.4648123293332973,0.13926428405644198,0.081921582685835,1.0022180351613519,5.187910605093593,0.34309253143335006,0.17311471035747947,0.17370676552301134,0.42357089666784287,119450458633.91624,0.012145947235174122,0.0009847951351168536,0.4296689244236597,7.916692323229696,10131.191701388892,13972.884253472228,43535.17270833333,43535.17270833333,Moderate (5.0-5.9)
1995-05-17 19:33:38.000,1995,12.45,126.3,13,5.6,19.0,6.9,4.6,0.38585704827411454,2.4440641553513873,0.052634843843265215,0.14948544092804641,0.7767868782009376,4.459254949242351,0.21331638967146968,0.36078958323161875,0.5658817914993399,1.1593585520263643,1626363617787.9443,0.0695710976074945,0.004673468990519302,0.5846128222154678,9.437805195696217,12.652671296295011,12.652671296295011,26.790851851848856,43535.17270833333,Moderate (5.0-5.9)
1996-03-21 21:43:23.600,1996,9.17,126.71,19,5.0,6.0,5.2,4.433333333333334,0.28090648271100355,1.6259406937190966,0.042087466711764616,0.08099268678700165,0.6059923003301187,3.0222889161061612,0.19586799348095693,0.18444351337393414,-0.5881921343618952,0.21266119312118814,62505438038.33047,0.1436417051285311,0.015206284059065848,-0.7844645405527361,5.902161781301538,439.98877662037194,2288.124752314816,16073.448803240739,16073.448803240739,Moderate (5.0-5.9)
1996-03-25 00:00:50.000,1996,9.13,126.52,14,5.1,8.0,5.2,4.5625,0.49649329692664984,2.859741332557386,0.10764698522377747,0.12372061815799465,0.5790593092043358,3.1310191029942294,0.1464270079362614,0.1637421342364328,-0.5598790361511652,-0.2070784343255756,74616507773.89133,0.03239814234610549,0.018315638888734182,-1.0,7.332389771686974,443.0842210648152,2291.220196759259,16076.544247685182,16076.544247685182,Moderate (5.0-5.9)
1996-04-06 04:04:37.500,1996,10.26,126.01,22,5.2,4.0,5.4,4.425,0.3117810669376946,1.5657143464951588,0.07436249550400575,0.12280089280974142,0.9143041724278993,4.25927668103956,0.6394931269917572,0.32890555824718914,0.37816091954022824,0.7415101784680527,73039212439.1597,0.11605311427094091,0.0018075381933252185,0.0,4.407993072862402,640.7467210648174,14298.568686342598,17382.18735532408,43535.17270833333,Moderate (5.0-5.9)
1996-04-06 04:15:09.600,1996,10.51,126.36,15,5.3,5.0,5.4,4.58,0.28836998911627915,1.6659845993285363,0.05750586935275166,0.08519839717921697,0.5317891615141866,2.7106357330792465,0.19556494697606622,0.17117857896577524,-0.3772468086363965,0.30279996425437794,87324648333.10506,0.13642376553557484,0.025388235342336675,-0.34641016151377546,5.289016160489034,7531.547576388886,14298.576002314814,43535.17270833333,43535.17270833333,Moderate (5.0-5.9)
1996-04-21 15:45:40.500,1996,12.8,125.49,54,5.5,4.0,5.7,4.75,0.3495149081639123,1.8596572899779338,0.09068253018743333,0.13116810987589445,0.8685889638065036,4.336992535695928,0.5600423037598566,0.28423295313000685,0.37931911761025994,0.706852819440055,136109092724.88782,0.08942424363624994,0.0024787521766663602,0.0,0.37011625880528665,352.4943668981432,352.4943668981432,366.63254745369704,43535.17270833333,Moderate (5.0-5.9)
1996-06-14 05:15:22.200,1996,12.7,124.85,7,5.0,10.0,7.0,4.63,0.17726244565562352,1.112633809993469,0.01995417445009044,0.1214226868285307,0.48254942433694675,2.7252774584105284,0.14787130126776332,0.2907813403338602,0.723240103800455,1.3523350749920988,1995642314620.6057,0.29390884970157205,0.03567399334725233,-1.125087900926024,9.650044302490103,2.453084490742185,2.453084490742185,2.453084490742185,43535.17270833333,Moderate (5.0-5.9)
1996-06-26 00:21:28.800,1996,12.71,124.62,20,5.4,11.0,5.5,4.418181818181818,0.6936730411003416,3.6843558055387406,0.1549537625119217,0.08654597551280596,0.9074810069620203,4.656518269254742,0.2651963740289043,0.13184001761145947,0.18862765706676932,0.3687430000949581,97319667017.26842,0.008298142274769398,0.0018947720907427983,1.8073922282301278,9.98490283220898,14.248994212968682,14.248994212968682,14.248994212968682,43535.17270833333,Moderate (5.0-5.9)
1996-08-08 23:12:30.400,1996,12.07,126.08,8,5.2,5.0,4.9,4.4799999999999995,0.9858651726511466,4.818161398915213,0.3192845980436266,0.06891409162637643,1.3362907135484663,6.348110059586367,0.586603730269772,0.16641108940729604,0.012758283205787535,0.14945433263603558,33334897510.064133,0.001102565710845352,9.797783966128993e-05,-1.0834726777719228,3.863221404593347,467.56149537037345,475.94284722222073,475.94284722222073,43535.17270833333,Moderate (5.0-5.9)
1996-09-20 04:10:29.100,1996,9.46,126.51,58,6.3,4.0,5.9,5.2,0.39690205465035966,2.34762467137171,0.12107550982291836,0.10354183006060068,0.4571520862139492,2.567813962047944,0.16062421721755082,0.1366322349505144,-0.014871550462966177,0.2830203569361034,221992870808.24216,0.06446052466431176,0.04251515251442983,-0.8660254037844386,2.3389456811218015,622.2575902777826,14465.572755787041,16255.71761689815,16255.71761689815,Strong (6.0-6.9)
1996-09-20 12:24:41.000,1996,9.55,126.75,21,5.8,8.0,6.3,5.025,0.41721619415944794,2.6465191006016133,0.11518104277049147,0.0695827991167738,0.4251834088563305,2.630868357210845,0.11962206928181839,0.08783923460435182,-0.04327990535810944,0.11239177632207298,518116227833.08624,0.05602107231532324,0.053021226953108576,-1.0,5.633192144144715,0.3431932870335004,14465.915949074075,16256.060810185183,16256.060810185183,Moderate (5.0-5.9)
1996-09-20 18:51:10.800,1996,9.79,126.56,21,5.2,20.0,6.3,4.705,0.5509970277474192,3.4972474278938352,0.10583498062617297,0.09433182911949207,0.5868844350043941,3.6409799575197734,0.1200703856423669,0.09834069337584816,-0.04712575890154813,0.09608703118440598,546061799500.106,0.02223355539214821,0.017351886369125796,-1.0062305898749055,12.850377959354011,0.6115937499998836,14466.184349537041,16256.32921064815,16256.32921064815,Moderate (5.0-5.9)
1996-09-20 19:24:52.800,1996,9.59,126.98,15,5.1,22.0,6.3,4.704545454545455,0.5922591725062076,3.7452712938626203,0.114030386343838,0.09205604698116703,0.6038318999724364,3.7708037121855567,0.11853022538476399,0.09122554398825321,-0.02370331727258357,0.05520950059497398,548188529916.0683,0.016719469080215783,0.015434917058330288,-1.0058848763579586,15.535055580948827,0.6349965277768206,16256.352613425926,16256.352613425926,16256.352613425926,Moderate (5.0-5.9)
1996-09-20 20:15:19.200,1996,9.8,126.94,10,5.2,25.0,6.3,4.688,0.6306894634472638,3.972583815419459,0.1164821625544119,0.09068016554541408,0.6418145052757424,4.000075082268948,0.1206277785551858,0.08858899049222492,0.001204720139369897,0.06755269725417268,549676004353.98627,0.012821286640830942,0.011872891093657656,-1.0053994357854525,17.838181205256838,0.6700243055493047,14466.89198148148,16256.387641203699,16256.387641203699,Moderate (5.0-5.9)
1996-09-20 21:25:17.200,1996,9.77,126.97,18,5.7,27.0,6.3,4.703703703703703,0.6751309078692939,4.236633992959966,0.1250575611084576,0.09150620208281347,0.6562672170982486,4.118024676610569,0.11816677796163434,0.08666346108235605,0.024722207829679377,0.025079404668683303,551928549258.9832,0.009432075672380767,0.01074480031198672,-1.0051055014104326,18.908034652496923,0.7186122685125156,14466.940569444443,16256.436229166662,16256.436229166662,Moderate (5.0-5.9)
1996-09-21 00:40:21.800,1996,9.49,127.27,6,5.7,28.0,6.3,4.692857142857142,0.723582055127475,4.476620336454846,0.13540634293560044,0.09325926540990673,0.6917965198458883,4.299177192425215,0.12377136457240082,0.08909404718834966,0.11325130338370482,0.08548884087629727,530401489249.40643,0.006749223882468005,0.008406407536560785,-1.1013258647135649,21.490066191059434,0.854082175927033,16256.571699074077,16256.571699074077,16256.571699074077,Moderate (5.0-5.9)
1996-09-21 18:17:19.200,1996,9.44,127.0,21,5.7,40.0,6.3,4.717499999999999,0.7945953486515048,5.0043097738498385,0.13204274711442465,0.10493632937356592,0.7000567767992727,4.511613582075787,0.10249178156817325,0.1118883052280785,0.002065104782486671,-0.1446395372434237,586674643546.7661,0.0041325103889817295,0.00794016760088241,-1.5600345717863238,24.65488310221518,1.5880798611069622,16257.305696759257,16257.305696759257,16257.305696759257,Moderate (5.0-5.9)
1996-09-22 14:05:26.400,1996,9.51,126.75,43,5.0,43.0,6.3,4.732558139534883,0.8176795919003594,5.166294322373206,0.13613860551268842,0.12359017149269107,0.6753104544340122,4.43376399740861,0.09285855620036672,0.14060143334519415,-0.01823806482228907,-0.2655195596292286,602562152163.8325,0.0035233941124231333,0.009420384662489704,-1.4971083238474538,24.498523540769874,2.4131631944437686,14467.985918981485,16258.130780092593,16258.130780092593,Moderate (5.0-5.9)
1996-09-25 09:26:41.500,1996,9.75,126.75,7,6.0,49.0,6.3,4.6938775510204085,0.8423773626875922,5.306863443260577,0.13037259950703356,0.11554217039889643,0.7330801996320881,4.744066818259076,0.0987360909143581,0.1257882623261021,0.00013526202899249995,-0.17141584323241332,602582773019.1185,0.002970762354762589,0.006320615926003511,-1.8525389522633602,26.36653826752069,5.219587962965306,14470.792343750007,16260.937204861115,16260.937204861115,Strong (6.0-6.9)
1996-09-26 03:45:21.600,1996,9.71,127.11,8,5.5,54.0,6.3,4.703703703703704,0.8148309404487745,5.224117180460978,0.11782932771453594,0.1158903558575161,0.7320681471717692,4.789301571622779,0.09510895246353442,0.11906369728234258,-0.111289656703212,-0.2421526535821803,653396006651.0258,0.0035934133642488582,0.006364958237922735,-1.8111395433849422,31.935313311329942,0.7629641203639039,16261.700168981479,16261.700168981479,16261.700168981479,Moderate (5.0-5.9)
1996-10-02 09:48:01.700,1996,11.93,125.64,19,6.2,3.0,4.4,4.2,1.2552725051033002,5.487980770643385,0.4184785835288506,0.06779651486832566,1.7371779276130073,7.425832965171692,0.8014673033488809,0.14028396693850106,0.028056260029560853,0.12534692783297263,11633276172.76789,0.00017146776406036355,6.144212353328218e-06,-0.6123724356957945,1.116003966215044,516.246001157404,516.246001157404,530.3841817129578,43535.17270833333,Strong (6.0-6.9)
1996-10-08 19:52:28.600,1996,9.2,126.55,5,5.2,14.0,6.0,4.521428571428571,0.5515010944824044,3.2033890004833325,0.11028733068866016,0.08031613603599685,0.7755258605415216,4.257208614274391,0.21808481981690817,0.1660979573934188,0.1915092598505499,0.5105523479233351,269262133958.52072,0.02215627345183763,0.004714356473549257,1.8856180831641265,5.6329758507131915,13.434572916659818,2489.0477268518516,16274.371777777775,16274.371777777775,Moderate (5.0-5.9)
1996-10-31 18:42:37.900,1996,10.02,126.78,109,5.4,12.0,4.8,4.3916666666666675,1.5051499783198976,7.174548229991507,0.28292299121909154,0.08689987451537572,2.895296546021706,13.619394107363831,1.0468749118875675,0.4582160135119273,0.03333333333333588,0.09602792291600881,36337231021.32603,3.051757812500175e-05,2.061153622438169e-09,0.6928203230275508,4.129672417697952,36.38606944444109,14507.178413194448,16297.323274305556,16297.323274305556,Moderate (5.0-5.9)
1996-10-31 19:37:53.700,1996,9.92,126.44,14,5.2,14.0,5.4,4.457142857142857,0.5689391661997595,2.9646048583374207,0.06422127960360009,0.10323769287842237,1.1329421267041393,5.688655037558704,0.2546611770232509,0.192096362139639,0.18924103935477365,0.3788652893438922,81384415265.95078,0.01964185503295963,0.000399184454259176,0.3188964020716403,4.617222593065757,36.42444675925071,14507.216790509257,16297.361651620366,16297.361651620366,Moderate (5.0-5.9)
1996-11-04 05:15:02.600,1996,9.68,126.56,7,5.0,23.0,5.4,4.443478260869566,0.8967018736185999,4.848320615726725,0.13400019152818002,0.06401526396046327,1.0099871672168674,5.34491097353361,0.1699968899533503,0.129430438218113,-0.00683671838617439,0.10794169765333805,99909242387.69229,0.002041241452319331,0.0009333370334683892,-0.6919735266348835,8.081077310795797,39.82524421295602,14510.617587962963,16300.76244907407,16300.76244907407,Moderate (5.0-5.9)
1996-11-04 12:53:35.800,1996,9.89,126.48,3,5.6,29.0,5.4,4.437931034482758,1.1607211757665943,6.256509491912018,0.2013462368549775,0.06058952860428935,1.3160438845553082,6.966684351099038,0.25883824391495186,0.11122968120441137,0.00980843415738697,0.10634343363627075,107525769827.45695,0.00032948562577510575,0.00011268558050780106,-1.235762288522732,10.618978120226231,40.143684027774725,14510.936027777781,16301.08088888889,16301.08088888889,Moderate (5.0-5.9)
1996-11-04 13:21:13.000,1996,9.83,126.64,6,6.9,31.0,5.6,4.46774193548387,0.9576884472689509,5.380452331057514,0.15167200670416978,0.058085972543278165,1.1207599532987165,6.135463777170278,0.20772183223414853,0.1026679536045772,-0.018165642909236723,0.12562187013208614,153690413912.63934,0.0013394751414377926,0.0004342303154472886,-1.322385973614525,11.394219907606002,40.16286458332979,14510.955208333336,16301.100069444445,16301.100069444445,Strong (6.0-6.9)
1996-11-05 19:29:00.800,1996,9.96,127.66,91,5.7,15.0,5.5,4.593333333333334,0.6550080813884008,3.8339792750776547,0.12972537474938875,0.10080248912420611,0.7896263307331853,4.428598364665341,0.1885275661868966,0.12045291083631295,-0.35333125501426554,-0.10847351753492074,142592967740.36136,0.01083866406299417,0.004276820349208924,-2.2874785549890695,11.625201273324459,43535.17270833333,43535.17270833333,43535.17270833333,43535.17270833333,Moderate (5.0-5.9)
1996-11-20 19:43:00.100,1996,10.1,127.15,38,5.8,23.0,5.7,4.51304347826087,0.45596174863114797,2.722129303183881,0.04411139542101692,0.10594130973491482,1.05925483391037,5.783393207105795,0.23806463486120613,0.18727824764420656,-0.2700826031044059,0.24013045590201898,182724506131.09824,0.04286617712038279,0.0006641030858712766,1.752919642404429,7.940074528094512,16.265128472219658,16.265128472219658,16317.365197916664,16317.365197916664,Moderate (5.0-5.9)
1996-12-14 16:25:54.000,1996,10.2,126.3,6,5.2,4.0,5.1,4.6,0.7904489527437973,3.9019146598264687,0.25572704961737025,0.10149491787355588,1.240841376866435,5.937677911853633,0.6301755443476568,0.17596905814672317,0.16367280735563305,0.31479697360803804,42921297565.76057,0.004252586358998555,0.0001894418252328926,0.8660254037844386,-0.7454469950022529,40.128252314814745,40.128252314814745,16341.22832175926,16341.22832175926,Moderate (5.0-5.9)
1997-04-14 09:24:14.500,1997,9.94,126.49,3,5.2,3.0,4.4,4.266666666666667,2.3856062735983135,10.41714739471264,0.8726379848701841,0.13773304242424508,3.7225241305993144,16.11172260323678,2.124768505110443,0.20309043331208476,0.03333333333333233,0.07182856632205503,12481666077.262629,6.969171937625565e-08,6.79872708748768e-12,-1.4411533842457844,-1.5258222036640348,160.83543402777286,160.83543402777286,16461.935503472218,16461.935503472218,Moderate (5.0-5.9)
1997-10-06 12:30:04.500,1997,9.75,126.17,140,6.6,3.0,5.2,4.8,0.3263387505685673,1.7960976931296766,0.07483133914676102,0.0886589947589921,0.6681453567742341,3.283331753171446,0.31368094210217534,0.19067344575833792,-0.30378307816771777,0.285902012365729,57681673504.19688,0.10495031545278626,0.009898375607203868,-0.6123724356957945,-0.8211634503633475,335.96448495369987,335.96448495369987,16637.064554398145,16637.064554398145,Strong (6.0-6.9)
1998-01-27 21:14:22.700,1998,11.75,125.73,3,5.7,4.0,4.3,4.15,1.982271233039556,8.571478427542056,0.583375749854642,0.05171799541411685,2.171472409516257,9.28794962939299,0.7000528796998192,0.09780999774127694,-0.024069423334568185,0.022741127776021663,11449853884.551477,1.1302806712963945e-06,3.0590232050183034e-07,-0.6324555320336758,6.34332552232842,482.4766319444534,1012.8608136574112,1012.8608136574112,43535.17270833333,Moderate (5.0-5.9)
1998-05-25 19:04:45.100,1998,9.72,126.76,8,5.3,4.0,4.6,4.300000000000001,1.1562656207653097,5.262431277217537,0.3766072631636527,0.1157416688804426,1.240841376866432,5.56542549879369,0.4337165549213931,0.1342605651764615,0.04876957101393664,0.11479697360803698,17784914351.56384,0.0003397841667012669,0.00018944182523289666,0.0,2.8792187439676864,231.2740810185278,231.2740810185278,16868.338635416672,16868.338635416672,Moderate (5.0-5.9)
1999-03-05 13:01:10.200,1999,5.25,122.09,36,5.8,5.0,6.5,5.140000000000001,-0.0,0.0,0.0,0.0,,,,,,,709177902191.147,1.0,,-1.5075567228888183,11.196300409382683,1.1729745370394085,1.1729745370394085,43535.17270833333,43535.17270833333,Moderate (5.0-5.9)
1999-03-05 22:43:29.700,1999,6.33,122.15,25,5.5,4.0,6.5,5.2250000000000005,0.1056245598820989,0.6302265406298566,0.010905525328155636,0.13022270319892884,0.9143041724278975,4.990720018981871,0.8171431970253835,0.4857950174084556,0.533333333333335,1.0415101784680507,708870073514.1766,0.48208799897124677,0.0018075381933252406,-1.3333333333333333,10.01427552475536,1.5773668981491937,1.5773668981491937,43535.17270833333,43535.17270833333,Moderate (5.0-5.9)
1999-03-06 13:15:32.300,1999,5.32,121.92,38,5.3,6.0,6.5,5.250000000000001,0.2788954371592767,1.7729781362268309,0.05342098851151994,0.07846505866207254,0.3619120682527098,2.11059033692753,0.08995705566504986,0.20126558675560915,0.14285714285714235,0.6682233833280655,728337548111.8752,0.14565107304474084,0.08208499862389883,-1.5491933384829666,12.264932589646444,2.182952546296292,2.182952546296292,43535.17270833333,43535.17270833333,Moderate (5.0-5.9)
1999-06-09 01:05:33.400,1999,8.6,125.65,14,5.0,6.0,5.1,4.550000000000001,0.7297696864581381,3.7898832886382547,0.218544828137012,0.09147410379498916,0.6681453567742331,3.408270489779742,0.1831938136757595,0.12486820912734402,-0.09325940630949248,-0.0010913347279304375,51267803239.954575,0.006466822499099998,0.009898375607203939,-0.9999999999999999,5.902161781301538,819.2389907407414,819.2389907407414,27310.917087962964,32108.87358101852,Moderate (5.0-5.9)
1999-06-30 06:03:03.600,1999,5.45,127.2,50,5.2,5.0,6.1,4.74,0.32324179385600965,1.8115209254823934,0.086846924011256,0.1400231166477265,0.5603799766493569,2.9556558932552615,0.26101450476975524,0.20340240125170508,0.4957713392428813,0.8256218701320837,309917748513.3154,0.10721970757781732,0.02083819367045274,0.30618621784789724,5.490790707171333,11.797053240741661,300.89270601851604,300.89270601851604,15253.904150462964,Moderate (5.0-5.9)
1999-07-12 05:57:59.500,1999,5.55,126.82,7,5.6,4.0,5.2,4.6,0.664035568101526,3.305823875121441,0.21513782693835842,0.13582368482752033,0.9650988486738945,4.655475155758319,0.45444118952064416,0.18197665722404507,0.2216162598446756,0.3761675374960509,50783467197.53997,0.010183411552300002,0.0012726338013397947,1.921537845661046,3.3850163286595922,23.7935335648217,312.8891863425961,312.8891863425961,15265.900630787044,Moderate (5.0-5.9)
1999-12-13 09:31:22.400,1999,5.41,126.05,19,5.5,4.0,5.2,4.575,0.19848131582240516,1.2140440484470445,0.030136564255224024,0.09554210285228236,0.6948711710452029,3.381544675508774,0.36937123015043827,0.24708253204367597,-0.9166666666666643,0.333566024300068,61936473624.61949,0.2538376582240099,0.00822974704902003,0.0,2.708664000977973,177.94171527778235,467.0373680555567,467.0373680555567,10702.859719907414,Moderate (5.0-5.9)
2000-01-03 02:38:27.400,2000,9.67,126.11,19,5.0,4.0,5.5,4.55,0.24479362284763292,1.2517554984533017,0.04376531893240957,0.14101643918946535,1.085736204758131,5.162152051312113,0.8609512047693072,0.41725451775061123,0.3864864864864854,0.7454822555520444,89837920977.62805,0.18433980827354435,0.0005530843701478286,-0.6324555320336758,2.708664000977973,130.05123726852617,818.5891539351869,17455.65370833333,17455.65370833333,Moderate (5.0-5.9)
2000-07-16 03:21:43.000,2000,20.327,122.211,15,6.4,3.0,5.2,4.5,0.35577403715855765,1.7427306664456421,0.10496584737778616,0.10107666478519074,0.7896263307331853,3.635626577652404,0.5170621596276367,0.22409453150725847,0.30157997934807135,0.5957632412325395,48597023284.12859,0.08564024252887038,0.004276820349208924,0.9999999999999999,5.887866499588108,2615.7098009259244,25409.521053240736,43535.17270833333,43535.17270833333,Strong (6.0-6.9)
2001-01-02 07:30:03.800,2001,6.483,127.232,47,6.2,18.0,7.2,4.661111111111111,0.37926089593693807,2.4433642355322105,0.05799243470986269,0.22293060151143138,0.6204206884332167,3.746990206310457,0.15519143591564738,0.3039363943625911,0.7575635091615593,1.1605653451483988,3021192626059.0425,0.07281440619811426,0.013763786733050419,-1.1399408934860225,17.36231060005857,1.0228796296360088,1.0228796296360088,1.0228796296360088,28021.629905092595,Strong (6.0-6.9)
2001-01-05 01:41:59.080,2001,6.808,127.455,30,5.0,26.0,7.2,4.6269230769230765,0.4428375911875505,2.9523158862271712,0.06351934526973482,0.14649601306923285,0.6274977305066,3.914244069080549,0.1275385197872508,0.23347016281835895,0.5331859241895147,0.9621382854716494,3045110238855.081,0.04693396297961111,0.013107105903525791,-1.6176446437794634,22.41903961546979,2.758278703702672,3.7811583333386807,3.7811583333386807,21044.107211574075,Moderate (5.0-5.9)
2001-01-05 22:51:42.120,2001,6.776,127.594,23,5.2,27.0,7.2,4.640740740740741,0.459049568706464,3.05800688979441,0.06601922177594789,0.15106675663132532,0.6204206884332175,3.906796887083495,0.12059346553818581,0.21555643173691919,0.5383950268999582,0.9029874085122085,3045274432096.4004,0.041961527955377546,0.013763786733050341,-1.9351648543983613,24.137849815516685,3.6400268518482335,4.662906481484242,4.662906481484242,21044.98895972222,Moderate (5.0-5.9)
2001-01-08 04:20:49.890,2001,5.488,127.523,33,5.5,4.0,4.9,4.550000000000001,0.7279795844396472,3.621753130148919,0.20816592243360452,0.08648820299237128,0.8685889638065021,4.163274742934621,0.296346531884854,0.13086868397230905,-0.07507513612035766,0.10685281944005354,33150829079.977345,0.0065472850109865345,0.0024787521766663854,-1.333333333333333,4.819094914515003,569.726061226851,858.8217140046254,858.8217140046254,15811.833158449073,Moderate (5.0-5.9)
2003-06-26 14:11:45.510,2003,12.292,123.817,4,6.0,3.0,4.7,4.3999999999999995,0.5767855668282784,2.7568011198329576,0.15928234959536386,0.08437908520728299,0.9650988486738945,4.337516649415241,0.4459462126284336,0.17206970276903763,-0.07959449469670421,0.2056244700993517,20739928240.393894,0.018605583705399102,0.0012726338013397947,0.6123724356957945,3.259718258647996,131.13177847222687,16748.232494328706,21969.50876747685,43535.17270833333,Strong (6.0-6.9)
2004-02-26 17:25:55.910,2004,8.177,123.294,20,5.0,4.0,5.0,4.55,0.7074102276214955,3.5123679099256946,0.22288771854463338,0.06839596503438913,0.8685889638065036,4.163274742934627,0.33602538225591405,0.11792772330548631,0.03489238240840109,0.20685281944005496,37357299910.63497,0.007546912541501533,0.0024787521766663602,-0.9999999999999998,8.867725110565202,423.5255394675987,17863.964438773153,17863.964438773153,43535.17270833333,Moderate (5.0-5.9)
2004-07-31 04:48:21.470,2004,19.916,122.655,1,5.1,9.0,4.7,4.266666666666667,1.5976457241966127,7.501553892360152,0.5084162588458392,0.11278106407940551,1.4009499416233948,6.582959759154277,0.3909342335533701,0.11080747294101738,0.004619929970794523,0.0010742471454294744,26863200338.14011,1.6108786568215585e-05,6.268305795836468e-05,-1.9958974315773466,12.27700756236849,1476.060167476855,26885.58122071759,43535.17270833333,43535.17270833333,Moderate (5.0-5.9)
2005-02-20 05:08:39.170,2005,8.925,126.427,48,5.1,3.0,5.0,4.7,0.31808083647977475,1.7503197616255781,0.05856242051287263,0.08601419135571066,0.7896263307331853,3.793551843799041,0.3609003080423377,0.2046967960857552,-0.5027513791666998,0.1957632412325392,41194675062.25289,0.11111111111111126,0.004276820349208924,0.44721359549995787,2.599710778816777,2693.6934568287033,2693.6934568287033,19330.758011226848,19330.758011226848,Moderate (5.0-5.9)
2006-05-31 18:06:50.430,2006,20.912,119.955,74,5.2,4.0,5.0,4.525,0.675393635065917,3.3490832878922454,0.2114649772775532,0.06824747218771385,0.9143041724278975,4.350707098282342,0.3875305336286677,0.1305116147777208,0.04128686737567211,0.2415101784680509,36977636037.05106,0.009414973344812247,0.0018075381933252406,-2.8284271247461903,7.343625335737808,12562.526972569445,12562.526972569445,12562.526972569445,43535.17270833333,Moderate (5.0-5.9)
2006-10-20 22:09:28.000,2006,13.442,121.552,11,5.1,5.0,5.2,4.32,0.24629726917962114,1.2123298916285798,0.03163214106780298,0.09030899869919438,0.7238241365054201,3.3410913689867456,0.2731967429279686,0.214918598712319,0.2777777777777768,0.5841116916640328,49005182717.67738,0.18243501321018057,0.006737946999085445,-1.0,11.196300409382683,4357.898292824069,4358.1208356481475,4358.1208356481475,43535.17270833333,Moderate (5.0-5.9)
2007-02-19 11:12:58.230,2007,5.151,126.652,24,5.4,4.0,6.1,4.75,0.18094474511597977,1.0008759994328755,0.03402610245897946,0.13912568614184917,0.7238241365054201,3.642121364650727,0.544485573099861,0.38426685285820483,0.5686097471836158,1.0682233833280659,309311650074.9957,0.2865271398684897,0.006737946999085445,0.0,3.3850163286595922,6.935766319445975,3092.1079216435173,3092.1079216435173,25891.377410069446,Moderate (5.0-5.9)
2007-03-15 06:07:58.180,2007,3.948,126.445,9,5.3,3.0,5.5,5.0,0.03884366008581209,0.4965430847625686,0.001735154418191428,0.03995005343170847,0.41361379228881134,2.131576423874908,0.19673782454726174,0.23642594157408042,-7.283117854126582,0.3464570968984848,126104772417.26497,0.7646611396363456,0.0574326192676173,-1.4411533842457844,3.6122809875741004,348.3703677083322,24758.107409490738,24758.107409490738,34333.89095115741,Moderate (5.0-5.9)
2007-03-20 03:10:32.000,2007,9.27,126.43,49,5.3,3.0,4.9,4.633333333333334,0.39760104559971776,2.0944974110666585,0.07947597138551352,0.08724318262606633,0.8985403073860382,4.250990545741023,0.40589708898995197,0.19974086533816848,-0.3678367782143104,0.1690040604770804,33667745480.27791,0.06415002990995881,0.00201548271450704,-0.44721359549995787,2.9650961789828814,3451.611429398152,3451.611429398152,20088.675983796296,20088.675983796296,Moderate (5.0-5.9)
2007-11-17 15:02:34.030,2007,5.7,126.828,52,5.4,3.0,4.9,4.466666666666667,0.619110832143756,2.939355549281524,0.20570337939638406,0.08504274464741032,1.0423067565678037,4.750578956647657,0.5830364778023007,0.1680889961052082,0.15229507113677343,0.34224487972162176,27710253595.159683,0.013888888888888909,0.0007465858083766833,-1.4411533842457844,1.8251671638682199,89.05294942130422,89.05294942130422,3363.2673637731496,18316.278808217598,Moderate (5.0-5.9)
2007-12-09 05:22:08.240,2007,12.47,125.61,23,5.4,4.0,5.4,4.475,0.3043380175943546,1.5316141537628927,0.06644741225810803,0.1328491063699934,1.0218693691841223,4.791724404982864,0.7491286730774125,0.3503568453052927,0.3673913043478283,0.7108248965240476,73150566288.06015,0.12217601261424423,0.0008597890156869469,-0.8660254037844386,3.907598644188526,1481.5053841435147,1481.5053841435147,4197.457784027778,43535.17270833333,Moderate (5.0-5.9)
2007-12-12 19:58:39.920,2007,12.655,125.75,30,5.0,9.0,5.4,4.577777777777778,0.45875957758702035,2.6571832192716713,0.08139043246775535,0.10768363363309592,0.7896263307331853,4.17354447253634,0.24112726011223778,0.16516721229651668,-0.392104076056353,0.11453229192457037,105557436692.11877,0.04204566901850597,0.004276820349208924,-1.5397947077242096,8.17198022281197,1485.114084143519,1485.114084143519,4201.066484027782,43535.17270833333,Moderate (5.0-5.9)
2008-03-21 17:05:28.310,2008,13.181,125.703,36,5.3,6.0,5.1,4.633333333333333,,,,,,,,,,,58607363041.77943,,,-2.449489742783178,4.392943174621057,18.120969212963246,18.120969212963246,4300.94621076389,43535.17270833333,Moderate (5.0-5.9)
2008-03-21 17:40:28.570,2008,13.136,125.848,36,5.1,7.0,5.3,4.628571428571428,0.6900367438544439,3.675008330564408,0.17185726192598857,0.08228963309832943,1.0099871672168674,5.142913540090236,0.36817573742862164,0.14119972326345107,-0.02581541967801737,0.2079416976533386,73971661032.52173,0.008509220318412366,0.0009333370334683892,-2.401922307076307,4.979301888161361,18.145277777774027,18.145277777774027,4300.970519328701,43535.17270833333,Moderate (5.0-5.9)
2008-03-29 03:01:35.270,2008,13.257,125.524,37,5.7,11.0,5.3,4.6818181818181825,,,,,,,,,,,94388440451.15842,,,1.3055824196677335,8.499776830880773,25.53493865740893,25.53493865740893,4308.360180208336,43535.17270833333,Moderate (5.0-5.9)
2008-04-01 01:31:33.660,2008,19.987,122.128,27,5.1,7.0,5.4,4.6000000000000005,0.16419817945308104,1.0837079843903343,0.012027307355916535,0.08118175266958659,0.48254942433694675,2.472502405180242,0.10387602877677103,0.26690531713206084,-1.1999999999999966,0.2761675374960495,94816736623.61441,0.32166622450235705,0.03567399334725233,-1.8708286933869707,8.63733256105034,2815.9235030092677,28225.444556250004,43535.17270833333,43535.17270833333,Moderate (5.0-5.9)
2008-04-01 13:09:18.850,2008,20.231,122.024,2,5.5,10.0,5.4,4.67,0.6640167447195914,3.7504312610434685,0.1442512604608065,0.07725447810733166,0.7360923422089015,4.0113855442760755,0.17726628920480011,0.12427233778454344,-0.2480974175240771,-0.04956836833611877,105502780515.1338,0.010184735760060855,0.006190460736207604,-2.705008904002297,11.42535086671439,2816.4080538194466,28225.929107060183,43535.17270833333,43535.17270833333,Moderate (5.0-5.9)
2008-04-01 23:09:00.180,2008,13.7,125.626,8,5.0,10.0,5.7,4.720000000000001,0.724093870292066,4.057062217749889,0.19261152298906234,0.08196309791427543,0.9650988486738945,5.234934593103323,0.34216542122658566,0.17399596712471754,0.09704935478398902,0.27575293940465606,155402709866.40784,0.006725404174595241,0.0012726338013397947,0.4850712500726659,9.650044302490103,29.373421412041353,29.373421412041353,43535.17270833333,43535.17270833333,Moderate (5.0-5.9)
2008-04-02 23:47:07.090,2008,19.959,121.209,9,5.2,6.0,5.5,4.716666666666667,0.6072452332795714,3.2918238942042732,0.1757557568650243,0.07627732818915128,0.6355529003462228,3.3371093062776653,0.19252393974582807,0.1263213606982671,0.07908648137754781,0.24928160274345856,100290685958.74922,0.0150752422654154,0.012397705021160586,-1.8665130505147656,6.753637971265559,16372.769642245363,19728.82357743055,43535.17270833333,43535.17270833333,Moderate (5.0-5.9)
2008-04-06 21:17:49.090,2008,20.045,122.086,1,5.1,13.0,5.5,4.746153846153846,0.6960940802341551,4.091708568035817,0.1506952642083225,0.11962549356534301,0.6400129206995296,3.7251561831621403,0.12739172159964174,0.14088544673337935,-0.3780970621951427,-0.3204390297161046,146355528709.444,0.00816051860569863,0.01202157133661839,0.16151457061744973,13.855760595239001,2821.747292708329,28231.268345949065,43535.17270833333,43535.17270833333,Moderate (5.0-5.9)
2008-04-20 05:25:43.960,2008,12.711,124.784,49,5.4,3.0,4.9,4.6,0.8337334825539037,4.032347054278186,0.2769127479729749,0.0738581999191831,1.240841376866435,5.8127391752453335,0.6133678341955734,0.14840766156522622,0.06350591807078931,0.21548569896616243,30103049798.810806,0.003153548773936613,0.0001894418252328926,-2.1213203435596424,2.7130647202950486,1754.5175898148154,4330.46028078704,4330.46028078704,43535.17270833333,Moderate (5.0-5.9)
2008-07-06 12:46:56.270,2008,15.405,122.386,15,5.2,4.0,5.4,4.525,0.43471513222099484,2.2071206206226255,0.13440736783100327,0.10598036932024893,0.7552947511360899,3.623238995872322,0.4057387560030672,0.20144950017500832,0.3228346173590344,0.6028807423560627,73662228320.07436,0.04964260960331917,0.005421453617662299,-0.9999999999999998,6.34332552232842,10324.003578356478,13965.364718402776,13965.364718402776,43535.17270833333,Moderate (5.0-5.9)
2008-07-08 01:41:52.650,2008,15.425,122.407,3,5.4,13.0,5.4,4.4,0.5726360197481881,3.122954788707891,0.09117804690910547,0.11661034829824952,1.1329421267041366,5.763096607881845,0.35690153159307,0.21355146399116318,-0.05364713536739085,0.3131588701292465,90253410076.88022,0.019146612186041724,0.00039918445425918335,-1.1984409135328542,15.107151690449605,10325.54173090278,13966.902870949078,13966.902870949078,43535.17270833333,Moderate (5.0-5.9)
2008-08-17 20:46:46.550,2008,13.081,124.282,13,5.2,6.0,5.8,4.45,0.2824680472410006,1.5142457514887069,0.052282379671883296,0.13025859088047484,0.5790593092043358,2.909170353377873,0.21971655817614488,0.2107897011425777,0.43923170681051005,0.7760407834989165,166730029531.111,0.14210058252682703,0.018315638888734182,-1.8665130505147656,5.556423991156519,1874.1572031250034,19770.751094328705,23848.783085069444,43535.17270833333,Moderate (5.0-5.9)
2008-08-20 13:18:02.830,2008,13.037,124.348,13,5.2,7.0,5.8,4.557142857142858,0.4200018642434659,2.3582746858262356,0.10692628443613765,0.07736740051284391,0.5264175538221233,2.8130137173808802,0.16797427109236923,0.12142798323559352,0.1850851946238139,0.4563071520760902,173464032007.2515,0.05495337970599937,0.026347980814448748,-2.2912878474779204,6.461511257460935,1876.8455859953683,19773.43947719907,23851.47146793981,43535.17270833333,Moderate (5.0-5.9)
2008-08-30 12:04:47.740,2008,13.05,124.33,7,5.1,7.0,5.2,4.3999999999999995,0.1920995553334706,1.2519227945646607,0.018147070411405855,0.05202080550142017,0.5544184875360663,2.805678902371141,0.15115733021181726,0.20110411274414652,-1.3170520170721662,0.1394203738766473,68762689086.04602,0.2652780607016044,0.02171423518842882,2.0493901531919194,6.129684583423837,1886.7947168981555,19783.388608101857,23861.420598842597,43535.17270833333,Moderate (5.0-5.9)
2008-08-31 00:29:34.890,2008,13.013,124.231,1,5.0,7.0,5.2,4.557142857142857,0.2163382849616371,1.5119770986547405,0.023938842038716355,0.04771223148438917,0.5264175538221239,2.813013717380883,0.14174152452359412,0.18688818184115014,-1.7889483450553234,-0.14369284792390946,78905131182.04561,0.2243805173929699,0.026347980814448654,1.1677484162422844,6.129684583423837,1887.311929282405,19783.905820486107,23861.937811226846,43535.17270833333,Moderate (5.0-5.9)
2009-06-14 21:08:24.520,2009,5.174,126.37,43,5.2,3.0,6.3,5.3999999999999995,0.25133542173097545,1.4811747932138883,0.06658016743781027,0.10509175173872427,0.6681453567742341,3.6842189672359864,0.47052141315326307,0.24434817720430654,0.40678056036482957,0.785902012365729,469815112012.8346,0.1761950628082139,0.009898375607203868,-0.9999999999999999,1.9684287409111465,0.6602412037027534,3938.5214203703654,3938.5214203703654,35156.51625601852,Moderate (5.0-5.9)
2009-08-16 17:29:41.770,2009,5.035,127.246,137,5.3,3.0,4.9,4.666666666666667,0.5112013443424956,2.6347077886954176,0.11155046955180639,0.0877740720468474,1.0423067565678037,4.959040307961218,0.46374424619108373,0.1831412717134682,-0.25395316904763643,0.1422448797216207,33943532044.168915,0.029268196826665663,0.0007465858083766833,-0.6123724356957945,1.8251671638682199,63.508357523147424,4001.36953668981,4001.36953668981,18954.380981134258,Moderate (5.0-5.9)
2009-11-16 19:58:57.050,2009,6.546,126.321,38,5.1,4.0,5.5,4.65,0.4598710263718064,2.3830798430389986,0.1465961478661341,0.11066325228710712,0.7238241365054191,3.5697389510001805,0.3631755340204986,0.17673466731255785,0.317938712424394,0.568223383328065,90779915869.86412,0.04172409455076479,0.006737946999085494,1.1547005383792515,3.0662411243416363,3241.5429403935195,3241.5429403935195,3241.5429403935195,14329.29553761574,Moderate (5.0-5.9)
2009-11-17 00:39:09.080,2009,5.822,126.974,119,5.2,3.0,4.6,4.366666666666666,0.9396275030257883,4.317414845114114,0.2950494586047616,0.07415822971415349,1.3714562586418488,6.100091915151243,0.6285608149827189,0.14943227114970517,0.005184680938802089,0.15210610858843143,17254297380.559628,0.0015174608349342842,7.684776196487846e-05,0.6123724356957945,1.4588269454419482,819.4533550925917,819.4533550925917,4093.667769444437,19046.679213888885,Moderate (5.0-5.9)
2009-11-28 18:10:18.980,2009,5.084,126.468,38,6.0,3.0,5.2,4.666666666666667,0.31808083647977564,1.5798014878495519,0.0620542567018799,0.13306276054457478,1.3714562586418488,6.511528792743798,1.15361392521231,0.34402962455198427,0.23333333333333517,0.45210610858843214,49570358148.6789,0.11111111111111058,7.684776196487846e-05,-0.6123724356957945,1.206719165204209,167.5365659722156,4105.397745138878,4105.397745138878,35323.39258078703,Strong (6.0-6.9)
2009-11-29 02:28:01.040,2009,5.111,126.473,64,5.2,4.0,6.0,5.0,0.3246401914023326,1.8652054633297661,0.09283208790881968,0.08816855293023258,0.6681453567742341,3.541899561134593,0.39321987085002835,0.22496641411917287,0.2545454545454522,0.6989086652720715,256033112809.6671,0.10618897427721273,0.009898375607203868,-1.1547005383792515,1.9738957749615027,0.34562569444824476,4105.7433708333265,4105.7433708333265,35323.73820648148,Moderate (5.0-5.9)
2009-11-29 20:09:09.110,2009,5.173,126.367,74,5.6,7.0,6.0,4.814285714285715,0.5097196973516022,2.9355967889304297,0.15725551701231644,0.11064918183019626,0.5109346845920612,2.8959891480818816,0.15800609094815485,0.11193731617148654,0.2407625128415054,0.3319777744310155,260954068639.21185,0.02956929077016433,0.029322159123893774,-1.4852213144650113,4.09361410979329,1.0825246527892887,4106.4802697916675,4106.4802697916675,35324.47510543982,Moderate (5.0-5.9)
2009-12-01 16:11:13.110,2009,5.285,127.322,109,5.3,5.0,6.0,4.840000000000001,0.3715639409916382,2.1240238076082387,0.10842869538677752,0.08425365870226012,0.5603799766493569,3.011693890920197,0.24662797032086511,0.14681315470448192,0.28355775875453304,0.6256218701320844,256163345052.07184,0.0767906205252416,0.02083819367045274,-1.0834726777719228,3.3003113660143266,2.917293171303754,834.1006239583367,4108.315038310182,19061.32648275463,Moderate (5.0-5.9)
2009-12-26 05:09:26.060,2009,6.426,126.251,13,5.0,3.0,4.1,4.033333333333333,,,,,5.21153378283904,21.323256386075823,2.0822731350082244,0.044032123564239356,,0.008448975944324033,7462318208.131916,,2.3195228302432847e-16,0.6123724356957945,1.6315925568196465,3280.9252206018573,3280.9252206018573,3280.9252206018573,14368.677817824078,Moderate (5.0-5.9)
2009-12-30 11:17:47.590,2009,6.353,126.537,31,5.5,9.0,5.0,4.433333333333334,1.240118601268018,6.171244463164143,0.39546612285241983,0.061261798108196756,1.184439496099779,5.871241083612693,0.36075188101239536,0.09988625758526164,0.023665916426008238,0.04302152794971459,44532379116.11551,0.00019039002732507815,0.0002796929449188853,-1.9958974315773466,6.146373318096205,3284.1581457175926,3285.1810253472286,3285.1810253472286,14372.93362256945,Moderate (5.0-5.9)
2010-01-03 21:38:40.050,2010,6.51,126.233,20,5.3,12.0,5.5,4.6,0.9894172270540984,5.2968185898682005,0.28668613690102357,0.11985677608135158,0.8228737551851102,4.492599656735298,0.19829610298692843,0.12969794781832775,0.14652681898514608,0.04035369529477517,106055655356.04138,0.0010758415641490579,0.0033992157820051275,0.0,8.094792123684185,3289.612188078703,3289.612188078703,3289.612188078703,14377.364785300924,Moderate (5.0-5.9)
2010-01-08 12:15:02.060,2010,6.322,126.733,76,5.2,14.0,5.5,4.621428571428571,0.8953690441464811,4.955283068150151,0.2280328828340091,0.07961089178142672,0.7487835894883662,4.219769434799975,0.15947990289597536,0.09222974137339114,-0.03434709469302799,-0.13549935393654522,121455664104.23914,0.0020601216565638105,0.005670863993169093,2.2549380840084865,10.262751778839535,871.9366071759359,871.9366071759359,3294.2207761574173,31314.827801620377,Moderate (5.0-5.9)
2010-02-26 08:37:07.160,2010,6.65,126.565,50,5.6,3.0,5.4,4.933333333333334,0.39760104559972015,2.0675254371185434,0.08483980408460172,0.13773304242424458,1.5328040537761836,7.681300307467725,1.2608920367696832,0.335373866689316,0.20000000000000373,0.3887265182107029,76320907378.79773,0.06415002990995777,2.5210870330948685e-05,-0.6123724356957945,1.302863809209866,3342.046566666664,3343.0694462963,3343.0694462963,31363.67647175926,Moderate (5.0-5.9)
2010-02-26 16:18:53.860,2010,5.754,125.78,14,5.1,3.0,5.0,4.8,1.4313637641589843,7.06139456985099,0.47122451182989616,0.15087898849914974,2.895296546021689,14.0850150210216,1.9280306805631766,0.25744186569946476,0.06666666666666554,0.13520815669978425,39709020393.67527,5.0805263425291934e-05,2.0611536224384135e-09,-0.6123724356957945,0.9485932936647604,428.5405552083321,4195.320371064809,4195.320371064809,14431.142722916666,Moderate (5.0-5.9)
2010-03-08 17:22:03.980,2010,20.13,122.02,11,5.1,4.0,5.1,4.95,3.010299956639844,15.252186446975207,1.0421191703287684,0.17379974903075143,4.3429448190325335,21.882489604587377,2.1690345156335673,0.22269144496702264,0.0333333333333341,0.0613705638880111,59123951089.71491,9.313225746152729e-10,9.357622968839192e-14,-0.8660254037844386,5.9546515815684335,645.642148148152,28932.10462939815,43535.17270833333,43535.17270833333,Moderate (5.0-5.9)
2010-07-23 22:51:13.770,2010,6.684,123.584,568,7.1,3.0,6.9,5.533333333333334,0.17448369771385794,1.1251884936816046,0.05458960567483284,0.07722519546491213,0.31394781824331447,1.7957020913415833,0.17673199628610248,0.17388701760356234,0.4513259495059456,1.1802530006757808,1624268322060.1562,0.2996048965106228,0.11432903696051587,-0.44721359549995787,3.259718258647996,0.029881249996833503,0.029881249996833503,12394.277892013884,12394.277892013884,Major (>=7.0)
2010-07-23 23:15:07.550,2010,6.574,123.34,638,7.1,4.0,7.1,5.925000000000001,0.13331556206295048,1.1205348003883135,0.02764306377129817,0.07040644866840785,0.24467294755112773,1.6296863710426988,0.09311001303286617,0.17166352587299946,-1.3051312768662857,0.43932750901219375,2943440748986.075,0.39815604502510066,0.18449353715774003,-0.6324555320336758,4.819094914515003,0.016594675929809455,0.016594675929809455,0.016594675929809455,12394.294486689814,Major (>=7.0)
2010-07-29 07:31:55.330,2010,6.396,123.4,616,6.6,16.0,7.1,5.168749999999999,0.2675040086106948,2.200766695419793,0.04418096930749394,0.05467251022953832,0.3702182468683454,2.7058818138407217,0.08462336500969696,0.1253469844521768,-1.1270419305103712,-0.2088829000991126,3841915167351.422,0.15757523887656222,0.07750777313158513,-1.7777777777777775,14.687250671475615,5.081184143506107,5.3449974536997615,5.3449974536997615,12399.639484143514,Strong (6.0-6.9)
2010-09-06 03:08:53.110,2010,6.04,126.094,42,5.1,5.0,4.8,4.380000000000001,0.9148919759478505,4.407502999692032,0.2881319924771563,0.08074351076430636,0.9650988486738925,4.530536419150011,0.320623566126931,0.12019644394090914,-0.017511920055644836,0.10562447009935028,27387507047.220707,0.0018002137402393815,0.0012726338013398116,-0.3464101615137754,1.7735226378656381,619.9919354166705,4386.771751273147,4386.771751273147,14622.594103125004,Moderate (5.0-5.9)
2010-09-14 07:33:22.670,2010,5.324,124.46,32,5.2,3.0,5.0,4.3999999999999995,0.4084378402951077,1.9360776673323135,0.11721904168669867,0.10931767509699683,0.9650988486738945,4.337516649415241,0.6544701137687373,0.24047409237108758,0.2597984899404926,0.5056244700993515,32436965601.017952,0.05952322851322967,0.0012726338013397947,-0.9999999999999999,7.410849195313975,3114.4286285879643,3114.4286285879643,29853.830679050927,43535.17270833333,Moderate (5.0-5.9)
2010-09-14 13:08:54.390,2010,5.497,124.46,25,5.1,4.0,5.2,4.6,0.3682599592191655,1.9989606174911714,0.09182541168265615,0.08507454520703304,0.6681453567742341,3.274641418424899,0.3022705191777023,0.18041000121146217,-0.22812371382877927,0.29890866527207205,57818893020.961494,0.07856337325043145,0.009898375607203868,-1.3333333333333333,8.01355519627422,3114.661634606484,3114.661634606484,12446.873501041668,12446.873501041668,Moderate (5.0-5.9)
2010-10-04 01:38:28.860,2010,19.222,122.023,14,5.8,4.0,5.6,4.625,0.3807477004151722,2.0076744019391324,0.1189603958062141,0.08946547555098823,0.6433992324492621,3.175656921125011,0.3396948004597259,0.1863723742513506,0.32702159527178143,0.6642513062440738,111189946640.37025,0.0720703944072224,0.011743628457021352,-0.8660254037844386,4.6041218342485815,6347.638109490745,43535.17270833333,43535.17270833333,43535.17270833333,Moderate (5.0-5.9)
2010-12-18 05:06:24.540,2010,10.368,126.289,14,5.6,3.0,5.0,4.533333333333333,0.5521558317030709,2.6804331579865326,0.1825554595623905,0.0788394736782782,0.8985403073860382,4.161136515002418,0.48344450290865243,0.15934510993715578,0.14551326983363122,0.36900406047708056,33909893399.561302,0.022056292111443537,0.00201548271450704,-1.4411533842457844,2.299312497411129,4132.153981944459,4820.6918986111195,21457.756453009264,21457.756453009264,Moderate (5.0-5.9)
2010-12-18 06:11:50.250,2010,10.37,126.288,11,5.0,7.0,5.6,4.642857142857143,0.43786181187488116,2.37540032942123,0.08545015349690835,0.08118175266958666,0.6681453567742341,3.441313172502882,0.19896680074137088,0.1642897568456027,0.1750000000000007,0.4494543326360354,116298201340.33208,0.04857519630534143,0.009898375607203868,-1.381698559415515,5.976665786560063,4132.199418402786,4820.737335069447,21457.80188946759,21457.80188946759,Moderate (5.0-5.9)
2010-12-30 16:56:10.620,2010,9.986,126.354,4,5.1,14.0,5.6,4.5285714285714285,0.8567361210205185,4.632801661549273,0.19581352525172632,0.11885075077839893,0.992673101493149,5.2708516335618,0.2628821140947378,0.12629727980637062,0.19249873107857507,0.29024432551507306,123100794911.35583,0.0026902437860935706,0.0010519151149398216,2.3664319132398464,10.425472718703462,4144.646876388899,4833.18479305556,21470.249347453704,21470.249347453704,Moderate (5.0-5.9)
2011-03-03 12:52:07.960,2011,4.57,126.69,60,5.6,3.0,4.7,4.466666666666668,1.255272505103308,5.804356523041614,0.4355663194183833,0.09948488590379301,2.0044360703226913,9.096196357107235,1.1106128044072798,0.18298087593575896,0.0760187533431882,0.16196733745524217,20652690255.961617,0.00017146776406035444,9.698214581499055e-07,-0.6123724356957945,1.8251671638682199,459.77903912038164,749.8036453703753,749.8036453703753,749.8036453703753,Moderate (5.0-5.9)
2011-03-09 14:52:07.980,2011,4.769,126.46,47,5.5,3.0,5.6,4.9,0.3557740371585578,1.8850402813090663,0.10496584737778619,0.10107666478519077,0.7896263307331853,3.9514771099456785,0.5170621596276364,0.2240945315072583,0.30157997934806957,0.5957632412325387,111329348662.41234,0.08564024252887029,0.004276820349208924,0.6123724356957945,1.5143756379265145,465.8623726851947,4571.260117824073,4571.260117824073,27370.529606250002,Moderate (5.0-5.9)
2011-07-11 20:47:03.270,2011,9.506,122.023,4,6.2,3.0,5.2,4.833333333333333,0.7201331838111292,3.665172346697928,0.24184276013092465,0.07889452777180135,1.1329421267041366,5.5753608248882776,0.5985809547955873,0.16158117751988668,0.11042430887451005,0.27886528934389165,53416065244.337875,0.006911947783070505,0.00039918445425918335,-0.9999999999999999,8.672617004934883,17895.718787847218,43535.17270833333,43535.17270833333,43535.17270833333,Strong (6.0-6.9)
2011-07-11 21:03:22.870,2011,9.693,122.566,101,5.7,4.0,6.2,5.175,0.3722132990978094,2.171204691181217,0.11806840524898601,0.09528004701267415,0.5990268715906925,3.2976809134860785,0.3058035579989757,0.17818481022767335,0.36677293249892085,0.6949365881880798,383923499021.32904,0.07644693937457027,0.015955829438550995,-1.3333333333333333,8.867725110565202,0.011337962969264481,31478.456445254633,43535.17270833333,43535.17270833333,Moderate (5.0-5.9)
2012-02-01 04:30:49.360,2012,11.733,125.739,21,5.0,4.0,4.5,4.35,0.7781512503836426,3.777722875068713,0.13334035125907429,0.04106722185387956,1.4476482730108402,6.537417910672406,0.4614872095392696,0.16941063830944852,-0.35474112289381665,-0.015888308335965995,18185914850.09186,0.004629629629629661,4.539992976248456e-05,0.0,5.0564020833731655,2996.469748958334,2996.469748958334,6130.1639,43535.17270833333,Moderate (5.0-5.9)
2012-02-04 13:09:20.960,2012,12.101,126.16,19,5.9,4.0,5.0,4.6,0.9919547586567881,4.844756189807972,0.3331252998991818,0.09554729002450361,1.240841376866435,5.937677911853633,0.521262425928895,0.13157628051088108,0.11595045285302508,0.2147969736080384,37032319672.9763,0.0010571478333421267,0.0001894418252328926,-1.3333333333333333,4.819094914515003,2999.8298369212935,2999.8298369212935,6133.523987962959,43535.17270833333,Moderate (5.0-5.9)
2012-02-04 13:19:37.810,2012,12.178,126.107,48,5.4,5.0,5.9,4.859999999999999,0.40327026453248027,2.2492254574824666,0.10619101139432485,0.10339850801536103,0.7896263307331853,4.155378479627296,0.4071351516261564,0.21088186029806502,0.32253581456088476,0.6375381013840613,207505014511.4451,0.0616863688533255,0.004276820349208924,-1.6984155512168937,6.50052317917223,2999.8369763888913,2999.8369763888913,6133.531127430557,43535.17270833333,Moderate (5.0-5.9)
2012-02-04 19:29:11.800,2012,12.147,126.122,2,5.4,7.0,5.9,4.871428571428571,0.5208138411809718,3.0024743072876237,0.1399748670312135,0.06861917724516453,0.6893563204813522,3.8010734465021034,0.24522940940088192,0.11885659160531828,0.13503357652830328,0.3860541151665178,219976321514.39215,0.027387883791278128,0.008549309479686046,-1.8708286933869707,8.63733256105034,3000.093619791667,3000.093619791667,6133.787770833333,43535.17270833333,Moderate (5.0-5.9)
2012-02-06 10:10:17.500,2012,9.915,123.172,1,6.3,5.0,6.9,5.0,0.20042689221266702,1.2645981419268923,0.04800889420750513,0.08854940741969843,0.32984391030626725,1.8954500690366114,0.1300249390547575,0.16231605648018035,0.590476722130358,1.1534938199203237,1622936089029.9304,0.2504490123389676,0.1024396931918998,-1.0,9.311630656989129,0.2646537037071539,0.2646537037071539,43535.17270833333,43535.17270833333,Strong (6.0-6.9)
2012-09-05 00:35:28.600,2012,11.636,126.492,4,5.3,31.0,5.4,4.438709677419355,1.3592088751444444,7.197275583327011,0.2641316920838529,0.10834172174157781,1.1022702586376947,6.027475094950355,0.1737097875712603,0.1562327520408805,0.10480533570519146,-0.06823707499807075,103680687796.11852,8.363217173642262e-05,0.000493388728849542,-2.4897825605898194,20.94371238523932,5816.616283564821,6347.017768518519,6347.017768518519,43535.17270833333,Moderate (5.0-5.9)
2012-09-21 15:24:59.300,2012,9.741,126.89,86,5.1,11.0,5.1,4.381818181818182,0.9595129533079624,4.784986819464406,0.1994981972667123,0.1024865169997025,1.240841376866435,6.06090745061862,0.3336336336390968,0.11801266635425418,0.11310867876462005,0.21548569896616154,48507751771.04757,0.0013226993498500622,0.0001894418252328926,0.8115026712006891,5.922580022196998,5464.121467592595,5464.121467592595,22101.18602199074,22101.18602199074,Moderate (5.0-5.9)
2012-09-21 15:26:52.500,2012,9.766,126.989,28,5.2,12.0,5.1,4.441666666666666,0.6004432990627101,3.29432229550551,0.08688484752961408,0.0642838466761765,1.0218693691841223,5.200472152656513,0.2516464457985892,0.13130331750639973,-0.3864835708016656,0.010824896524046501,62181695299.48325,0.015800473534981326,0.0008597890156869469,0.4435327625727437,6.440206818861215,5464.122777777775,5464.122777777775,22101.18733217592,22101.18733217592,Moderate (5.0-5.9)
2012-10-04 14:45:28.540,2012,9.863,126.613,19,5.2,16.0,5.2,4.4624999999999995,1.1303705452040784,5.967112368677432,0.27210329553304535,0.06299709597953626,1.1921809307148072,6.209912228230889,0.3026749496684896,0.11694021697092782,-0.078899378610509,-0.008867268584435983,75513610278.72978,0.00040633886613233156,0.00026512898417794563,3.0603682227040236,6.545956424863535,4788.556111574086,5477.094028240746,22114.15858263889,22114.15858263889,Moderate (5.0-5.9)
2012-10-04 17:03:11.330,2012,5.478,126.203,71,5.1,3.0,5.5,4.566666666666666,0.2114932164225073,1.072041605884886,0.04837555979593999,0.110759018942045,0.7042613220052737,3.2941665427407574,0.5364148530517191,0.2868644453663111,0.431082783557315,0.8225224219879994,89417219173.06749,0.23201729046848604,0.0077128704008256055,2.1213203435596424,1.8251671638682199,111.65907719907409,5146.351128819442,5146.351128819442,15382.1734806713,Moderate (5.0-5.9)
2012-11-05 08:48:09.260,2012,4.777,124.704,14,5.0,6.0,5.2,4.8500000000000005,1.168423200767841,6.164245048584736,0.35106148567583056,0.07212806474196946,1.240841376866435,6.434014462600207,0.3959272344897944,0.10695147109060282,-0.07569552242187694,0.01479697360803911,72236256785.82397,0.0003124139354780893,0.0001894418252328926,-0.9999999999999999,7.944644274971296,10212.022839814817,32000.932607175928,43535.17270833333,43535.17270833333,Moderate (5.0-5.9)
2012-12-24 12:58:20.010,2012,3.887,126.597,50,5.0,4.0,5.0,4.5,0.7074102276214941,3.4549520483809286,0.23494428435986278,0.1177961726963868,0.7896263307331853,3.760565314260704,0.29272880428578996,0.1384767090901173,0.1160558421703648,0.23753810138406006,35603848307.21872,0.00754691254150161,0.004276820349208924,-0.8660254037844386,3.907598644188526,1289.3199112268485,1411.8079515046265,1411.8079515046265,1411.8079515046265,Moderate (5.0-5.9)
2013-06-02 20:08:26.120,2013,7.36,124.794,12,5.7,9.0,5.7,4.566666666666666,0.6379464278292319,3.444890090683081,0.1567854267498348,0.12549033256028527,0.9650988486738964,4.995023089312011,0.35882349135861125,0.19985628701496175,0.30003232182809114,0.5243404329251131,139920379024.92447,0.012194407858945407,0.0012726338013397777,-1.5359763347691506,10.19808392546932,20288.511008333335,21238.104330092596,43535.17270833333,43535.17270833333,Moderate (5.0-5.9)
2013-09-16 04:08:01.160,2013,5.97,126.127,142,5.0,3.0,5.3,4.666666666666666,0.4053943661141594,2.0578359232780543,0.1315452734347886,0.08132821643882214,0.7042613220052737,3.3645926749412847,0.39699725647837664,0.16905603057626814,0.2238664981876788,0.5225224219879996,60678685759.59637,0.06078786658970006,0.0077128704008256055,0.6123724356957945,1.7580271160193575,211.9794777777788,5492.812816666665,5492.812816666665,15728.635168518522,Moderate (5.0-5.9)
2013-12-31 21:32:02.670,2013,19.169,120.077,33,5.0,3.0,5.5,5.1000000000000005,0.5112013443424946,2.7264071698266377,0.12021033465048384,0.1425672434406158,1.7371779276130073,8.9892931000234,1.3881820900054775,0.3242703363568224,0.16666666666666785,0.3253469278329719,96253151861.4219,0.02926819682666587,6.144212353328218e-06,-1.4411533842457844,7.410849195313975,21142.404660532404,21142.404660532404,43535.17270833333,43535.17270833333,Moderate (5.0-5.9)
2013-12-31 23:41:47.810,2013,19.148,120.135,33,5.1,5.0,5.5,5.0200000000000005,-0.0,0.0,0.0,0.0,,,,,,,103446532447.91797,1.0,,-1.5075567228888183,8.639623028847156,6111.232380902773,21142.49476631944,43535.17270833333,43535.17270833333,Moderate (5.0-5.9)
2014-01-02 09:56:11.120,2014,10.454,126.644,15,5.1,3.0,4.9,4.566666666666666,0.468595834311766,2.362381390925563,0.12139620214927002,0.08684467055974965,0.8405699649740359,3.9234581111132094,0.3906213609673927,0.17157729395779564,-0.14140501887992496,0.2323836508548105,31194309216.753773,0.039283710065919186,0.0030080850072550297,-0.6123724356957945,1.8952160833420257,488.8533502314822,488.86199560185196,488.88101527778053,488.88101527778053,Moderate (5.0-5.9)
2014-01-02 09:56:13.480,2014,10.449,126.44,20,5.1,4.0,5.1,4.699999999999999,0.5272037518906234,2.7948506687854033,0.1380982614169678,0.10013803611404944,0.6681453567742341,3.3414559541023223,0.22180592128943305,0.1478394773767625,-0.20127234254819726,0.09890866527207187,49866282956.99079,0.02620527637265667,0.009898375607203868,-1.1547005383792517,2.708664000977973,488.8533775462929,488.8620229166627,488.88104259259126,488.88104259259126,Moderate (5.0-5.9)
2014-05-30 16:36:22.180,2014,9.424,126.931,31,5.1,6.0,5.6,4.716666666666666,0.250858329719983,1.3546349804879092,0.03091150958275482,0.08689987451537577,1.085736204758131,5.621137398978823,0.579044314814439,0.26794538599482015,0.19999999999999574,0.42274112777602113,115494963142.91356,0.1767766952966385,0.0005530843701478286,-0.9999999999999999,5.556423991156519,573.9297335648153,573.9297335648153,22717.23559236111,22717.23559236111,Moderate (5.0-5.9)
2014-05-30 18:15:51.370,2014,9.418,126.931,7,5.0,12.0,5.6,4.683333333333334,0.7884118934056669,4.2896774382117435,0.1793207722900999,0.12036079180005524,1.5792526614663733,8.340398032513193,0.7194945379346717,0.44256495397977486,0.1590909090909065,0.31876905069202977,127274056404.50327,0.004312849662788274,1.82911922994072e-05,-0.9999999999999999,10.527161551832084,573.9988214120385,573.9988214120385,22717.304680208334,22717.304680208334,Moderate (5.0-5.9)
2014-05-31 18:46:50.150,2014,9.386,126.773,116,5.1,19.0,5.6,4.594736842105263,1.039970834913784,5.65438469589328,0.24764139187015233,0.15435437542671693,2.0044360703227078,10.599887994964913,0.9199523538266328,0.6307800043757246,0.1629391651526051,0.3117854483339215,135169307864.94751,0.0007587304174671319,9.698214581497943e-07,-1.4201266762286784,15.0492064899986,575.0203350694428,575.0203350694428,22718.326193865738,22718.326193865738,Moderate (5.0-5.9)
2014-05-31 19:35:15.930,2014,9.354,126.616,1,5.5,23.0,5.6,4.591304347826086,1.2330178572498376,6.713878661319388,0.31160927388965176,0.1702583752957542,1.961329918272757,10.455614639550767,0.7884478041152543,0.5944008639711564,0.15492179464923783,0.2691198955663241,142477230763.1687,0.0001999615194862355,1.306201701592567e-06,-1.5310667639740398,17.424197354372364,575.053966782405,575.053966782405,22718.3598255787,22718.3598255787,Moderate (5.0-5.9)
2014-05-31 19:44:42.100,2014,9.404,126.752,80,5.0,25.0,5.6,4.604,0.9448751661095441,5.39913669462218,0.19097126403111375,0.1085843678762383,0.6847796810092776,4.154828261191795,0.10030460776379325,0.1518782842528812,-0.1141269961118132,-0.46739419468187204,168103814844.0083,0.0014634385857452976,0.00882390770673173,-1.5474611514754324,18.541321504084124,575.0605196759279,575.0605196759279,22718.366378472223,22718.366378472223,Moderate (5.0-5.9)
2014-06-01 19:21:21.490,2014,9.445,127.136,22,5.1,34.0,5.6,4.541176470588235,1.0372213042583265,5.901367602725502,0.18952427636378713,0.11247139065954445,0.7238241365054201,4.420272615034371,0.09229711198132294,0.17621301317424473,-0.08959351152676476,-0.5068322982087672,173399331645.132,0.0007732787704117813,0.006737946999085445,-2.09919207548013,25.68765978179342,576.0443089120308,576.0443089120308,22719.350167708326,22719.350167708326,Moderate (5.0-5.9)
2014-06-02 01:04:06.110,2014,9.499,126.818,42,5.0,37.0,5.6,4.54054054054054,1.0611157875636346,6.047524119010541,0.18919572184104957,0.12202359279404904,0.7238241365054201,4.455034721293583,0.08803429311141467,0.19064371714738987,-0.0992122724852722,-0.5548579228128885,178011387752.9051,0.0006556206700437078,0.006737946999085445,-1.9106717841289922,24.749228487718028,576.2823253472234,576.2823253472234,22719.58818414352,22719.58818414352,Moderate (5.0-5.9)
2014-06-11 09:08:20.890,2014,9.706,125.786,20,5.0,5.0,5.5,4.720000000000001,0.6163616039971713,3.2692136855971303,0.20750976634286034,0.08728301321354581,0.6948711710452029,3.590006026822335,0.263739984253189,0.10794095589216861,0.1959485075061007,0.333566024300068,94865924608.69974,0.014155173210768549,0.00822974704902003,-0.5222329678670935,4.470720159908056,585.6186075231453,585.6186075231453,22728.92446631944,22728.92446631944,Moderate (5.0-5.9)
2014-08-07 05:24:52.880,2014,4.471,126.286,43,5.0,9.0,4.5,4.211111111111112,2.3856062735983103,10.814748440312345,0.7695943641850155,0.13773304242424558,2.3688789921995523,10.663300921177738,0.7588397902124736,0.15842176120347135,-0.03333333333333499,-0.001412252922487589,20984645566.755554,6.969171937625721e-08,7.822814343740164e-08,1.0834726777719228,6.87218282218995,1712.4684479166754,27460.077487037037,27460.077487037037,37035.86102870371,Moderate (5.0-5.9)
2014-08-10 13:33:23.300,2014,5.933,127.132,99,5.5,8.0,4.7,4.2375,2.802383724687625e-17,0.30102999566398114,1.8677200883476964e-34,1.8619006149354548e-16,0.9650988486738925,4.450955044961719,0.22151349061925701,0.2575008450959094,-1.074192634691868e+16,0.08808376874802448,26772690517.057526,0.9999999999999998,0.0012726338013398116,-3.360672201667224,6.815229386470329,27.231519560184097,2546.991019675923,5821.205434027768,20774.216878472216,Moderate (5.0-5.9)
2014-09-20 04:26:09.940,2014,6.747,124.979,15,6.2,3.0,5.0,4.533333333333333,0.46317056677946744,2.2918403894806527,0.1433822146709598,0.07837604981463453,0.7445048261198607,3.4551405591991053,0.3704660476877737,0.1626410574170627,0.05184363199857156,0.35914283161026983,34733197430.13792,0.040783857403412754,0.005840977343195231,-0.9999999999999999,4.308100197271101,8338.657881249994,23884.126828009255,23884.126828009255,43535.17270833333,Strong (6.0-6.9)
2014-11-10 04:41:15.190,2014,10.029,126.837,7,5.5,3.0,5.0,4.566666666666666,0.5767855668282786,2.7793217920494517,0.16725132910304352,0.12121265910605336,1.3714562586418488,6.374383166879612,0.9455940494198064,0.24164515894776803,0.1813603670202184,0.3521061085884325,33736189240.873512,0.018605583705399074,7.684776196487846e-05,0.9999999999999999,0.3548505750402985,737.4331248842573,737.4331248842573,22880.738983680552,22880.738983680552,Moderate (5.0-5.9)
2014-11-18 09:14:49.140,2014,19.508,120.635,12,5.1,7.0,5.2,4.585714285714286,0.6816017924566613,3.4534490817804153,0.13681670836400706,0.14724281588272095,2.0044360703226998,9.897970785236351,1.1832107552277678,0.5125043801083591,0.1333333333333364,0.2619673374552427,56803377910.58189,0.009019752538805346,9.698214581498479e-07,-1.0,4.589126794889407,1339.0337584490771,22149.21781412037,43535.17270833333,43535.17270833333,Moderate (5.0-5.9)
2014-11-29 15:36:16.110,2014,20.077,121.206,31,5.5,10.0,5.2,4.59,0.8600857018970903,4.558454220054578,0.185429526741038,0.09289987354005247,1.1581186184086716,5.929405636007853,0.3362029509501497,0.1512153312937025,-0.09999999999999964,0.08013961458004015,69844938649.73059,0.0026287113137350494,0.0003354626279025119,1.138989594902999,8.982843570796751,2372.5686774305577,22160.482709606484,43535.17270833333,43535.17270833333,Moderate (5.0-5.9)
2015-06-07 15:45:22.930,2015,10.956,126.674,49,5.0,6.0,4.1,4.05,,,,,,,,,,,10932144498.881155,,,-1.5491933384829666,7.944644274971296,1010.0958480324043,1010.1044934027741,1010.1235130787027,1010.1235130787027,Moderate (5.0-5.9)
2015-06-15 21:04:17.340,2015,3.816,126.165,28,5.8,3.0,4.7,4.433333333333333,0.39760104559971826,2.0149772019467185,0.07947597138551372,0.08724318262606635,0.8985403073860397,4.071282484263821,0.40589708898995336,0.19974086533816926,-0.36783677821431304,0.16900406047708127,22244058848.006985,0.06415002990995862,0.00201548271450702,-0.9999999999999999,2.0450933046475694,2315.1454206018534,2315.1454206018534,2315.1454206018534,2315.1454206018534,Moderate (5.0-5.9)
2016-10-14 18:29:03.910,2016,9.096,125.469,34,5.3,5.0,4.9,4.5,1.2455075754855256,6.012516451953355,0.465205717241841,0.08898737155943778,1.240841376866435,5.937677911853633,0.4617265316338254,0.14202874891308837,0.07263758945059262,0.11479697360803875,32928661790.054615,0.00018343291748939048,0.0001894418252328926,-0.5222329678670935,5.289016160489034,40.66031875000044,38446.59823969907,38446.59823969907,38446.59823969907,Moderate (5.0-5.9)
2016-12-19 20:44:40.400,2016,10.236,125.934,41,5.4,3.0,5.0,4.5,0.5339115895416172,2.5673188565855196,0.17346647458893938,0.09057087550352118,0.9650988486738925,4.434026534282621,0.566787744541416,0.18087221396396297,0.19149067584455803,0.405624470099351,33274084604.996494,0.025018728335211456,0.0012726338013398116,-0.4472135954999578,2.4934765753283394,535.5842303240861,7014.343471064822,24944.88183333334,43535.17270833333,Moderate (5.0-5.9)
2017-04-08 07:07:54.960,2017,13.66,120.881,8,5.8,6.0,5.5,4.733333333333334,-0.0,0.0,0.0,0.0,,,,,,,97787422613.3135,1.0,,-1.5491933384829666,7.011419402303789,3115.1658180555532,3115.1658180555532,8180.494758796292,27393.64410833333,Moderate (5.0-5.9)
2017-04-08 07:09:20.530,2017,13.661,120.884,2,6.0,7.0,5.8,4.885714285714286,0.5375535636856811,3.1178106693769507,0.15032166574275668,0.08327743999396368,0.7238241365054201,3.992533091841624,0.2725487601822805,0.148682728982386,-8.881784197001252e-16,0.28411169166403294,192625717532.0479,0.024397161942365884,0.006737946999085445,-1.732050807568877,8.016485235359784,3115.166808449074,3115.166808449074,8180.495749189813,27393.64509872685,Strong (6.0-6.9)
2017-04-10 11:08:15.530,2017,5.763,127.319,54,5.1,4.0,5.7,4.575,0.3037465273470544,1.6000207258945218,0.08281109908715953,0.11270760703421814,0.6948711710452029,3.381544675508774,0.4333856166623833,0.2653485781963806,0.4323818320847108,0.833566024300068,135509181933.89676,0.12267622911790423,0.00822974704902003,-1.1547005383792515,2.8792187439676864,3520.8902353009253,3520.8902353009253,6795.104649652771,21748.11609409722,Moderate (5.0-5.9)
2017-04-11 17:41:22.410,2017,5.792,127.494,31,5.0,10.0,5.7,4.6,0.7006430743896653,3.849853416721464,0.18742438253325788,0.09373266883773308,0.7896263307331853,4.252507105609659,0.23805409978366904,0.10343357286656404,0.20525730226464312,0.31453229192456966,145401583146.22638,0.007908074951400827,0.004276820349208924,-1.7586311452816477,8.412485310729666,3522.163231597224,3522.163231597224,6796.377645949069,21749.389090393517,Moderate (5.0-5.9)
2017-04-13 16:05:47.200,2017,5.633,127.481,9,5.2,15.0,5.7,4.52,0.8056221452019534,4.436670677257619,0.18724102049871158,0.11040726867797353,0.709052215352247,3.9520145130066053,0.14504228883220396,0.11252230324504077,0.1928640508691153,0.1263420557210999,149463968601.73047,0.0038294249663963983,0.0074617956970403024,-2.352187680701925,11.438820264519304,2931.4402004629665,3524.0968518518566,6798.311266203702,21751.32271064815,Moderate (5.0-5.9)
2017-04-15 20:40:55.450,2017,7.748,124.677,1,5.3,6.0,6.0,4.949999999999999,0.3683933513370402,2.133172929646861,0.07592590102903708,0.07990622401815282,0.5428681023790649,2.9610836973213996,0.16487508633597261,0.17056660834381146,0.20952380952381056,0.5454822555520433,259641352064.87555,0.07849101514937035,0.02351774585600909,-1.8665130505147653,10.480523440714762,3.9721827546236455,22651.126891782405,22661.099850115737,43535.17270833333,Moderate (5.0-5.9)
2017-07-10 01:41:46.690,2017,11.042,124.744,1,5.8,10.0,6.5,4.380000000000001,0.17844909269375586,1.0394286357235503,0.017867161122707368,0.14845868449208344,0.5603799766493576,2.9556558932552646,0.17619439268741402,0.32591723426014974,0.6752091869284067,1.225621870132085,708222111702.2021,0.2915095062926149,0.020838193670452643,-1.0,12.218272061186562,3.7346326388869784,3.7346326388869784,43535.17270833333,43535.17270833333,Moderate (5.0-5.9)
2018-01-06 13:52:50.410,2018,3.905,126.626,25,5.0,4.0,5.9,5.125,0.31718342380525943,1.9228277117697088,0.089804341246781,0.0863639581078409,0.4039948668867458,2.2584389455636202,0.145689435339808,0.13821920495152057,-0.16219482941915597,0.30973356179611766,225064899581.13568,0.11180204015225106,0.06137837685019176,0.0,4.061749219243962,3128.357763078704,3250.845803356482,3250.845803356482,3250.845803356482,Moderate (5.0-5.9)
2018-01-06 18:35:07.620,2018,4.002,126.53,11,5.1,5.0,5.5,4.720000000000001,-0.0,0.0,0.0,0.0,,,,,,,99915562393.24092,1.0,,-0.9486832980505137,5.490790707171333,3128.5537956018525,3251.0418358796305,3251.0418358796305,3251.0418358796305,Moderate (5.0-5.9)
2018-09-10 11:57:00.390,2018,10.717,126.462,1,5.2,3.0,4.7,4.3,0.6842962795654144,3.1115864718655057,0.2241956812569043,0.09756609539998752,1.240841376866435,5.440486762185403,0.7371763923041442,0.19440098754961124,0.15286659480068465,0.3154856989661621,18454264756.805725,0.00885342191568085,0.0001894418252328926,-0.44721359549995787,2.4934765753283394,1165.2177950231562,2200.9458991898136,2200.964918865742,2200.964918865742,Moderate (5.0-5.9)
2018-09-27 04:44:24.490,2018,10.538,126.607,1,5.0,5.0,4.7,4.4799999999999995,,,,,,,,,,,29091146230.384365,,,-1.6984155512168937,4.470720159908056,1181.9173795138922,2217.6454836805497,2217.6645033564782,2217.6645033564782,Moderate (5.0-5.9)
2018-10-28 08:09:52.730,2018,3.802,126.467,1,5.2,5.0,4.8,4.62,,,,,,,,,,,34484598058.49196,,,-1.0834726777719228,5.102132568082004,3545.6076357638885,3545.6076357638885,3545.6076357638885,3545.6076357638885,Moderate (5.0-5.9)
2018-10-29 14:40:34.250,2018,8.514,126.843,9,5.3,3.0,5.3,4.6000000000000005,0.3678818936174712,1.8522416076812094,0.1178469272059955,0.08420521378159475,0.6681453567742331,3.149702681816595,0.38872578187488,0.1826824038789226,0.2651188606547823,0.5859020123657279,60075868513.31686,0.07876881629971949,0.009898375607203939,-0.44721359549995787,3.6122809875741004,7901.804972800928,7901.804972800928,34393.483070023154,35415.836414930556,Moderate (5.0-5.9)
2018-10-29 14:51:41.620,2018,8.572,127.175,1,5.3,4.0,5.3,4.775,0.22146338484792497,1.4152266131312878,0.03607877889289642,0.05141995190399583,0.5264175538221233,2.7077302066164557,0.20384904861393555,0.18944472121230688,-1.0903412932259622,0.15630715207608947,84121807411.36436,0.2165757591879761,0.026347980814448748,-0.6324555320336758,5.9546515815684335,10115.509862499996,10544.83884976852,34393.490794212965,35415.84413912037,Moderate (5.0-5.9)
2019-01-15 20:03:22.000,2019,5.95,126.87,40,6.0,3.0,4.1,4.1,,,,,8.685889638065067,36.08926877078643,0.0,0.8685889638065023,,-0.05493061443340519,8483217996.172477,,8.75651076269468e-27,-2.1213203435596424,2.299312497411129,17.683551273141347,17.683551273141347,17.683551273141347,22393.487696759257,Strong (6.0-6.9)
2019-02-08 11:55:05.000,2019,9.79,126.59,11,5.9,5.0,4.7,4.3,1.1765714381203647,5.444954983819507,0.38995102699435163,0.09059161507941996,1.371456258641845,6.237237541015412,0.5298310269261339,0.10973302734247621,0.07218497117513678,0.15210610858843054,21595621684.11685,0.0002953151216485501,7.68477619648805e-05,0.40824829046386296,3.2190644168016544,1316.2164594907445,2288.7343958333295,24432.040254629625,24432.040254629625,Moderate (5.0-5.9)
2019-02-09 22:21:15.000,2019,9.82,126.36,3,5.1,21.0,5.9,4.4523809523809526,0.21687329759984741,1.2144904665591452,0.010782198774354752,0.12458422444236039,1.1329421267041366,6.0285376755699325,0.2942460348782917,0.2726866494535288,0.3000000000000016,0.5788652893438915,212159947938.44263,0.22355279661380564,0.00039918445425918335,-1.0198341204735075,13.412222105392098,1317.6512974537109,2290.169233796296,24433.47509259259,24433.47509259259,Moderate (5.0-5.9)
2019-02-10 14:33:32.000,2019,9.88,126.45,8,5.1,23.0,5.9,4.478260869565218,0.4652281751170618,2.621697598600855,0.04735611886039656,0.13184226560234544,1.240841376866435,6.682182737973495,0.33688107844582027,0.27208302105437215,0.26470588235294024,0.5147969736080382,215890206203.96228,0.04020827806279476,0.0001894418252328926,-1.3674085322912195,14.666987680520073,1318.326494212968,2290.844430555553,24434.15028935185,24434.15028935185,Moderate (5.0-5.9)
2019-04-26 05:26:59.000,2019,9.78,126.79,11,5.5,4.0,4.3,4.125,1.8061799739838782,7.796676887697071,0.5627443519775194,0.07772561066103335,2.48168275373287,10.528791006259443,1.062384252555215,0.14286303801101854,-0.01666666666666483,0.05739848680401938,11088722050.443632,3.8146972656252406e-06,3.588820514756982e-08,-1.1547005383792515,0.9731693785597301,48.59775462962716,2365.464881944441,24508.770740740736,24508.770740740736,Moderate (5.0-5.9)
2019-04-26 06:04:18.000,2019,9.77,126.77,3,5.0,7.0,5.5,4.371428571428572,0.3745981059178102,1.922309474752784,0.06327389169414512,0.15974431986591736,1.1737688700087883,5.62879925837293,0.6212387926815299,0.38371176465069745,0.36834171239895674,0.7045079723993819,90475003655.93823,0.0751978947585351,0.00030108796056705354,-1.2499999999999996,2.8180911915738323,48.623668981483206,2365.490796296297,24508.796655092592,24508.796655092592,Moderate (5.0-5.9)
2019-04-26 08:04:22.000,2019,9.79,126.74,12,5.5,9.0,5.5,4.4222222222222225,0.4361207586661484,2.349072857789397,0.073193496175328,0.0768207975386432,0.7042613220052737,3.575871071542867,0.19086515515152233,0.1645657468951781,0.11371005366974885,0.42252242198799905,96031422420.05516,0.049162926155888576,0.0077128704008256055,-1.1888908858518255,3.9301066301449823,48.70704861111153,2365.5741759259254,24508.88003472222,24508.88003472222,Moderate (5.0-5.9)
2019-05-05 01:56:04.000,2019,8.83,126.99,23,5.0,18.0,4.8,4.283333333333333,1.588270725479357,7.779993873854504,0.3730451928273963,0.11490067400430409,1.3160438845553082,6.527384315132295,0.2561256823227851,0.11492712697562328,-0.09840538457725323,-0.15985308068803583,41469891863.23017,1.718651508400432e-05,0.00011268558050780106,0.9539143602205971,15.16786596934974,2374.318412037035,2374.318412037035,24517.62427083333,24517.62427083333,Moderate (5.0-5.9)
2019-07-27 01:24:42.000,2019,20.89,121.84,13,5.8,4.0,5.9,4.925000000000001,0.2547415855980024,1.5205794483418977,0.06430515134601,0.09354337032152107,0.5603799766493569,2.9556558932552615,0.31117972089640566,0.21866587984640265,-0.06910569105691167,0.6256218701320844,216812427135.7276,0.17209777012744065,0.02083819367045274,-0.9999999999999998,5.617321208040141,2298.211265509264,4595.534953819442,4595.534953819442,43535.17270833333,Moderate (5.0-5.9)
2019-07-27 10:11:32.000,2019,20.78,122.07,15,5.3,7.0,5.9,4.8999999999999995,0.30988381906586343,2.0382233849150535,0.06695679272093571,0.0747682621159217,0.38603953946955716,2.300633964994014,0.10391073598058279,0.14434277177227695,-0.6773791966912759,-0.0595811562598767,273865442066.0479,0.11758408468076531,0.06948345122280156,-1.4491376746189437,8.99386463871906,2298.5771219907474,23702.054305555557,43535.17270833333,43535.17270833333,Moderate (5.0-5.9)
2019-09-29 02:02:50.000,2019,5.52,126.66,63,6.4,5.0,5.6,4.5,-0.0,0.0,0.0,0.0,,,,,,,110421232811.5062,1.0,,0.9486832980505137,2.484010376536767,120.65996527777315,273.9331809027717,273.9331809027717,22649.737326388888,Strong (6.0-6.9)
2019-10-16 11:37:05.000,2019,6.76,125.01,9,6.3,3.0,4.9,4.566666666666667,0.6842962795654132,3.3237032266945756,0.21837142137658325,0.07571527995080167,1.0423067565678037,4.8548096323044385,0.5066389201389832,0.15608832697321764,0.04288864933561776,0.24224487972162034,29791732498.814697,0.008853421915680932,0.0007465858083766833,-0.6123724356957945,3.6122809875741004,1852.2992483796334,25736.42607638889,25736.42607638889,43535.17270833333,Strong (6.0-6.9)
2019-10-16 12:09:29.000,2019,6.76,125.01,9,5.5,4.0,6.3,5.0,0.2897054206825133,1.6761186857285835,0.08810903811264559,0.11381718562637143,0.5109346845920612,2.7479856666146194,0.2740551631418209,0.2049382179298581,0.5144034385692997,0.9216497930480925,468682952239.8234,0.13517106574085114,0.029322159123893774,-1.1547005383792517,4.819094914515003,0.022499999999126885,25736.448576388888,25736.448576388888,43535.17270833333,Moderate (5.0-5.9)
2019-10-29 01:04:43.000,2019,6.81,125.03,7,6.6,20.0,6.3,4.709999999999999,0.7129270760138263,4.242493875598561,0.14086954234571078,0.13843975859823066,0.812349390610402,4.769515610053646,0.18289953604392345,0.14769280213578362,0.3491895758546226,0.4287386127417214,483614295871.9974,0.00726471818954892,0.003655542421826417,3.3856589561212718,16.157886150578687,12.560856481482915,25748.98693287037,25748.98693287037,43535.17270833333,Strong (6.0-6.9)
2019-10-29 02:42:38.000,2019,6.85,125.02,11,6.1,24.0,6.6,4.7749999999999995,0.5466555498737863,3.54345465208277,0.08875599903664519,0.1204428347123452,0.7163620320053636,4.4277491266800615,0.1524176681211234,0.16379074831603757,0.11793894180550168,0.41911808714213095,996677759262.3081,0.022910435800254366,0.007094371127942613,2.0093240598694115,18.495508700326194,0.06799768518249039,0.06799768518249039,25749.054930555554,43535.17270833333,Strong (6.0-6.9)
2019-10-31 01:11:18.000,2019,6.92,125.06,8,6.5,41.0,6.6,4.631707317073171,0.6539738955919395,4.13283071674269,0.07918965613555498,0.14110339456417192,0.8958540882309214,5.393071233056739,0.14860115698114543,0.209895034151437,0.2804347320287306,0.5799669344517353,933072966948.2622,0.01091637165840451,0.002053230634184523,-0.44570017797690936,26.013288363504486,1.9365740740759065,2.004571759258397,25750.99150462963,43535.17270833333,Strong (6.0-6.9)
2019-11-18 13:22:08.000,2019,7.67,124.89,6,5.9,4.0,4.3,4.175,3.0102999566397965,12.944289813551126,0.9977531431852809,1.7505826822829505e-15,3.4743558552260145,14.84691899775462,1.3290831634730955,0.20934730309389768,-8.881784197001252e-16,0.026713204860014272,11799938611.838732,9.313225746155776e-10,3.775134544279108e-11,0.0,1.17745868111411,18.507523148145992,18.507523148145992,23607.795134259257,43535.17270833333,Moderate (5.0-5.9)
2020-02-06 13:40:02.000,2020,5.28,126.56,1,6.1,3.0,4.6,4.233333333333333,0.7262227698167678,3.2339223745526215,0.22512677568207215,0.11838434572598888,1.5328040537761836,6.608337469824397,1.0029071068146285,0.2337910964261923,0.14692787260227647,0.2887265182107015,15178383738.433117,0.006627224619061219,2.5210870330948685e-05,-1.4411533842457844,0.8709679470767939,130.4841666666689,404.4173475694406,404.4173475694406,39045.20488425926,Strong (6.0-6.9)
2020-08-18 00:03:47.000,2020,11.98,124.01,13,6.6,6.0,4.9,4.3999999999999995,1.111244494184631,5.3536888537540195,0.36666668761295307,0.06876398262777543,1.3160438845553117,6.226354319468328,0.5142720879337551,0.12014416994585433,0.08225837628805799,0.16888548889674837,32272693127.496723,0.00046373141470954285,0.0001126855805077983,0.0,7.944644274971296,6262.411128356478,23010.643622685184,38510.385613425926,43535.17270833333,Strong (6.0-6.9)
2020-09-09 03:41:05.000,2020,3.79,126.74,1,5.5,3.0,4.5,4.3,1.4313637641589805,6.34571268777148,0.47122451182989367,0.15087898849914963,2.895296546021689,12.637366748010756,1.9280306805631766,0.2574418656994659,0.06666666666666732,0.13520815669978425,14089292109.025114,5.080526342529328e-05,2.0611536224384135e-09,-0.9999999999999999,2.0450933046475694,4104.932931944444,4227.420972222222,4227.420972222222,4227.420972222222,Moderate (5.0-5.9)
2020-09-09 07:18:30.000,2020,3.44,126.28,1,5.9,4.0,5.5,4.6,0.3506503246195825,1.8081647871421116,0.08716419612993849,0.1217783475058273,0.9650988486738945,4.655475155758319,0.6602877403009675,0.3160428998694263,0.34339622641509315,0.6761675374960507,90231870751.8371,0.08872561659492015,0.0012726338013397947,-0.9999999999999998,3.6297049773194057,4227.571956018517,4227.571956018517,4227.571956018517,4227.571956018517,Moderate (5.0-5.9)
2020-09-20 22:21:46.000,2020,9.38,127.04,7,5.2,3.0,5.7,4.633333333333333,0.1706904149517622,0.887803026185359,0.03594799989008023,0.10928131304831079,0.6355529003462228,3.019332856104554,0.49837915942670546,0.29927060505643577,0.49875289754110863,0.9492816027434587,135089471549.4192,0.30755922306243016,0.012397705021160586,-0.44721359549995787,2.599710778816777,2879.1695925925887,2879.1695925925887,25022.475451388884,25022.475451388884,Moderate (5.0-5.9)
2020-09-24 02:25:58.000,2020,9.35,126.88,16,5.2,13.0,5.7,4.392307692307693,0.5535195080678057,3.067147142333493,0.10294454773783235,0.07741889571524317,0.8106830328860702,4.249966778135752,0.22082063474135624,0.16478129467839447,0.15882738073656189,0.4575481344346537,145585921918.13052,0.021849498626159824,0.0036978637164829277,-2.1572774865200244,11.494049817161402,2882.339175925925,2882.339175925925,25025.64503472222,25025.64503472222,Moderate (5.0-5.9)
2020-09-30 22:10:50.000,2020,9.23,126.59,15,5.3,21.0,5.7,4.414285714285715,0.8064210334815454,4.481969004465462,0.1535389516643922,0.10034682311932944,0.875322211587951,4.790296640976231,0.18089675462084454,0.10444157648085914,0.14214768913510767,0.22739051110562425,155621599532.598,0.0038083503937741334,0.002366101469313612,-0.4146981098256821,16.76120909833567,2889.1619999999966,2889.1619999999966,25032.46785879629,25032.46785879629,Moderate (5.0-5.9)
2020-10-12 19:21:35.000,2020,9.8,126.24,55,5.0,12.0,5.3,4.275,0.715479269596432,3.60905480369887,0.12644848518581744,0.14195125809957687,1.4139820341036116,6.783822583249425,0.49386392523857375,0.30057487196877464,0.25575209924032194,0.502327597075868,63185065594.15248,0.007137764109823032,5.7286712168463416e-05,-0.7470873676376283,8.479285913660812,584.1773379629667,1340.2207517361167,25044.350324074076,25044.350324074076,Moderate (5.0-5.9)
2020-12-24 23:43:41.000,2020,13.76,120.53,107,6.3,3.0,4.3,4.166666666666667,1.4313637641589787,6.209954932771665,0.4155809566599035,0.07137846678465191,2.0044360703226998,8.494865536010462,0.8149669936305562,0.14894548736581106,-0.038488292261908974,0.06196733745524252,10349435964.697973,5.0805263425293906e-05,9.698214581498479e-07,-0.6123724356957945,1.4051369504108304,1231.7606034722194,4471.85732314815,9537.186263888889,28750.335613425927,Strong (6.0-6.9)
2020-12-25 02:00:31.000,2020,4.91,125.97,88,5.2,5.0,6.2,4.619999999999999,-0.0,0.0,0.0,0.0,,,,,,,380413171938.1336,1.0,,1.0834726777719228,2.4283112450998696,9.110150462962338,29298.8037962963,29298.8037962963,39367.7191087963,Moderate (5.0-5.9)
2020-12-29 16:21:45.000,2020,5.01,125.45,68,5.5,6.0,6.2,4.716666666666666,0.24852837619317314,1.4634179218174677,0.04802426135933035,0.07802465151330412,0.34743558552260145,1.8644901305156878,0.0938549809532373,0.18993524607708448,0.3116666666666674,0.833566024300068,383412374652.66925,0.17964489132918407,0.09071795328941251,1.4770978917519928,5.10853676372977,13.70822916666657,1340.8322653935174,1340.8322653935174,43535.17270833333,Moderate (5.0-5.9)
2021-02-02 14:37:34.000,2021,3.62,126.57,25,5.2,3.0,4.3,4.2,0.5282737771670423,2.537388985671125,0.06418683223773673,0.05568494546627045,1.7371779276130073,7.425832965171692,0.6940910450027388,0.22243529222444586,-0.5031704304504832,0.0253469278329721,11214147613.445116,0.026012294873749182,6.144212353328218e-06,-0.6123724356957945,1.1607220076240892,4373.876863425925,4373.876863425925,4373.876863425925,4373.876863425925,Moderate (5.0-5.9)
2021-05-10 17:25:55.000,2021,5.46,126.58,60,5.3,3.0,4.6,4.333333333333333,1.025636073215498,4.641380459495354,0.3515361210478486,0.0783451477904482,1.5328040537761836,6.761617875202015,0.785157280999174,0.1546585412481805,0.07463220073369481,0.18872651821070185,16416104543.169884,0.0008377062976308206,2.5210870330948685e-05,-0.6123724356957945,1.2540719812813759,459.1568634259238,863.5742109953644,863.5742109953644,43535.17270833333,Moderate (5.0-5.9)
2021-06-06 03:20:58.000,2021,10.16,126.3,8,5.1,6.0,4.9,4.416666666666667,,,,,,,,,,,38479973229.1653,,,-1.2163272811190746,4.099183152481507,820.5102430555562,3137.37737037037,25280.683229166665,25280.683229166665,Moderate (5.0-5.9)
2021-06-07 21:41:08.000,2021,10.22,126.28,5,5.3,8.0,5.1,4.5,1.0905628679306538,5.607310745943445,0.4004293097969478,0.1381260048274191,1.042306756567806,5.271732334931571,0.3657762907835934,0.15184189802511097,-0.04166666666666696,0.042244879721620165,55474732674.1081,0.0005349477881841393,0.0007465858083766711,-1.621769708158766,5.744180832813141,822.2742476851854,8645.38267939815,25282.447233796294,25282.447233796294,Moderate (5.0-5.9)
2021-06-14 14:49:42.000,2021,7.67,124.86,2,5.2,3.0,5.7,4.866666666666667,0.30445836214226624,1.6309608446691906,0.09401159459194429,0.08943895125452535,0.6059923003301187,3.0222889161061612,0.37244300141580355,0.19886351714604553,0.3430742345415334,0.7126611931211881,136094524290.61708,0.12207448859421695,0.015206284059065848,-0.44721359549995787,5.375620014486486,316.9033101851892,592.5683333333363,24181.855944444447,43535.17270833333,Moderate (5.0-5.9)
2021-07-20 20:26:46.000,2021,5.58,126.74,79,5.3,4.0,5.4,4.800000000000001,0.368259959219165,2.072612609335002,0.09182541168265591,0.08507454520703303,0.6681453567742331,3.408270489779742,0.3022705191777014,0.18041000121146128,-0.22812371382877927,0.2989086652720703,87512435904.00598,0.07856337325043172,0.009898375607203939,0.0,1.765038810975808,530.2824537037013,934.6998012731419,934.6998012731419,23310.503946759258,Moderate (5.0-5.9)
2021-08-11 17:46:12.000,2021,6.3,126.87,59,7.1,3.0,4.3,4.166666666666667,2.3856062735983046,10.178586767352764,0.8726379848701775,0.13773304242424406,3.722524130599286,15.739470190176734,2.1247685051104104,0.2714549116856039,0.0333333333333341,0.07182856632205326,10145479080.169271,6.969171937625992e-08,6.798727087489015e-12,-1.4411533842457844,1.6315925568196465,682.6551157407448,956.5882966435165,956.5882966435165,35548.05777777778,Major (>=7.0)
2021-08-12 15:42:24.000,2021,6.07,127.41,12,5.1,15.0,7.1,4.586666666666667,0.2858264273703637,1.8037434801175278,0.036484837435123846,0.21715806175088953,0.7619201436899162,4.27625661786664,0.25925465608281467,0.49552710552561563,0.7893747134854623,1.4875264969933948,2455215449653.0625,0.13884195424899784,0.005178924370597728,-1.0815932788239888,12.67699502802529,0.914027777776937,0.914027777776937,0.914027777776937,23333.30646990741,Moderate (5.0-5.9)
2021-08-12 15:53:27.000,2021,6.1,127.65,24,5.6,16.0,7.1,4.61875,0.33347680002934676,2.1153330869370492,0.04717532905949751,0.21074989813018064,0.7293495115932481,4.177595585009192,0.22566025792316402,0.42205538067715304,0.7567308827753685,1.372162360288244,2455523664203.526,0.09990094580841043,0.006485619491588693,-1.0762764703941,15.663354025899412,0.921701388884685,0.921701388884685,0.921701388884685,23333.314143518517,Moderate (5.0-5.9)
2021-08-12 20:17:02.000,2021,5.93,127.5,35,5.3,19.0,7.1,4.684210526315789,0.1987956155251424,1.307047122943348,0.014847423122877925,0.0972944162258434,0.49165413045651224,2.9845573200478754,0.09081484917144989,0.23413171691155676,0.5251712770896546,1.029559145009836,2458143679553.6343,0.25328714773011346,0.033499444744003536,-1.3844905775381917,14.17150228502271,1.1047453703649808,1.1047453703649808,1.1047453703649808,23333.497187499997,Moderate (5.0-5.9)
2021-08-12 20:28:29.000,2021,6.05,127.58,1,5.1,20.0,7.1,4.715,0.2538987164346175,1.6658960982397015,0.023425407937618138,0.1235347276142869,0.5990268715906932,3.6570970364404984,0.13039434626919263,0.2259170695295079,0.5387376130406967,0.9949365881880796,2458848860307.203,0.1731027035007122,0.015955829438550916,-1.4421243717653187,17.591601404663788,1.1126967592572328,1.1126967592572328,1.1126967592572328,23333.50513888889,Moderate (5.0-5.9)
2021-08-13 19:00:30.000,2021,6.21,127.44,15,5.2,30.0,7.1,4.633333333333334,0.2664844324096898,1.7472837282118356,0.018537455587430487,0.13373908055405465,0.7360923422089037,4.453040949601428,0.14143960545771705,0.2920603807439956,0.5432052468806736,1.0504316316638826,2459511777736.774,0.15868895592841328,0.006190460736207509,-1.6884635296354764,22.224118439466622,2.0515972222201526,2.0515972222201526,2.0515972222201526,23334.444039351853,Moderate (5.0-5.9)
2021-08-27 10:22:23.000,2021,5.5,125.24,34,5.7,3.0,4.5,4.266666666666667,0.9396275030257824,4.223452094811509,0.2950494586047577,0.07415822971415348,1.3714562586418488,5.962946289287058,0.6285608149827187,0.15177028646746057,0.005184680938802089,0.15210610858843232,14024819445.889153,0.0015174608349343478,7.684776196487846e-05,-1.4411533842457844,2.1255371128042,254.45866898148233,1581.5827052083332,1581.5827052083332,18630.895143518523,Moderate (5.0-5.9)
2021-09-26 17:12:04.000,2021,13.82,120.35,66,5.7,3.0,4.9,4.566666666666667,0.468595834311766,2.362381390925563,0.12139620214927002,0.08684467055974965,0.8405699649740345,3.9234581111132036,0.3906213609673913,0.17157729395779495,-0.14140501887992496,0.2323836508548096,31194309216.753773,0.039283710065919186,0.0030080850072550574,-1.4411533842457844,1.571915382874654,64.84936342592118,64.84936342592118,9812.914307870367,29026.063657407405,Moderate (5.0-5.9)
2021-10-02 21:59:26.000,2021,12.84,120.86,3,5.3,5.0,4.9,4.4799999999999995,0.9858651726511466,4.818161398915213,0.3192845980436266,0.06891409162637643,1.3362907135484627,6.348110059586352,0.5866037302697689,0.1664110894072953,0.012758283205787535,0.1494543326360347,33334897510.064133,0.001102565710845352,9.797783966129235e-05,0.30618621784789724,5.948525409849168,1638.6181188657429,4753.784927314817,9819.113868055556,29032.263217592594,Moderate (5.0-5.9)
2021-11-19 20:13:46.000,2021,6.79,127.19,4,5.4,3.0,5.2,4.3999999999999995,0.15729272133615246,0.7602481531247367,0.022761720170505914,0.11729767731317388,0.9650988486738945,4.337516649415241,0.8569025246947427,0.3654471932107693,0.36666666666666803,0.7056244700993517,48193002776.512985,0.33738194375120456,0.0012726338013397947,-2.1213203435596424,1.116003966215044,100.10247685184731,100.10247685184731,100.10247685184731,28667.879282407404,Moderate (5.0-5.9)
2021-11-30 00:56:06.000,2021,6.68,126.12,41,5.2,3.0,4.8,4.466666666666666,0.46859583431176566,2.3155218074943855,0.12139620214926972,0.08684467055974969,0.8405699649740374,3.839401114615812,0.3906213609673936,0.17954224139347896,-0.14140501887992674,0.2323836508548105,25355686462.036495,0.03928371006591927,0.003008085007254999,1.4411533842457844,1.9684287409111465,110.29854166666337,110.29854166666337,110.29854166666337,18725.501891203705,Moderate (5.0-5.9)
2021-12-15 13:11:41.000,2021,10.25,126.53,17,5.1,4.0,4.9,4.449999999999999,0.8491460390956903,4.0609752306078555,0.2832278864246708,0.0780705142623524,1.085736204758131,5.053578430836299,0.46304145607008734,0.12510321961838117,0.1175773734602279,0.24548225555204528,29419864135.698658,0.0028350575726657197,0.0005530843701478286,-1.333333333333333,1.6688137262811444,1012.9204629629603,3392.9977581018466,3393.016777777775,3393.016777777775,Moderate (5.0-5.9)
2022-02-20 21:13:24.000,2022,5.85,126.56,51,5.2,5.0,5.7,4.64,0.31121274888456557,1.661286703660149,0.0616533926842477,0.1280073213438132,0.7445048261198607,3.75294248964705,0.35283954673438556,0.22822241014786193,0.3618938021836948,0.6591428316102688,136330711177.01074,0.11650961129490507,0.005840977343195231,-0.7276068751089989,0.9283494590694589,193.1438888888879,193.1438888888879,193.1438888888879,18808.34723842593,Moderate (5.0-5.9)
2022-02-26 06:15:50.000,2022,5.58,126.39,117,5.3,8.0,5.7,4.6875,0.6168829667251161,3.405362730468063,0.16074098254445188,0.08472267446314409,0.8685889638065036,4.59994269113226,0.3186762332131531,0.1481843109647258,0.17972644058188525,0.4041202653859717,145768686590.15985,0.014104285806027171,0.0024787521766663602,-1.161895003862225,2.714496346674547,198.5205787037048,198.5205787037048,198.5205787037048,18813.723928240746,Moderate (5.0-5.9)
2022-04-03 10:24:52.000,2022,9.16,126.88,4,5.6,5.0,5.0,4.499999999999999,0.6816017924566604,3.439243646435377,0.18507591751955224,0.07589985337483325,0.8985403073860382,4.340844576479626,0.3216352138885221,0.12539799676434812,-0.045825413750010036,0.1690040604770804,39749067209.40296,0.009019752538805402,0.00201548271450704,-2.5,4.335822560774823,503.4910763888838,3438.6717453703677,25581.977604166663,25581.977604166663,Moderate (5.0-5.9)
2022-04-03 11:21:59.000,2022,9.17,127.03,1,5.4,6.0,5.6,4.683333333333333,0.5692384594536917,3.083063588071668,0.17256142139698316,0.08502107661444692,0.6204206884332167,3.2698689515907944,0.2049876906096775,0.10184266853536823,0.1838803811138492,0.32959394721607627,116630324916.77158,0.0196012885356668,0.013763786733050419,-2.520504151250418,5.398666909117879,503.5307407407381,3438.711409722222,25582.017268518517,25582.017268518517,Moderate (5.0-5.9)
2022-04-03 15:29:36.000,2022,9.12,126.88,5,5.5,7.0,5.6,4.785714285714285,0.5274725274725269,3.0370277585660883,0.1413280727292364,0.0737435514974519,0.5497398505104447,3.0628513615309307,0.15351230280462558,0.10422268025980265,-0.15769845894821533,0.028544049177059883,137297877961.34856,0.026156667852726793,0.022427478471863403,-2.2912878474779204,6.129684583423837,503.70269675925374,3438.8833657407376,25582.189224537033,25582.189224537033,Moderate (5.0-5.9)
2022-04-11 13:47:30.000,2022,21.52,120.81,25,5.2,3.0,5.6,5.266666666666667,0.8337334825539049,4.572956206971072,0.2819941396631974,0.0893267033479696,1.3714562586418488,7.334402547928907,0.7630438887732093,0.1749489297310582,0.11508629236872636,0.25210610858843197,123747775733.31131,0.003153548773936587,7.684776196487846e-05,-2.1213203435596424,8.672617004934883,5585.050787152773,5585.050787152773,5585.050787152773,43535.17270833333,Moderate (5.0-5.9)
2022-04-19 01:23:07.000,2022,7.11,127.04,15,6.2,4.0,4.6,4.35,1.0110210668019588,4.728320179428449,0.2798221466674003,0.07509939628237472,1.4476482730108402,6.537417910672406,0.5737038797198588,0.14796869965826365,-0.076777106519625,0.08411169166403365,19409656041.335392,0.0009266949569199639,4.539992976248456e-05,-0.6324555320336758,2.708664000977973,250.31730324073578,250.31730324073578,250.31730324073578,28818.094108796293,Strong (6.0-6.9)
2022-04-19 04:24:35.000,2022,7.1,127.01,17,5.3,7.0,6.2,4.628571428571428,0.05902548934587889,0.3364452892715095,0.002160912659335369,0.06664916128852301,0.5109346845920612,2.6513295447874627,0.16191563687290603,0.2653281898133309,0.5000000000000027,1.0108248965240465,380902959527.03864,0.66515602909906,0.029322159123893774,-0.8219949365267863,5.197502205934677,0.12601851852377877,250.44332175925956,250.44332175925956,28818.220127314817,Moderate (5.0-5.9)
2022-04-20 09:07:35.000,2022,6.23,127.45,110,5.5,7.0,5.0,4.542857142857143,1.0268075940684571,5.209030154603973,0.28914817506614116,0.06869727879539006,1.3160438845553117,6.489563096379391,0.4749884557540168,0.1256579708149305,-0.07303431012284367,0.06888548889674784,46183590690.28342,0.0008309544497204218,0.0001126855805077983,-1.1832159566199232,2.439794630856404,251.63984953703766,251.63984953703766,251.63984953703766,23584.03229166667,Moderate (5.0-5.9)
2022-04-20 14:34:17.000,2022,6.78,127.29,16,5.2,14.0,6.2,4.742857142857143,0.627037970846134,3.72188687677055,0.1421052629590826,0.08880299493722042,0.7896263307331853,4.515748540384241,0.22535423539049992,0.14391769179662964,0.2643357343285251,0.4811575999608966,398134594446.0055,0.013148799027522072,0.004276820349208924,-1.5491933384829668,7.514272981004111,1.549421296302171,251.86672453703795,251.86672453703795,28819.643530092595,Moderate (5.0-5.9)
2022-04-20 21:57:43.000,2022,6.88,127.21,35,6.1,15.0,6.2,4.773333333333334,0.6790619277039804,4.035817491422151,0.1584865841137419,0.09598336557423179,0.7552947511360899,4.402478151046421,0.19606797991622524,0.11622872874034927,0.2567754916434346,0.3711786763718985,401001275493.5476,0.009179398348717224,0.005421453617662299,-1.5443960018728056,8.837152834869904,1.8573611111132777,252.17466435184906,252.17466435184906,28819.951469907406,Strong (6.0-6.9)
2022-05-04 20:16:04.000,2022,6.31,127.47,80,5.2,6.0,6.1,4.533333333333332,0.12674947185851837,0.70662830561124,0.011788176639637698,0.08735604496997526,0.41361379228881134,2.07956930250587,0.1255290790437758,0.24122479306177372,0.5249999999999986,1.0721954604120576,309428090859.0199,0.4166310031992724,0.0574326192676173,1.8665130505147656,1.6738010373760146,13.929409722222772,266.10407407407183,266.10407407407183,23598.496516203704,Moderate (5.0-5.9)
2022-05-04 21:41:04.000,2022,6.2,127.34,96,5.7,7.0,6.1,4.628571428571428,0.31179894775816663,1.8075952511744058,0.06393971452483298,0.07604641322976385,0.4271749002327067,2.3139733257203012,0.12001426115547484,0.15671946390912073,0.3026897006195517,0.683077506520755,313107986268.9948,0.11603878070118122,0.05229682212785132,1.4852213144650113,1.8230131589300982,13.988437500003783,266.16310185185284,266.16310185185284,23598.555543981485,Moderate (5.0-5.9)
2022-05-05 08:21:12.000,2022,6.22,127.58,34,6.0,9.0,5.7,4.566666666666666,0.5654684903316208,3.1367954292088904,0.13921571433823735,0.06913570152268601,0.7619201436899162,4.0514186365716505,0.25274952730399713,0.11951475765088579,0.15274938773457336,0.38262038991256375,145759781357.7741,0.020118450509101538,0.005178924370597728,-0.47237749297333015,3.366510860828805,14.43297453703417,266.60763888888323,266.60763888888323,23599.000081018516,Strong (6.0-6.9)
2022-05-05 19:54:40.000,2022,6.37,127.36,90,5.2,10.0,6.0,4.71,0.45333768374262223,2.751293380514701,0.10485836074985722,0.06543410528724901,0.5790593092043358,3.3260122108827215,0.17108247217032388,0.11016329808433872,-0.06897127501255618,0.25618039807895787,290416336161.52844,0.043650271445435616,0.018315638888734182,-0.5477225575051662,3.28263885576079,0.4815740740741603,267.0892129629574,267.0892129629574,23599.48165509259,Moderate (5.0-5.9)
2022-05-06 00:02:21.000,2022,6.44,127.33,65,5.2,12.0,6.0,4.691666666666667,0.5176266808575112,3.1363639563991637,0.12195074155779506,0.0755671324143063,0.5706058886320097,3.3507872416937654,0.14819161685785737,0.09437360877906525,-0.059123442407175375,0.1276679605829889,294360943221.37585,0.02799754539159824,0.019417009097910536,-0.669774686623137,4.210104577877338,0.6535763888896327,267.26121527777286,267.26121527777286,35815.31899305555,Moderate (5.0-5.9)
2022-07-27 00:43:24.000,2022,17.63,120.63,15,7.0,3.0,4.8,4.366666666666666,0.5767855668282794,2.6639646786837976,0.167251329103044,0.12121265910605333,1.3714562586418488,6.100091915151243,0.9455940494198064,0.24164515894776792,0.18136036702022196,0.3521061085884316,22289279192.1895,0.018605583705398977,7.684776196487846e-05,-0.9999999999999999,4.95782220511194,9240.275160879624,14223.51767824074,26507.90247685185,43535.17270833333,Major (>=7.0)
2022-08-01 17:10:12.000,2022,11.33,125.48,42,5.1,7.0,4.6,4.257142857142857,0.778151250383645,3.8203197482959514,0.13542679732169088,0.06234243060880712,1.5792526614663733,7.23492116948673,0.5578016617115493,0.15785898059166611,-0.30948224578763295,0.01876905069203083,22979125951.498676,0.004629629629629584,1.82911922994072e-05,1.6666666666666667,7.256861376451739,1196.4807986111118,1196.4807986111118,9964.69124537037,43535.17270833333,Moderate (5.0-5.9)
2022-10-03 08:07:49.000,2022,9.97,126.38,13,5.1,7.0,5.3,4.457142857142856,0.7511369330981239,3.7994130364147223,0.2097360159105632,0.13746586892220916,0.9240308125601108,4.579899417088485,0.317400559194396,0.14470617400714597,0.24178375606729663,0.34356418115597265,62942631364.69504,0.005579421873550812,0.001690081166975568,-2.6457513110645907,3.8771457313134823,1304.7094444444447,3621.5765717592585,25764.882430555554,25764.882430555554,Moderate (5.0-5.9)
2022-10-24 15:08:31.000,2022,11.22,126.06,16,5.3,5.0,4.7,4.360000000000001,-0.0,0.0,0.0,0.0,,,,,,,22482794118.717766,1.0,,-0.9486832980505137,3.972547263735605,1280.3962962962978,1280.3962962962978,10048.624046296296,43535.17270833333,Moderate (5.0-5.9)
2022-12-19 21:44:24.000,2022,7.82,124.74,4,5.0,3.0,4.4,4.300000000000001,2.385606273598328,10.517490726600695,0.7557266632048494,0.03606670660650584,2.895296546021672,12.637366748010685,1.113149032428996,0.10784163513291366,-0.008728650238096769,0.03520815669978372,13207508090.970108,6.969171937624866e-08,2.061153622438658e-09,1.4411533842457844,6.539149811747721,870.1912962962961,24725.170972222222,24735.143930555554,43535.17270833333,Moderate (5.0-5.9)
2023-01-18 06:06:10.000,2023,2.86,127.04,15,7.0,7.0,7.0,5.028571428571429,0.23514813390342193,1.5054021259921206,0.04515334736565899,0.10778355114147183,0.469507548003516,2.7617947121441366,0.18000809482337765,0.2220739841202475,0.5980690086598486,1.1176777159641018,1996863356605.2231,0.1970405441967973,0.03903708281352961,-1.0,5.313393380554861,0.5,0.5,0.5,5088.521724537037,Major (>=7.0)
2023-01-18 08:01:18.000,2023,2.2,127.31,62,5.4,5.0,7.0,5.7,,,,,,,,,,,2822712866071.476,,,-1.0,10.13924389296033,0.07995370370190358,0.07995370370190358,0.07995370370190358,43535.17270833333,Moderate (5.0-5.9)
2023-01-24 01:10:18.000,2023,2.22,126.67,36,5.3,47.0,7.0,4.651063829787234,0.38047876604754394,2.732288641158341,0.029295805596396902,0.17618745587799284,0.7238241365054191,4.584863533028234,0.10602559490876372,0.3062625976244076,-0.18118561396122512,0.6657769452622988,2826255177984.333,0.07220440638333483,0.006737946999085494,-4.550755431793715,33.56229214839155,5.794537037036207,5.794537037036207,5.794537037036207,43535.17270833333,Moderate (5.0-5.9)
2023-01-24 16:10:22.000,2023,3.81,128.63,63,5.1,4.0,4.5,4.35,0.9030899869919394,4.304728937994913,0.16245030154958123,0.09519404303287932,2.1714724095162667,9.722244111296284,0.9392194961119752,0.22179879649783035,-0.2666666666666684,0.02274112777602255,18011126930.674164,0.0019531250000000555,3.059023205018097e-07,-1.5491933384829666,5.320522872923015,415.68226851851796,43535.17270833333,43535.17270833333,43535.17270833333,Moderate (5.0-5.9)
2023-01-25 04:10:22.000,2023,3.81,128.63,63,5.1,5.0,5.1,4.5,0.6816017924566603,3.356888827849052,0.17557843182217348,0.14458957485450313,1.240841376866435,5.936823312931977,0.5818918198627564,0.19452172155372766,0.17499999999999982,0.3154856989661612,42871458358.08554,0.00901975253880541,0.0001894418252328926,-2.5,6.50052317917223,416.18226851851796,43535.17270833333,43535.17270833333,43535.17270833333,Moderate (5.0-5.9)
2023-01-29 19:57:01.000,2023,2.09,126.99,2,5.4,49.0,7.0,4.689795918367347,0.4325049292583937,3.077909838199768,0.03724385317906791,0.17151542076364035,0.7582919525294879,4.83056566245785,0.11448415341334851,0.29323826143906295,-0.116473431822822,0.6296756858038748,2828766892896.9004,0.050406345539400675,0.005310362184262847,1.239994121523284,35.04996433664377,11.576979166668025,11.576979166668025,11.576979166668025,43535.17270833333,Moderate (5.0-5.9)
2023-02-11 08:55:04.000,2023,3.43,126.53,28,6.0,9.0,4.8,4.388888888888889,0.7943385796621606,4.156785954980046,0.1575789942889975,0.042306540907433944,1.1135755946237236,5.48734506121803,0.3096894572395438,0.1299031827944398,-0.4330153179113685,-0.12768078584929832,38187925481.46432,0.0041398467159613804,0.0004563239005810281,2.333333333333334,3.2011444987655997,24.11729166666919,24.11729166666919,24.11729166666919,5112.639016203706,Strong (6.0-6.9)
2023-02-24 17:28:38.000,2023,2.91,126.05,56,5.0,9.0,6.0,4.466666666666667,0.39265857397772796,2.16878833213353,0.07334442633662307,0.16013775671421557,0.8143021535685974,4.198220295371753,0.3154337163972931,0.2960822515925267,0.4766561184105296,0.8443949497450367,252468125913.99362,0.0663780176213076,0.0036065631360157266,0.3061862178478974,3.366510860828805,13.356643518520286,22716.73410300926,43535.17270833333,43535.17270833333,Moderate (5.0-5.9)
2023-02-25 03:28:00.000,2023,2.91,126.05,56,5.0,10.0,6.0,4.5200000000000005,0.49888620364874053,2.79598341663453,0.11021040295288277,0.12379979491616878,0.7506324378574727,3.997754279015642,0.24950213053615466,0.1956540548124973,0.395548731984686,0.6741519851894262,254440866612.50778,0.031867015313072566,0.005598899686024291,0.0,3.8957739904008672,13.772870370368764,22717.15032986111,43535.17270833333,43535.17270833333,Moderate (5.0-5.9)
2023-03-07 06:02:29.000,2023,7.47,126.19,2,5.9,3.0,5.3,4.800000000000001,0.4045441856944011,2.136945817412365,0.12099849900590604,0.08055829767385252,0.6681453567742331,3.283331753171442,0.33005777289640287,0.1664796144512664,0.01764545634417658,0.38590201236572774,64531928206.19809,0.061145914248634366,0.009898375607203939,-0.9999999999999999,3.1062799081417087,33.80396990740701,8099.962060185186,8099.962060185186,43535.17270833333,Moderate (5.0-5.9)
2023-03-07 08:47:43.000,2023,7.51,126.24,11,5.6,4.0,5.9,5.075000000000001,0.3909743956099298,2.2603111843313415,0.12543665273142876,0.07920680483215473,0.46950754800351513,2.5739916929427262,0.18088934224626713,0.12373440696789816,0.11877440131290573,0.41767771596409986,214129185551.7214,0.06715476182848293,0.03903708281352985,-1.3333333333333333,3.907598644188526,33.9187152777813,8100.07680555556,8100.07680555556,37005.59137731481,Moderate (5.0-5.9)
2023-05-07 11:36:21.000,2023,17.6,122.36,28,5.3,4.0,5.5,4.75,0.517120946085969,2.6999205198285754,0.16175604429343013,0.11327023844946016,0.8685889638065036,4.336992535695928,0.4563571645634918,0.1922585614240108,0.2789380022913912,0.5068528194400548,91719856771.15202,0.02809552564046388,0.0024787521766663602,-1.3333333333333333,8.867725110565202,4814.364596064814,16725.910071759256,26792.35591435185,43535.17270833333,Moderate (5.0-5.9)
2023-05-13 14:37:42.000,2023,10.14,126.22,26,5.0,3.0,4.4,4.3,2.385606273598328,10.517490726600695,0.7557266632048494,0.03606670660650584,2.895296546021689,12.637366748010756,1.113149032429009,0.10784163513291628,-0.008728650238096769,0.03520815669978461,13207508090.970108,6.969171937624866e-08,2.0611536224384135e-09,-0.6123724356957945,1.302863809209866,1526.9801967592575,2283.0236105324075,25987.153182870366,25987.153182870366,Moderate (5.0-5.9)
2023-05-24 00:44:04.000,2023,5.7,124.26,1,5.2,4.0,4.9,4.7,1.3802112417116,6.823241083519633,0.3999708433568535,0.06234243060880703,1.7371779276130073,8.419360665586495,0.63361553718389,0.12409783816191772,-0.04362085839710428,0.05342640972002766,37598509188.84291,7.233796296296605e-05,6.144212353328218e-06,-0.9999999999999998,6.798722616979547,1153.8791898148193,2216.1810964120377,2216.1810964120377,17081.35625115741,Moderate (5.0-5.9)
2023-12-02 18:09:16.000,2023,8.51,127.43,2,6.3,7.0,7.4,5.814285714285715,0.35647554272151427,2.537979853585434,0.10906554346119235,0.101452976135817,0.2686357620020115,1.9870121793926954,0.06193779564175856,0.12463027837251243,0.28035349014629674,0.0033221914146457365,4622855224280.262,0.08522624846127244,0.15634813819301857,-1.0,6.833987119784463,0.020208333335176576,0.14736111111415084,0.14736111111415084,37275.98134259259,Strong (6.0-6.9)
2023-12-02 19:49:36.000,2023,8.96,126.91,1,6.8,11.0,7.4,5.581818181818182,0.4133535766748711,2.955483258811924,0.11325609450434966,0.11998015497559768,0.28426547906394667,2.2050106173206903,0.053563189137671795,0.16299809194328216,0.24998745484038842,-0.3568708820414459,4646815443129.668,0.05753594757155177,0.14034713864885967,-0.9999999999999999,7.424795294314105,0.06967592592991423,0.21703703704406507,0.21703703704406507,26190.369780092595,Strong (6.0-6.9)
2023-12-03 02:02:28.000,2023,8.68,127.4,4,5.4,21.0,7.4,5.228571428571429,0.43522375806745667,3.2183053707888982,0.09426526486535602,0.10124955911983094,0.3384112845999365,2.6765999004230396,0.05699229894372496,0.13531760579992747,0.005400529880809302,-0.5093104226334111,4836970147070.973,0.049468498183527505,0.096553083126817,-1.0,16.261818642517515,0.21545138888905058,0.25893518517841585,0.4759722222224809,37276.3099537037,Moderate (5.0-5.9)
2023-12-03 10:35:50.000,2023,8.49,126.95,1,6.6,32.0,7.4,5.0249999999999995,0.4938426715305093,3.6079773787379703,0.08865431482905375,0.08222789242012245,0.4092827578145833,3.150351346980237,0.06089330543919163,0.11714132222542628,0.09407528604973692,-0.2972491189268123,4838411123175.121,0.0329968122306943,0.0591768340209716,-0.9999999999999998,20.561449037642568,0.5719560185243608,0.6154398148137261,0.8324768518577912,37276.66645833333,Strong (6.0-6.9)
2023-12-03 14:35:51.000,2023,8.76,127.46,7,5.9,36.0,6.8,4.936111111111111,0.5120608347511116,3.7162909102783037,0.08334145342870067,0.1049812000138497,0.4320596904011774,3.2770486975839015,0.05933424909740519,0.11826983440006282,-0.45751836124044853,-0.784712877382951,1811397991337.791,0.029094941998055533,0.05056161399901761,-1.0,24.29383744130391,0.166678240741021,0.166678240741021,37276.833136574074,37276.833136574074,Moderate (5.0-5.9)
2023-12-03 19:49:33.000,2023,8.96,126.91,1,6.8,48.0,7.4,4.960416666666666,0.5498105701816094,4.034210669406883,0.08380200861237669,0.09152888228320254,0.44795154108259927,3.4941803292666522,0.05562760066377858,0.1398041983418898,0.06254435946123849,-0.40035340613405435,4921714146007.603,0.022416525006247013,0.04530492092773953,-1.3043028810114305,26.156599246990883,0.3845254629632109,0.3845254629632109,1.217002314821002,26191.36974537037,Strong (6.0-6.9)
2023-12-05 13:36:33.000,2023,9.07,127.02,1,5.8,89.0,7.4,4.851685393258427,0.6322017269973417,4.652013169749081,0.07391955380936474,0.10080117250497059,0.49420884144875143,3.938999994205212,0.04517196702259213,0.18366428059232448,0.04156839329760054,-0.5703147006803979,5105300362856.305,0.012688048176962062,0.03291345515838729,-2.064193051340074,40.49087885088692,1.7409722222218988,1.7409722222218988,2.957974537042901,26193.110717592594,Moderate (5.0-5.9)
2023-12-10 22:52:55.000,2023,8.8,127.48,26,5.2,147.0,6.8,4.657823129251701,0.6891143975759126,4.9988883480098,0.056601994647639806,0.032542378600005466,0.6407166827309049,4.751707907823413,0.04893066891195538,0.0521797484352649,-0.45407619633882845,-0.6162387774427378,2282776486632.787,0.008563608553448707,0.011963271303902715,-1.466949472842654,57.40154071307165,7.127337962963793,7.127337962963793,43535.17270833333,43535.17270833333,Moderate (5.0-5.9)
2023-12-15 16:05:27.000,2023,8.92,127.43,17,5.0,185.0,6.8,4.6016216216216215,0.7243857726071767,5.214658724057079,0.05197435463727263,0.025290181314232364,0.7301521215589302,5.236564135711456,0.05280511399520401,0.02832603914457938,-0.3987315616218057,-0.37188101094740933,2284448797164.0967,0.006711856801480451,0.00644976119972228,2.452496426632267,65.28892008664705,11.844375000000582,11.844375000000582,43535.17270833333,43535.17270833333,Moderate (5.0-5.9)
2024-01-29 07:37:21.000,2024,8.62,127.58,13,5.1,4.0,4.3,4.15,1.982271233039556,8.571478427542056,0.583375749854642,0.05171799541411685,2.171472409516257,9.28794962939299,0.7000528796998192,0.09780999774127694,-0.024069423334568185,0.022741127776021663,11449853884.551477,1.1302806712963945e-06,3.0590232050183034e-07,0.0,-1.487672293103056,56.491527777776355,56.491527777776355,37333.54251157407,37333.54251157407,Moderate (5.0-5.9)
2024-02-10 05:21:35.000,2024,8.66,125.63,41,5.2,5.0,5.8,4.720000000000001,0.3556951615774289,2.0146931601534104,0.09970519787933868,0.07077147263934688,0.4271749002327067,2.2712558356970307,0.1438047852313861,0.12892874297549284,0.13589945047693508,0.4830775065207549,173201860522.4654,0.08568691660418752,0.05229682212785132,-0.40824829046386296,3.1407545033717548,1181.2804629629609,22615.418391203704,36323.09488425926,41121.05137731481,Moderate (5.0-5.9)
2024-03-06 20:19:39.000,2024,7.88,127.14,7,5.0,4.0,4.8,4.475,1.1562656207653077,5.468528507219779,0.3843731784070871,0.08289212117307992,1.33629071354847,6.214480988231537,0.5133809504458148,0.11483109577300757,0.07052572608681729,0.14945433263603647,26113072511.806393,0.0003397841667012718,9.797783966128733e-05,-1.333333333333333,-1.0795923608101652,94.40542824073782,94.40542824073782,95.23790509259561,29505.883368055554,Moderate (5.0-5.9)
2024-04-09 09:47:59.000,2024,2.52,127.19,35,6.5,4.0,5.4,4.775,0.547327264843602,2.8734681404289097,0.16491787490665932,0.09076395875088539,1.0218693691841223,5.098285215738101,0.5748629599797124,0.21001395979161572,0.15000000000000124,0.41082489652404686,77943061299.42435,0.022804376651272627,0.0008597890156869469,1.921537845661046,1.9194387742396815,139.29103009259416,447.1540393518517,447.1540393518517,43535.17270833333,Strong (6.0-6.9)
2024-04-13 06:26:37.000,2024,2.39,126.62,73,5.3,5.0,6.5,4.659999999999999,0.1419476023754733,0.8294713909327651,0.02191390921963499,0.10228523343301,0.45715208621394965,2.397160016818251,0.22729252206378284,0.2638331864300472,0.6564959389825731,1.256318325765296,708128367860.2345,0.37510874827658736,0.04251515251442971,-1.6984155512168937,2.4283112450998696,3.8601620370391174,3.8601620370391174,451.0142013888908,43535.17270833333,Moderate (5.0-5.9)
2024-04-25 04:20:14.000,2024,7.69,127.37,18,5.0,5.0,4.9,4.380000000000001,0.789112505193794,3.8226284606856695,0.23707238508154688,0.0701046857340527,0.9650988486738925,4.530536419150011,0.35460651669397225,0.11449842729960494,0.05578775456499674,0.2056244700993508,30757614801.93951,0.004292027386268241,0.0012726338013398116,-1.299038105676658,1.0381423455127714,144.31112268519064,11306.39814351852,11665.753268518522,29555.217106481483,Moderate (5.0-5.9)
2024-06-12 17:01:20.000,2024,4.1,126.65,55,5.7,4.0,4.4,4.225,1.8061799739838873,7.977294885095504,0.5627443519775263,0.0777256106610321,2.48168275373287,10.77695928163273,1.0623842525552172,0.1752263078071929,-0.016666666666667496,0.057398486804020266,13642108446.879433,3.8146972656249987e-06,3.588820514756982e-08,-1.921537845661046,2.1475268471523195,155.84215277778276,155.84215277778276,5599.976701388892,5599.976701388892,Moderate (5.0-5.9)
2024-08-02 22:22:57.000,2024,8.12,126.84,11,6.8,3.0,4.3,4.2,2.3856062735982984,10.278930099240732,0.7557266632048305,0.03606670660650789,2.895296546021672,12.347837093408517,1.113149032428996,0.18893301937488385,-0.008728650238096769,0.03520815669978283,10735465618.82471,6.969171937626306e-08,2.061153622438658e-09,-0.6123724356957945,-2.5354274974960855,243.10652777777432,243.10652777777432,244.32353009259532,29654.968993055554,Strong (6.0-6.9)
2024-08-03 04:20:23.000,2024,8.14,127.18,1,6.2,9.0,6.8,4.811111111111111,0.3437694715307332,2.149982151047236,0.0796897645556822,0.12322788571782581,0.48254942433694675,2.853113775032514,0.15701875676097177,0.1675474333723072,0.5458607319788529,0.8874164776947522,1321087172854.3252,0.09304468831555479,0.03567399334725233,-1.150792911137501,-0.6598009441132607,0.24821759259066312,0.24821759259066312,244.57174768518598,29655.217210648145,Strong (6.0-6.9)
2024-08-06 05:39:21.000,2024,7.81,127.32,7,5.2,20.0,6.8,4.59,0.3914534596429419,2.5840316448412617,0.06012216371779446,0.07286269960210323,0.47593915825013916,2.9972222832925564,0.08887450745136548,0.12229927011987175,0.19887902076981145,0.502509593217149,1374991857965.8508,0.0669328967626473,0.037340706031090354,-2.2645540682891916,5.414248897561139,3.0548379629690317,3.3030555555596948,11768.808210648152,29658.272048611114,Moderate (5.0-5.9)
2024-09-09 21:01:31.000,2024,4.28,126.78,101,5.2,4.0,5.0,4.55,0.772815151624382,3.7974664404779994,0.2539103462288145,0.09454744169289549,0.8685889638065036,4.163274742934627,0.3207434197239476,0.12021332068662166,0.08619049135346835,0.20685281944005496,36611841556.60479,0.00480346405460143,0.0024787521766663602,0.0,1.8665321894290952,245.00894675926247,245.00894675926247,5689.143495370372,5689.143495370372,Moderate (5.0-5.9)
2024-09-13 06:33:39.000,2024,4.11,126.88,18,5.1,3.0,5.2,4.766666666666667,0.27823789380741654,1.5593388075124444,0.06023622515903814,0.08863619334872067,0.6059923003301187,2.961689686073149,0.28573234526910546,0.18740745755188074,-0.40433658469161227,0.3126611931211887,57574785991.42121,0.14631414660574443,0.015206284059065848,-0.6123724356957945,1.7580271160193575,248.40626157407678,248.40626157407678,5692.540810185186,5692.540810185186,Moderate (5.0-5.9)
2024-12-03 16:09:08.000,2024,4.48,126.56,39,5.3,4.0,4.6,4.375,0.7708437471768722,3.7162816851277762,0.17971278369637933,0.1064729154494979,1.0218693691841223,4.689537468064452,0.3158181069643543,0.1656019605818213,-0.22105705434886946,0.010824896524046501,20382932124.957428,0.004869324957922732,0.0008597890156869469,0.8660254037844386,1.4480775919519395,329.8059027777781,329.8059027777781,5773.940451388888,5773.940451388888,Moderate (5.0-5.9)
2025-02-02 15:43:10.000,2025,10.22,125.61,105,5.0,4.0,5.8,4.75,0.2727177372585126,1.4634877757624638,0.0602777616636995,0.14348139550385017,0.8685889638065036,4.336992535695928,0.6114472007825138,0.337078761618668,0.4336905311912105,0.8068528194400546,166752241481.35767,0.15200112007940547,0.0024787521766663602,1.1547005383792517,2.0878356846833834,2158.025659722225,2914.069073495375,27911.672453703708,43535.17270833333,Moderate (5.0-5.9)
2025-02-15 01:18:49.000,2025,11.54,125.95,12,5.2,5.0,5.3,4.42,-0.0,0.0,0.0,0.0,,,,,,,60157514344.05592,1.0,,-0.9486832980505137,3.7589436945268564,2124.8201157407384,2124.8201157407384,10893.030562499996,43535.17270833333,Moderate (5.0-5.9)
2025-04-19 16:50:46.000,2025,5.84,124.09,10,5.1,4.0,5.9,4.9,0.12448608843247326,0.9021846336215247,0.018577516460141434,0.09298347154651784,0.4571520862139492,2.4306683361837593,0.25053443420941734,0.249176763131052,-1.3472727272727294,0.5830203569361041,244776724377.50772,0.4231961759434785,0.04251515251442983,-1.3333333333333333,4.819094914515003,282.6094097222158,282.6094097222158,282.6094097222158,17778.027570601847,Moderate (5.0-5.9)
2025-04-19 17:37:09.000,2025,5.82,124.06,12,5.4,6.0,5.9,4.833333333333334,0.28605056921741445,1.8238481520144494,0.06549459529628,0.07815835137381894,0.3948131653665924,2.2602752858676505,0.12476796237807539,0.14532732259126147,-0.4759640716821041,0.17507620276811942,247959997041.46777,0.1386271492231955,0.06539740322986029,-1.2163272811190746,7.011419402303789,282.6416203703702,282.6416203703702,282.6416203703702,17778.059781250002,Moderate (5.0-5.9)
2025-07-20 05:45:33.000,2025,19.73,121.4,33,5.5,3.0,5.2,4.833333333333334,0.5689391661997586,2.951160356985459,0.17371458582869437,0.07899762856162043,0.8985403073860382,4.430698607218231,0.43329108041193576,0.16192226323524214,0.012871863440517828,0.26900406047708003,55088451402.13732,0.019641855032959753,0.00201548271450704,-1.4411533842457844,2.4934765753283394,676.7793402777752,26046.072488425925,43535.17270833333,43535.17270833333,Moderate (5.0-5.9)
2025-10-10 11:12:05.000,2025,7.07,126.9,37,6.8,15.0,7.4,4.873333333333333,0.27564876740041816,1.8746477068879852,0.03864572184846395,0.12393830538936176,0.4237019335641483,2.720569659148704,0.09130828924792342,0.17563063835752665,0.5991435167029113,0.9790482798521136,4575238780242.144,0.14895452392860142,0.05356661452565376,-1.0,9.88950129978686,0.39456018518831115,0.39456018518831115,0.39456018518831115,30088.503113425926,Strong (6.0-6.9)
2025-10-16 23:03:13.000,2025,9.69,126.22,28,6.0,6.0,6.0,4.616666666666666,0.2780078414058046,1.5622449654889827,0.05399959356152623,0.09160456558836595,0.5790593092043358,3.0249822152187402,0.23427313838386427,0.18777401595773227,0.38057229756842315,0.7760407834989174,252840006359.78467,0.14654684594906256,0.018315638888734182,0.0,2.9483816077161396,5.35436342592584,3170.374663773153,26874.504236111112,26874.504236111112,Strong (6.0-6.9)
2025-10-18 12:31:31.000,2025,8.84,126.45,34,5.5,5.0,6.0,4.9799999999999995,,,,,,,,,,,355550821608.1812,,,-1.507556722888818,2.1701381398514723,1.5613194444449618,441.5892824074108,685.9128125000061,26876.065555555557,Moderate (5.0-5.9)
2025-10-31 21:21:01.000,2025,6.14,127.6,24,5.0,11.0,5.7,4.50909090909091,0.5624930718782133,3.123771617704914,0.11546077167277292,0.06944966706444153,0.5990268715906925,3.2377782263270096,0.13094614268369936,0.13318346844979434,0.14655983535162687,0.29493658818807944,146175511593.42465,0.02053623305936934,0.015955829438550995,0.7006490497453708,10.214275862200104,602.5064351851834,1542.1491782407393,1542.1491782407393,24874.54162037037,Moderate (5.0-5.9)
2025-12-21 17:53:58.000,2025,8.48,127.47,28,5.8,4.0,5.0,4.574999999999999,0.6161890168142284,3.127414400319028,0.17601611417760393,0.07185962367126633,0.8272275845776234,3.993693088096218,0.31723021006791285,0.1335367222611581,-0.0754140612374723,0.17219546041205813,39289700158.44644,0.014172058930552591,0.003298505755939073,0.0,2.8792187439676864,505.56498842592555,505.8132060185162,750.1367361111115,30160.78219907407,Moderate (5.0-5.9)
2026-01-07 03:02:54.000,2026,7.2,127.07,16,6.4,4.0,4.8,4.4,0.8784945822716368,4.144325607573715,0.2898613944745211,0.1170940981825513,0.9650988486738925,4.4624553860235325,0.34982899080079527,0.13685253298009814,0.08246879240029248,0.17616753749604896,24874033014.075363,0.002314814814814825,0.0012726338013398116,-2.8284271247461903,-0.19953760850165947,88.66028935185022,88.66028935185022,89.05484953703854,30177.163402777776,Strong (6.0-6.9)
2026-01-13 01:27:12.000,2026,2.67,126.72,100,5.1,6.0,6.4,4.816666666666667,0.21728480890031693,1.3046142067723199,0.03776413372475167,0.0798047299086491,0.32169961622463084,1.7486782686748201,0.0827793255426141,0.19562933198862237,0.39583333333333215,0.9642513062440736,577641781534.7397,0.22291822345884826,0.10836802322189598,-0.8164965809277259,3.755363091487399,2.436701388884103,643.6522337962961,1090.8062731481477,43535.17270833333,Moderate (5.0-5.9)
2026-01-21 01:33:04.000,2026,6.37,123.71,17,5.1,11.0,5.2,4.381818181818182,0.8996755891642793,4.612594294683555,0.21857729543777826,0.0631723550098989,1.0305292790924634,5.173321012202603,0.2867832913102152,0.08722194303510869,0.07304718474327387,0.17993786575526194,59190085521.52133,0.0019997386130848234,0.0008098641278230543,-1.7041126723312632,9.98490283220898,558.9721180555498,558.9721180555498,558.9721180555498,18054.39027893518,Moderate (5.0-5.9)
2026-01-27 17:05:08.000,2026,6.42,123.68,14,5.2,20.0,5.2,4.404999999999999,1.0815633483641596,5.728263304578634,0.21864198470555676,0.061230072163982255,1.0482970252837127,5.548975541869832,0.2053990093066038,0.0643476022336853,-0.09628090045997251,-0.0933237508406064,76913047842.78549,0.0005692590646977734,0.0007163230466062548,-0.3897418814769785,15.905207794167135,565.6193865740715,565.6193865740715,565.6193865740715,18061.037547453703,Moderate (5.0-5.9)
2026-01-27 19:54:11.000,2026,6.43,123.67,6,5.0,23.0,5.2,4.452173913043478,0.9447275492557812,5.226859368886695,0.1616404615685421,0.04680981169554712,0.9650988486738925,5.283864085808623,0.16868657362941675,0.06124591470887662,-0.33266322444413365,-0.2749460048252983,92319679344.16841,0.0014649316167755285,0.0012726338013398116,-0.744793247238504,17.672233008177532,565.7367824074026,565.7367824074026,565.7367824074026,18061.154943287034,Moderate (5.0-5.9)
2026-01-28 01:41:47.000,2026,6.47,123.73,2,5.2,25.0,5.2,4.48,0.9676929463219526,5.4010868483758045,0.16308220804869797,0.04712846260397361,0.9219659392359548,5.151010545743839,0.14803390172843953,0.061057072712778195,-0.3814056193180688,-0.3869857296599788,98556934134.57216,0.001250032087010176,0.0017143606206945867,-0.09853292781642943,18.791569742757066,565.978171296294,565.978171296294,565.978171296294,18061.396332175926,Moderate (5.0-5.9)
2026-01-28 06:46:59.000,2026,6.52,123.69,4,5.9,30.0,5.2,4.4766666666666675,0.8903623775854905,5.12617822729465,0.12898208651036802,0.04304616962399534,0.8929419254085552,5.092778767538139,0.1297305400358026,0.06082786685238081,-0.5574065979696519,-0.5033706477697271,110986019970.06476,0.002132617002022805,0.002094952709140539,-0.2904453885428976,21.946024734060646,566.190115740741,566.190115740741,566.190115740741,18061.608276620373,Moderate (5.0-5.9)
2026-01-28 08:34:31.000,2026,6.49,123.67,16,5.5,31.0,5.9,4.522580645161291,0.9720439925386015,5.518305989629082,0.179067655682147,0.14962587742353894,0.8023110910662479,4.731434418495834,0.12199187280243542,0.1792909676709166,0.22298740387520066,0.0027433483340031373,232389403751.1802,0.0012130201701243525,0.003918020705748295,-0.3425943549137659,22.17524673438673,566.264791666661,566.264791666661,566.264791666661,18061.682952546293,Moderate (5.0-5.9)
2026-01-28 08:38:47.000,2026,6.49,123.67,13,5.3,32.0,5.9,4.553125,0.927432188595197,5.372410376840577,0.16900371063732733,0.09508378765662259,0.7552947511360899,4.552449196483184,0.11208947714136176,0.1342313563281194,0.10722027668859457,-0.12738095245006864,248893787232.7708,0.0016508341115252037,0.005421453617662299,-0.3886501653787775,22.665756882792785,566.2677546296254,566.2677546296254,566.2677546296254,18061.685915509257,Moderate (5.0-5.9)
2026-02-13 15:55:16.000,2026,4.22,127.84,62,5.1,3.0,5.6,4.8,0.1572927213361525,0.8231652416591979,0.022761720170505904,0.11729767731317389,0.9650988486738945,4.723556188884799,0.856902524694742,0.36544719321076896,0.36666666666666714,0.7056244700993508,110403791150.46094,0.3373819437512045,0.0012726338013397947,-1.4411533842457844,2.7130647202950486,297.2347800925927,28082.389710648153,28082.389710648153,32825.57344907407,Moderate (5.0-5.9)
