AnchorTime,AnchorLat,AnchorLon,t_end,LargestAhead,NO,Mag_max,Mag_mean,b_lsq,a_lsq,b_std_lsq,std_gr_lsq,b_mlk,a_mlk,b_std_mlk,std_gr_mlk,dM_lsq,dM_mlk,Energy,x7_lsq,x7_mlk,zvalue,beta,Dist_min,Dist_mean,Dist_std,Dist_wmean,Dist_trend,T_elaps6,T_elaps65,T_elaps7,T_elaps75,y5,y6,y7
1965-08-19 02:53:58.400,6.8,127.1,21327.255189814816,0.0,3.0,5.0,4.766666666666667,0.5112013443424922,2.6858279231296502,0.1115504695518048,0.08777407204684747,1.042306756567806,5.063270983618009,0.4637442461910853,0.1931843006414325,-0.2539531690476391,0.1422448797216207,41759667445.01036,0.02926819682666635,0.0007465858083766711,1.4411533842457844,6.539149811747721,24.899451748635002,35.444518396903234,10.41560071412468,30.501940407982307,-25.10830508603977,43535.17270833333,43535.17270833333,43535.17270833333,43535.17270833333,0,0,0
1965-09-18 22:38:17.600,8.2,126.8,21358.077634259258,4.7,3.0,5.4,5.266666666666667,0.35218251811136225,2.1675973416542,0.038036641326066434,0.0556849454662704,1.3714562586418488,7.334402547928907,0.5768069626061558,0.22654871894669545,-0.7547556456757238,0.052106108588432676,107220097020.08028,0.08779149519890275,7.684776196487846e-05,-1.4411533842457844,6.539149811747721,3.9330098982026502,15.421962629935317,10.616792990590433,19.243525211994932,2.958958617261597,1287.1383287037024,1287.1383287037024,14994.814821759257,16017.168166666666,0,0,0
1965-09-20 09:57:39.100,8.25,126.8,21359.54941087963,0.0,4.0,5.4,5.125,0.43952753585107096,2.6243070233157666,0.07561131548762702,0.04860612597925434,0.9143041724278993,4.899289601739089,0.3271869857823279,0.1818691594035242,-0.5707454237974838,0.041510178468052494,108556678077.89651,0.048019473327008996,0.0018075381933252185,-1.921537845661046,8.01355519627422,3.9330098982026502,15.066935663528113,8.697607268144036,19.04390908232379,1.8051466624847707,1288.6101053240745,1288.6101053240745,14996.28659837963,16018.639943287038,0,0,0
1966-06-08 22:01:17.000,9.64,126.68,21621.05193287037,0.0,3.0,5.6,5.166666666666667,0.57678556682828,3.125393132146426,0.1672513291030442,0.12121265910605335,1.3714562586418488,7.197256922064723,0.9455940494198056,0.25307540944194457,0.1813603670202184,0.3521061085884307,116975800036.51044,0.0186055837053989,7.684776196487846e-05,-1.4411533842457844,5.887866499588108,51.5696301555786,53.57986397243147,2.368322722401029,55.51894569446453,-28.95672426596961,5194.46122685185,5194.46122685185,5194.46122685185,5194.46122685185,0,0,0
1968-03-08 19:47:30.000,9.35,126.45,22259.95902777778,0.0,3.0,5.6,5.400000000000001,1.2552725051033076,6.994307776767387,0.41847858352885453,0.06779651486832546,1.737177927613001,9.510446478307268,0.8014673033488735,0.14028396693849954,0.028056260029559077,0.12534692783297174,139862742006.00955,0.0001714677640603548,6.144212353328469e-06,-0.9999999999999999,6.539149811747721,64.5589199870645,67.52722843248283,3.0443133815268855,67.9089356182955,-273.31460742869496,5833.368321759259,5833.368321759259,5833.368321759259,5833.368321759259,0,0,0
1968-07-07 21:34:05.300,9.65,126.39,22381.033047453704,0.0,3.0,5.2,5.1000000000000005,2.385606273598294,12.425975745479178,0.7557266632048277,0.03606670660650687,2.895296546021672,14.953603984828023,1.113149032428996,0.10784163513291282,-0.008728650238096769,0.03520815669978283,69313987774.50327,6.969171937626504e-08,2.061153622438658e-09,-1.4411533842457844,4.95782220511194,47.5473586205228,51.458950977283706,5.557014934175973,52.52912026663897,10.392003203441433,5954.442341435184,5954.442341435184,5954.442341435184,5954.442341435184,0,0,0
1968-08-02 01:04:14.000,16.0,122.0,22406.17898148148,5.2,4.0,7.3,5.5,0.1105877557288718,0.7221409699178127,0.016915941200646874,0.1309370454999913,0.5790593092043358,3.381544675508774,0.4637972546208383,0.41308075381810233,0.7699735503423453,1.460279229160082,3715634515841.0195,0.4658399524966072,0.018315638888734182,-0.9999999999999998,10.01427552475536,3.6387720409263102,21.053065127299774,13.150219243298773,3.6567421806476847,169.57671048228494,0.19782986111022183,0.19782986111022183,0.19782986111022183,43535.17270833333,1,0,0
1968-08-03 06:25:07.400,16.45,122.31,22407.40182175926,0.0,4.0,7.3,5.425,0.10295216664348758,0.6688319347391329,0.01526874559487874,0.12958083313717048,0.5603799766493576,3.235845881579943,0.4523739571300718,0.4258521546075144,0.8034690716590074,1.5256218701320847,3715538757496.602,0.4910701092844802,0.020838193670452643,-0.9999999999999998,10.01427552475536,3.6387720409263102,9.019425083525501,9.355023526347441,3.642751902891083,11.817045053636942,1.420670138890273,1.420670138890273,1.420670138890273,43535.17270833333,0,0,0
1968-08-03 14:17:45.000,15.6,122.1,22407.730034722223,5.2,3.0,5.0,4.866666666666667,1.4313637641589794,7.211909567682958,0.4155809566599038,0.07137846678465191,2.0044360703226998,9.897970785236351,0.8149669936305562,0.14894548736581154,-0.03848829226191164,0.06196733745524252,44148574136.88748,5.0805263425293595e-05,9.698214581498479e-07,-0.9999999999999999,8.672617004934883,14.359661071002499,23.9871528281255,10.74293058817641,25.35770890905702,-24.804790304150586,43535.17270833333,43535.17270833333,43535.17270833333,43535.17270833333,1,0,0
1968-08-03 15:51:48.300,16.0,122.4,22407.795350694443,0.0,4.0,7.3,5.425,0.10295216664348758,0.6688319347391329,0.01526874559487874,0.12958083313717048,0.5603799766493576,3.235845881579943,0.4523739571300718,0.4258521546075144,0.8034690716590074,1.5256218701320847,3715538757496.602,0.4910701092844802,0.020838193670452643,-0.9999999999999998,10.01427552475536,3.6387720409263102,19.136385501423653,13.514738524233412,3.651574672499548,89.65593220332921,1.814199074073258,1.814199074073258,1.814199074073258,43535.17270833333,0,0,0
1968-08-04 02:04:46.000,16.6,122.5,22408.221018518518,0.0,4.0,5.9,5.175000000000001,0.5336610557378364,3.0175876329304745,0.1720094219168436,0.09399454238048376,0.8272275845776219,4.490029638842786,0.4133055431858609,0.17161570260842085,0.24549776400982282,0.47219546041205707,211959672103.26007,0.025062063890107327,0.0032985057559391066,-1.5491933384829666,10.01427552475536,3.6857711745155797,10.341489239713415,8.672607120619956,9.895546558773475,8.058302176086682,43535.17270833333,43535.17270833333,43535.17270833333,43535.17270833333,0,0,0
1968-08-04 15:22:44.000,16.32,122.64,22408.775162037036,0.0,7.0,5.9,5.071428571428571,0.4685958343117653,2.663738338757336,0.07692069599581476,0.12208326390404357,1.240841376866432,6.805412276738466,0.5393601948121618,0.22642120367651183,0.21548864989460803,0.41548569896616083,218031358127.23297,0.03928371006591937,0.00018944182523289666,-1.732050807568877,13.247641299491772,3.6857711745155797,18.578174782544636,13.086329174101866,11.531465972018546,10.141559577713881,43535.17270833333,43535.17270833333,43535.17270833333,43535.17270833333,0,0,0
1968-08-05 14:51:10.400,15.97,121.89,22409.75324537037,5.2,6.0,7.3,5.25,0.030102999566398184,0.19767636381934797,0.0008589321277434591,0.057642855619293706,0.3619120682527098,2.11059033692753,0.12414963107460927,0.27702922364688903,0.7333333333333361,1.4682233833280653,3715732064384.0347,0.8122523963562351,0.08208499862389883,-1.5491933384829666,12.264932589646444,3.6387720409263102,29.611399613359136,22.565988731576287,3.673079146658724,24.711284104221082,3.772093750001659,3.772093750001659,3.772093750001659,43535.17270833333,1,0,0
1968-08-06 03:06:33.400,16.5,122.4,22410.263928240744,0.0,9.0,7.3,5.288888888888889,0.237521069858611,1.6111693816318877,0.03621631740665135,0.09818422950235203,0.5264175538221239,3.2867895158207943,0.17789376702418808,0.23310487091621113,0.5167306984977484,1.0563071520760907,3721813119962.058,0.1938370494459111,0.026347980814448654,-2.1213203435596424,15.021413287133042,3.6387720409263102,18.43016749392113,13.304781333391823,3.7219898106153693,10.519876626018235,4.282776620373625,4.282776620373625,4.282776620373625,43535.17270833333,0,0,0
1968-08-06 04:53:04.400,15.7,122.0,22410.33789814815,5.2,7.0,5.0,4.857142857142857,,,,,,,,,,,64370141826.90431,,,-1.732050807568877,13.247641299491772,13.2126892164847,31.83110467065432,18.892412217770207,31.798163975220444,1.3499752505629576,43535.17270833333,43535.17270833333,43535.17270833333,43535.17270833333,1,0,0
1968-08-09 14:07:49.600,16.04,121.98,22413.723143518517,5.0,11.0,7.3,5.154545454545454,0.12577881729336704,0.8344057326581498,0.008037543542673683,0.12009424442004885,0.49165413045651174,2.9845573200478728,0.12280829712708238,0.3027371644253034,0.6660869881454019,1.2295591450098362,3716773478541.9766,0.41943391882490055,0.033499444744003654,-0.17407765595569777,16.606797231426484,3.6387720409263102,30.09870104837604,16.089875427995658,3.75516063771182,3.232788179505299,7.741991898146807,7.741991898146807,7.741991898146807,43535.17270833333,1,0,0
1968-08-09 21:33:58.000,15.71,121.92,22414.032962962963,5.2,10.0,5.3,4.96,2.385606273598338,12.664536372839242,0.7853741863831807,0.03606670660650738,2.895296546021689,15.243133639430278,1.156818408337906,0.3295659525275298,-0.008728650238097657,0.03520815669978283,106842466110.36783,6.969171937624396e-08,2.0611536224384135e-09,-1.3333333333333333,15.833959887352426,9.927489453008569,31.903986087468365,17.879185939689695,33.9086943699588,-0.445977273689835,43535.17270833333,43535.17270833333,43535.17270833333,43535.17270833333,1,0,0
1968-08-10 16:41:31.500,15.41,121.59,22414.82987847222,5.0,4.0,5.2,5.05,1.982271233039559,10.355522537277674,0.5833757498546435,0.0517179954141163,2.1714724095162667,11.24227479795767,0.7000528796998251,0.09780999774127834,-0.024069423334568185,0.02274112777602255,73926465823.89548,1.130280671296369e-06,3.059023205018097e-07,-0.8660254037844386,10.01427552475536,22.026379574506997,34.5179671986637,9.167943468647833,36.44751433337313,2.0545019366078012,43535.17270833333,43535.17270833333,43535.17270833333,43535.17270833333,1,0,0
1968-08-10 19:50:04.000,16.8,122.5,22414.960810185185,0.0,6.0,5.9,5.083333333333333,0.20068666377598743,1.1372244280639288,0.01594014305135648,0.08395325471992637,0.9650988486738945,5.2230341239008435,0.3686368811098397,0.22391296678733882,0.2333333333333334,0.48808376874802484,214033384409.53018,0.25000000000000006,0.0012726338013397947,0.0,12.264932589646444,3.6857711745155797,13.487403769010909,9.04141973116491,10.226807680776204,3.4960514655718935,43535.17270833333,43535.17270833333,43535.17270833333,43535.17270833333,0,0,0
1968-08-13 00:14:58.500,15.62,121.83,22417.144774305554,4.9,11.0,5.3,5.00909090909091,3.4948500216801324,18.565250532421924,1.58255149052918,0.07369082476905398,3.3407267838711934,17.736676602079108,1.4460479064267622,0.5367209604351214,-0.012173746299066757,-0.009226928616432595,121586288838.45793,3.2767999999991356e-11,9.502101132666632e-11,-0.3216337604513383,16.606797231426484,9.927489453008569,32.030562806946506,17.19206123481111,32.52043534331716,-1.0689036597634296,43535.17270833333,43535.17270833333,43535.17270833333,43535.17270833333,0,0,0
1968-08-22 16:42:14.700,15.53,121.66,22426.830378472223,6.1,3.0,5.2,5.1000000000000005,2.385606273598294,12.425975745479178,0.7557266632048277,0.03606670660650687,2.895296546021672,14.953603984828023,1.113149032428996,0.10784163513291282,-0.008728650238096769,0.03520815669978283,69313987774.50327,6.969171937626504e-08,2.061153622438658e-09,1.4411533842457844,4.607707969367495,20.0649713147007,31.505367645351566,9.960298201491328,29.36184357446933,2.270501485314229,43535.17270833333,43535.17270833333,43535.17270833333,43535.17270833333,1,1,0
1968-08-23 06:42:59.500,15.7,121.9,22427.414230324073,6.1,5.0,5.2,5.06,,,,,,,,,,,83538515653.84534,,,1.299038105676658,6.210684822583022,9.927489453008569,27.431654046111134,12.067587025956787,25.520384917961,0.8372355892233845,43535.17270833333,43535.17270833333,43535.17270833333,43535.17270833333,1,1,0
1968-08-28 20:42:20.200,15.55,122.02,22432.9971087963,5.3,3.0,5.1,5.0,2.3856062735983383,12.187415118119576,0.7557266632048526,0.03606670660650687,2.895296546021689,14.664074330225938,1.113149032429004,0.1078416351329146,-0.008728650238097657,0.03520815669978372,56340524460.14158,6.969171937624367e-08,2.0611536224384135e-09,-2.1213203435596424,3.6122809875741004,32.7146778414924,37.252432765761036,5.450231045685686,37.477826886462864,1.809092790906416,43535.17270833333,43535.17270833333,43535.17270833333,43535.17270833333,1,0,0
1968-08-29 21:08:09.300,15.9,121.7,22434.015038194444,0.0,3.0,5.1,5.033333333333333,0.880456295278416,4.762008558407954,0.11886450414395985,0.05083316790886885,2.368878992199564,12.084628316497527,0.8604434442182748,0.2148398431898332,-0.308568924936953,-0.001412252922487589,60727390400.70797,0.002283658260521014,7.822814343739539e-08,-0.6123724356957945,3.817433980804671,32.7146778414924,40.90507608070703,11.660820938396663,42.538490464272435,3.166869620945624,43535.17270833333,43535.17270833333,43535.17270833333,43535.17270833333,0,0,0
1968-09-03 19:38:45.000,15.5,122.2,22438.95295138889,0.0,5.0,6.1,5.32,0.20068666377598685,1.1773617608191231,0.018618965411892566,0.08395325471992633,0.9650988486738945,5.416053893635622,0.4305881896303318,0.22683658291453868,0.23333333333333162,0.48808376874802484,320926392812.3416,0.2500000000000011,0.0012726338013397947,-0.9486832980505135,6.50052317917223,35.744856383769495,49.42650338065482,9.493285102461419,55.73653560253614,3.3208608226475618,5.955842592589761,43535.17270833333,43535.17270833333,43535.17270833333,0,0,0
1969-01-30 17:19:36.400,4.86,127.53,22587.856324074077,6.1,3.0,5.9,5.400000000000001,0.49053693002164694,2.829105897847763,0.1597646272632896,0.07670250492469728,0.7896263307331841,4.346290275312265,0.41398104511822215,0.1620671755187218,0.1326342326093224,0.3957632412325385,218164402223.50467,0.033758971732029464,0.004276820349208958,-0.9999999999999999,8.672617004934883,39.318473768789,51.60914951523313,12.29083604663259,50.12312722594909,60.49665651891296,43535.17270833333,43535.17270833333,43535.17270833333,43535.17270833333,1,1,0
1969-01-31 10:45:37.000,4.22,128.02,22588.58271990741,5.3,3.0,5.5,5.266666666666667,1.255272505103307,6.808574527124253,0.4355663194183826,0.09948488590379335,2.0044360703226998,10.69974521336543,1.1106128044072894,0.1829808759357607,0.07601875334318908,0.16196733745524305,108386859205.56413,0.00017146776406035566,9.698214581498479e-07,-0.9999999999999999,5.375620014486486,79.5480344076707,86.61335833995679,6.119292228469166,87.84259272499656,-30.84286575363015,43535.17270833333,43535.17270833333,43535.17270833333,43535.17270833333,1,0,0
1969-02-01 02:41:09.000,3.9,128.1,22589.246284722223,5.6,5.0,5.5,5.24,1.5051499783198905,8.2281532148154,0.3899252891559222,0.08689987451537572,2.895296546021672,15.646101689578842,1.4428060475711848,0.26253208055812505,0.0333333333333341,0.09602792291600792,129339247722.44594,3.0517578125003246e-05,2.061153622438658e-09,-1.2632278815997786,9.311630656989129,79.5480344076707,85.57496625514793,4.578508453547242,86.69227983086923,-7.599001043199825,15811.760543981483,43535.17270833333,43535.17270833333,43535.17270833333,1,0,0
1969-02-02 01:38:47.000,3.89,128.34,22590.20297453704,5.6,9.0,5.5,5.044444444444445,1.4313637641589894,7.777076451930512,0.3775609199240424,0.15087898849914966,2.895296546021689,15.532663294032446,1.544802995430726,0.5039590899065379,0.06666666666666465,0.13520815669978337,132000724739.58208,5.0805263425290166e-05,2.0611536224384135e-09,-1.5359763347691506,13.466946939030386,79.5480344076707,105.51699309883674,17.482987271596482,97.94839579906615,19.10426455851243,43535.17270833333,43535.17270833333,43535.17270833333,43535.17270833333,1,0,0
1969-02-02 16:21:21.500,3.66,128.44,22590.815873842592,5.1,8.0,5.6,5.125,1.50514997831993,8.378668212647614,0.5635260876139879,0.08689987451537572,2.895296546021689,15.935631344181102,2.0851657222171975,1.0580969846538162,0.03333333333333055,0.09602792291600792,158799417575.90756,3.0517578124994945e-05,2.0611536224384135e-09,-1.3333333333333333,14.162324264449978,119.231711481842,125.85898998983212,7.771682884675034,127.66195162054738,11.919714251259398,15813.330133101852,43535.17270833333,43535.17270833333,43535.17270833333,1,0,0
1969-02-02 20:50:24.000,4.3,128.1,22591.002708333333,5.3,13.0,5.5,5.130769230769231,2.3856062735982877,13.041314295670636,0.6691590129785722,0.13773304242424353,3.722524130599286,20.20649914689588,1.6293216893362499,0.8139147773569796,0.03333333333333499,0.07182856632205326,171430788775.39203,6.969171937626818e-08,6.798727087489015e-12,-1.9824814143238607,15.593568819925139,66.8962940691461,100.64349135156507,20.194253600130352,95.23841532561269,22.186310716897683,43535.17270833333,43535.17270833333,43535.17270833333,43535.17270833333,1,0,0
1969-02-03 21:41:43.400,4.81,127.54,22592.038349537037,5.5,3.0,5.9,5.5,0.684296279565413,3.9327420073439927,0.2241956812569034,0.09756609539998762,1.240841376866435,6.929496414425125,0.7371763923041442,0.19440098754961124,0.15286659480068732,0.3154856989661621,221869061841.21088,0.008853421915680941,0.0001894418252328926,-0.9999999999999999,7.410849195313975,39.318473768789,45.442850266651,6.145283190971164,49.447091510329095,-13.189315692286206,43535.17270833333,43535.17270833333,43535.17270833333,43535.17270833333,1,0,0
1969-02-05 10:36:29.000,3.54,128.61,22593.576377314814,5.6,5.0,5.6,5.18,0.8529183210479515,4.822666515155958,0.28196934320988415,0.0941811777868874,0.755294751136091,4.227474796781199,0.22111588285117534,0.12472368043797546,-0.05431225493024083,0.002880742356063948,145827617143.22864,0.0027621358640098604,0.00542145361766226,-1.5075567228888183,11.196300409382683,127.743943204529,143.4918130822864,14.1329409780349,136.99570812598648,46.47187045662569,43535.17270833333,43535.17270833333,43535.17270833333,43535.17270833333,1,0,0
1969-02-09 04:12:08.400,4.45,128.28,22597.309472222223,0.0,9.0,5.5,5.188888888888888,2.3856062735982877,13.041314295670636,0.6704437247194137,0.13773304242424353,3.722524130599286,20.20649914689588,1.6324498078600977,0.3617333101791274,0.03333333333333499,0.07182856632205326,155637823175.4931,6.969171937626818e-08,6.798727087489015e-12,0.6822882392210131,15.021413287133042,66.8962940691461,81.9239760577292,9.587408518149742,81.47056290825148,-1.2629152377248705,43535.17270833333,43535.17270833333,43535.17270833333,43535.17270833333,0,0,0
1969-02-10 14:09:19.000,3.81,128.51,22598.72417824074,5.8,11.0,5.6,5.118181818181818,1.50514997831993,8.378668212647614,0.4085838270616897,0.08689987451537572,2.895296546021689,15.935631344181102,1.5118465845097588,0.949579022693125,0.03333333333333055,0.09602792291600792,173267665545.68503,3.0517578124994945e-05,2.0611536224384135e-09,1.3081542744010752,16.606797231426484,119.231711481842,136.19252348408608,19.412658634191306,133.97202462497376,15.005643989346156,43535.17270833333,43535.17270833333,43535.17270833333,43535.17270833333,1,0,0
1969-02-17 01:15:53.000,3.92,128.68,22605.18707175926,5.2,3.0,5.6,5.2,0.5112013443424968,2.7775273042608988,0.12021033465048483,0.1425672434406158,1.7371779276130073,9.1630108927847,1.3881820900054775,0.32427033635682245,0.16666666666666696,0.3253469278329719,118417246827.36899,0.029268196826665437,6.144212353328218e-06,-0.6123724356957945,4.308100197271101,143.52250281009,156.24314387419403,16.856751180100765,151.77510142256153,-2.071096903967837,43535.17270833333,43535.17270833333,43535.17270833333,43535.17270833333,1,0,0
1969-02-17 01:38:33.700,3.6,128.25,22605.20282060185,5.8,3.0,5.6,5.2,0.5112013443424968,2.7775273042608988,0.12021033465048483,0.1425672434406158,1.7371779276130073,9.1630108927847,1.3881820900054775,0.32427033635682245,0.16666666666666696,0.3253469278329719,118417246827.36899,0.029268196826665437,6.144212353328218e-06,-0.6123724356957945,3.1062799081417087,143.52250281009,156.24314387419403,16.856751180100765,151.77510142256153,-2.071096903967837,15827.717079861111,43535.17270833333,43535.17270833333,43535.17270833333,1,0,0
1969-02-17 02:35:14.000,3.7,128.6,22605.242175925927,5.8,7.0,5.6,5.114285714285714,0.6020599913279648,3.3113299523038067,0.0780986559363136,0.09519404303287919,1.7371779276130073,9.33435521925162,0.650208479696285,0.20681394179149923,0.09999999999999964,0.22671320486001267,140631256582.78964,0.015624999999999731,6.144212353328218e-06,-0.9933992677987826,8.99386463871906,142.867812708781,154.430933556359,11.842765978823168,151.68273636361786,-1.326102408292425,43535.17270833333,43535.17270833333,43535.17270833333,43535.17270833333,1,0,0
1969-02-20 09:55:29.000,3.58,128.16,22608.547905092593,5.8,4.0,5.6,5.1499999999999995,0.8491460390956939,4.655377457974859,0.2832278864246728,0.07807051426235215,1.085736204758131,5.813593774166991,0.46304145607008673,0.12510321961838092,0.11757737346022701,0.2454822555520444,125499114862.14539,0.00283505757266565,0.0005530843701478286,-0.6324555320336758,3.907598644188526,143.52250281009,156.98694579632425,15.436777595606225,154.61727018902798,2.8684568685392753,15831.062164351853,43535.17270833333,43535.17270833333,43535.17270833333,1,0,0
1969-02-20 10:30:21.500,3.5,128.4,22608.572123842594,5.2,8.0,5.6,5.15,0.8583339430566957,5.00036453992838,0.18672430566621753,0.09387644632314307,1.3714562586418526,7.635432543592907,0.47670773668846045,0.1824992779855529,-0.22566328685674453,0.03260950141111696,176737971320.45102,0.0026607138533279863,7.684776196487658e-05,-1.0,9.27933249945401,143.52250281009,157.07072769863737,10.92970752916233,155.43728984285767,1.6946181925943609,15831.086383101854,43535.17270833333,43535.17270833333,43535.17270833333,1,0,0
1969-02-22 17:53:49.000,3.6,128.25,22610.88008101852,5.8,15.0,5.8,5.16,1.246263081957893,7.247815959181684,0.2740607767284715,0.1333586387342914,1.7371779276130073,9.878423263601896,0.5324956070190809,0.25570607216365077,-0.015638819851170993,0.11352246273617084,260381129688.2415,0.00018247810159615786,6.144212353328218e-06,-1.6876950573908704,13.427826347820039,143.52250281009,161.21195003293082,13.046602159677102,162.05850918794107,2.089437785793517,15833.39434027778,43535.17270833333,43535.17270833333,43535.17270833333,1,0,0
1969-02-24 16:41:48.000,3.62,128.72,22612.830069444444,4.8,10.0,5.8,5.24,0.9030899869919289,5.237921924553187,0.16352971742121566,0.08244045955542209,1.2408413768664381,7.001573430742748,0.3087217064064799,0.18056053052481727,8.881784197001252e-16,0.15739848680401902,233415740627.12006,0.0019531250000001973,0.00018944182523288853,0.30618621784789724,12.218272061186562,142.867812708781,159.08167685239349,11.135450572228546,162.0645935011633,1.2197010859812991,43535.17270833333,43535.17270833333,43535.17270833333,43535.17270833333,0,0,0
1969-02-26 08:20:15.000,3.61,128.45,22614.481770833332,5.0,18.0,5.8,5.144444444444444,1.4313637641589643,8.30190983212199,0.30766631768420954,0.13066503693756318,1.3714562586418488,7.8829850513856465,0.28245146911582286,0.13783436038133348,2.6645352591003757e-15,0.05210610858843179,268818628534.06653,5.0805263425299e-05,7.684776196487846e-05,-0.35682062007003157,16.655255992726936,142.867812708781,161.71994416895888,12.340540225859085,161.86967078097504,1.7406040137621328,15836.996030092592,43535.17270833333,43535.17270833333,43535.17270833333,1,0,0
1969-03-05 13:52:09.000,4.04,128.11,22621.712256944444,5.8,3.0,5.2,4.933333333333334,1.0256360732154968,5.256762103424645,0.3515361210478477,0.0783451477904488,1.5328040537761836,7.681300307467725,0.785157280999174,0.15493269739687898,0.0746322007336957,0.18872651821070274,56920683859.9821,0.0008377062976308283,2.5210870330948685e-05,0.6123724356957944,2.0450933046475694,110.282307592685,135.91287793638665,22.240973168291063,144.8576952982091,-4.420855410952804,43535.17270833333,43535.17270833333,43535.17270833333,43535.17270833333,1,0,0
1969-03-08 11:30:17.000,4.0,128.3,22624.613738425927,4.9,8.0,5.8,5.1375,0.788411893405665,4.52261731580886,0.17286847995342397,0.08952055811330657,1.33629071354847,7.41714263042516,0.49660533364580767,0.1693420849468115,0.06363636363636349,0.2494543326360361,203151654203.82898,0.004312849662788331,9.797783966128733e-05,-0.6517505359122819,5.323097625947539,93.7314812672823,118.97704192798341,24.991551495266105,111.26333830939627,-5.278733312951096,43535.17270833333,43535.17270833333,43535.17270833333,43535.17270833333,0,0,0
1969-03-21 10:23:53.000,8.54,127.41,22637.567627314816,5.2,3.0,6.1,5.566666666666666,0.49053693002164767,2.8998469206099178,0.16082619792674444,0.08274702250559432,0.8405699649740359,4.7640280760872455,0.4722381981451846,0.16833295601611226,0.18842282173954583,0.4323836508548098,323969292059.9459,0.03375897173202931,0.0030080850072550297,-0.9999999999999999,8.672617004934883,20.1240723412438,27.662494085755,7.6602717978220625,28.096596080486854,37.828525637914204,0.7534201388916699,11542.598113425927,43535.17270833333,43535.17270833333,1,0,0
1969-03-26 19:30:52.000,8.8,127.5,22642.947476851852,5.2,4.0,6.1,5.475,0.6113604499547589,3.6038249954775208,0.19342162788039807,0.09675857953532617,1.0218693691841223,5.813593774166986,0.5403823014727211,0.18506110259289224,0.2052369420622373,0.41082489652404686,327485831526.48047,0.014652733475935207,0.0008597890156869469,-1.5491933384829664,10.01427552475536,20.1240723412438,28.2452708315935,6.36226041746426,28.167081233368258,8.908134235337824,6.133269675927295,11547.977962962963,43535.17270833333,43535.17270833333,1,0,0
1969-04-03 23:49:24.000,8.6,127.3,22651.12701388889,0.0,3.0,5.2,5.133333333333333,0.8804562952783983,4.850054187935704,0.11886450414395563,0.050833167908869104,2.368878992199564,12.321516215717482,0.8604434442182788,0.21483984318983565,-0.3085689249369592,-0.0014122529224858127,74711011942.92259,0.002283658260521292,7.822814343739539e-08,0.6123724356957945,5.887866499588108,23.2578048339146,32.835538586553135,11.27071042894823,30.35867859767274,-0.6762870859763871,14.31280671296554,11556.157500000001,43535.17270833333,43535.17270833333,0,0,0
1969-05-26 18:48:48.000,11.7,125.6,22703.91826388889,5.3,3.0,5.2,5.066666666666666,0.3521825181113634,2.0971608380319333,0.03803664132606668,0.05568494546627029,1.3714562586418488,7.060111296200537,0.5768069626061557,0.21171027888094332,-0.7547556456757212,0.052106108588432676,70839615595.90585,0.08779149519890203,7.684776196487846e-05,-1.4411533842457844,6.539149811747721,24.1860185538147,38.18131045287114,12.124547689526034,42.836554938185515,-2.0000265467303677,12418.864594907407,43535.17270833333,43535.17270833333,43535.17270833333,1,0,0
1969-05-28 03:41:05.000,11.79,125.83,22705.28790509259,0.0,3.0,5.2,5.1000000000000005,0.5282737771670408,3.012835385121457,0.06418683223773639,0.05568494546627045,1.7371779276130073,8.9892931000234,0.6940910450027388,0.22243529222444539,-0.5031704304504867,0.0253469278329721,72404618316.39708,0.02601229487374945,6.144212353328218e-06,-0.44721359549995787,6.539149811747721,44.857226436830096,47.53971441785103,4.101590593087434,46.24608370401798,0.5700456150745808,12420.23423611111,43535.17270833333,43535.17270833333,43535.17270833333,0,0,0
1970-01-10 13:59:40.600,6.74,126.86,22932.717483796296,5.5,3.0,5.1,4.8,0.5767855668282794,2.987515346564274,0.15928234959536428,0.08437908520728295,0.9650988486738945,4.723556188884799,0.44594621262843315,0.17206970276903732,-0.07959449469670421,0.2056244700993508,47512430726.64314,0.018605583705398977,0.0012726338013397947,-0.9999999999999999,6.539149811747721,38.6649749675763,45.239641223901835,11.103935586629559,39.85560879957294,-923.170998303445,16706.900469907407,16706.900469907407,16706.900469907407,16706.900469907407,1,0,0
1970-01-10 16:30:49.000,7.04,126.77,22932.82244212963,5.4,8.0,5.9,5.137499999999999,0.9595129533079578,5.552597182110748,0.34641772449820674,0.10248651699970263,1.240841376866432,7.053580552111751,0.5793365843141361,0.31878843223419406,0.11310867876462183,0.21548569896616154,243075715469.48987,0.0013226993498501043,0.00018944182523289666,-0.9999999999999998,11.897021792832335,18.354553693330303,41.12428669116834,11.266378303520058,28.20781478973015,50.919269243867625,43535.17270833333,43535.17270833333,43535.17270833333,43535.17270833333,1,0,0
1970-01-10 17:12:38.900,7.0,127.0,22932.85149189815,5.4,8.0,5.5,5.025,1.5051499783198932,8.328496546703407,0.6362629190781248,0.08689987451537572,2.171472409516257,11.809833766100143,1.32429790353331,0.7020214561001902,-0.03333333333333233,0.0613705638880111,135642416315.734,3.0517578125002683e-05,3.0590232050183034e-07,-0.9999999999999998,11.897021792832335,38.6649749675763,46.012048417070936,7.979281312495984,45.129107292165585,-6.114468889032338,43535.17270833333,43535.17270833333,43535.17270833333,43535.17270833333,1,0,0
1970-01-11 05:02:05.000,7.43,126.87,22933.344155092593,5.3,6.0,5.0,4.833333333333334,,,,,,,,,,,61976439921.68013,,,-0.9999999999999999,10.480523440714762,32.6241721702089,48.857600471725085,10.62940522934083,46.510668543810695,11.23656750640757,4149.459270833333,43535.17270833333,43535.17270833333,43535.17270833333,1,0,0
1970-01-11 21:02:22.300,6.52,126.99,22934.01102199074,4.8,9.0,5.5,4.977777777777778,1.2041199826559255,6.682865903740383,0.3719181572148231,0.09519404303287918,1.930197697347789,10.446068247801687,0.9556776739502487,0.4110656481940338,-0.04999999999999716,0.08808376874802448,135250954850.02713,0.00024414062499999886,1.6195967923125758e-06,-1.4411533842457842,13.466946939030386,27.3379996559934,39.23480411934999,6.563364278467246,42.96234615287312,0.532862371178607,12243.088302083333,12243.088302083333,12243.088302083333,43535.17270833333,0,0,0
1970-01-12 14:51:41.000,7.46,126.81,22934.753599537038,5.3,6.0,5.4,4.900000000000001,-0.0,0.0,0.0,0.0,,,,,,,89939722636.1263,1.0,,-1.2163272811190746,10.480523440714762,43.2640246897059,51.203399867705606,7.389724300411905,48.594387576069586,-0.36167727808051375,4150.868715277778,43535.17270833333,43535.17270833333,43535.17270833333,1,0,0
1970-01-13 20:48:27.200,7.09,126.79,22936.001356481484,4.8,16.0,5.9,5.0,1.1208274915837242,6.485146894825093,0.29371464738478,0.11444441459248922,1.2408413768664381,7.106442272402479,0.35998183751713114,0.1954463526575741,0.11396517883264146,0.17288418577018305,261344312545.8205,0.00043402777777777965,0.00018944182523288853,-1.4708433912861492,18.242005730910254,18.354553693330303,42.4961941035198,11.389282408356962,31.277328144696813,6.266316653409378,4152.116472222224,43535.17270833333,43535.17270833333,43535.17270833333,0,0,0
1970-01-15 17:53:28.000,7.44,126.98,22937.879837962962,0.0,8.0,5.4,4.8875,0.9826918806341525,5.403863291748377,0.28603420545785774,0.08713873579600373,0.8685889638065052,4.773660483893568,0.22346620301823975,0.10514037294957328,-0.09904135593462549,-0.09587973461402655,107887434808.22441,0.0011270011471299832,0.002478752176666332,-2.065591117977289,12.540857118757762,32.6241721702089,48.89778523326336,8.933523790241724,48.063006597070455,3.073664750779048,4153.994953703703,43535.17270833333,43535.17270833333,43535.17270833333,0,0,0
1970-01-16 12:11:39.400,6.81,126.81,22938.64246990741,4.8,17.0,5.9,5.023529411764706,1.100004368815674,6.356737637755452,0.24164145091014108,0.09751325226421237,1.30288344570976,7.4228568235034205,0.33899535445954204,0.19116672983745395,0.12117055353201067,0.2027468435906501,260955284815.1814,0.0005011721086715533,0.00012340980408667577,-1.2532566273166257,19.43653965480373,18.354553693330303,41.75532033190282,11.234317010604112,31.578998340366628,3.5444848754166727,16712.82545601852,16712.82545601852,16712.82545601852,16712.82545601852,0,0,0
1970-01-17 15:29:56.200,6.43,127.01,22939.780164351854,5.8,10.0,5.5,4.97,1.2565542881920098,6.964263343450706,0.3673659577458107,0.0858942836380024,1.6084980811231522,8.74146040995178,0.6019736628061285,0.24295740283970862,-0.04234974874919306,0.06545176364279204,138089257989.44907,0.00016995624819678842,1.4945338524781713e-05,-0.3897418814769785,15.036872085228435,32.0159842108523,41.23333665007356,5.508794427294171,43.56360240977217,1.3126876219375347,4495.863289351855,12248.857444444448,12248.857444444448,43535.17270833333,1,0,0
1970-04-07 06:11:52.800,15.68,121.85,23019.392625,0.0,3.0,7.3,5.633333333333333,0.1263280162212122,0.8240698208328607,0.031241345642694887,0.09776455308620356,0.3670094213266919,2.1286636506897763,0.2636846235013616,0.255645207589457,0.7767453373934314,1.499975458409403,3715572916767.8115,0.417845713549242,0.07924497559984324,-0.9999999999999999,7.410849195313975,16.7867047620773,31.293639091640433,12.56692012639376,16.798846148766195,-21.55357224252443,0.026233796295855427,0.026233796295855427,0.026233796295855427,43535.17270833333,0,0,0
1970-04-07 08:25:31.500,15.4,121.7,23019.485434027778,7.0,7.0,7.3,5.371428571428572,0.3165324343959626,2.1039454870115915,0.08243279057070205,0.16584619255928976,0.4058826933675253,2.606618663163388,0.13553911127158422,0.17747591346917888,0.6531440750249153,0.8779014336955129,3718035156464.6294,0.11230593213128053,0.06058315967022176,-1.0,13.247641299491772,16.7867047620773,38.73838733898286,11.664797089100958,16.915632525880472,7.4124617895487415,0.11904282407340361,0.11904282407340361,0.11904282407340361,43535.17270833333,1,1,1
1970-04-08 08:30:10.000,15.36,121.72,23020.488657407408,7.0,21.0,7.3,4.885714285714285,0.3530328767805094,2.3431207047416116,0.04093693150129754,0.194058839445116,0.7171835480971135,4.396723540305469,0.16894510762248122,0.33548143673197967,0.6628824428201998,1.169458450390846,3718687206942.2397,0.08727731349508704,0.007054225779589603,-1.4911503652431253,22.94558781116753,16.7867047620773,33.373665464626505,10.329814385796832,16.947075153720757,-14.499283847649737,1.1222662037034752,1.1222662037034752,1.1222662037034752,43535.17270833333,1,1,1
1970-04-08 09:58:30.500,15.52,121.91,23020.550005787038,0.0,24.0,7.3,4.891666666666667,0.3838514032629386,2.545999645245434,0.04254049956323906,0.21344867704889717,0.7896263307331853,4.831599072677514,0.18001950533789232,0.3736462506636751,0.667225901473592,1.1811575999608968,3719122814230.135,0.07054167865611854,0.004276820349208924,-1.5199211913146968,24.529865179292887,16.7867047620773,32.813704275166806,9.9856880603825,16.956731260577797,-9.14569096482192,1.1836145833331102,1.1836145833331102,1.1836145833331102,43535.17270833333,0,0,0
1970-04-09 00:24:55.800,15.93,121.93,23021.151687499998,0.0,12.0,7.3,5.116666666666666,0.3619000834666405,2.403077260248113,0.06855520593731332,0.189605921545435,0.5695665336436094,3.5800526951169083,0.1698055965236572,0.25168271834232786,0.6598322574865456,1.014425824469126,3718674726152.3794,0.08209179455554662,0.019556917290950892,-1.726067885347383,16.609370849765686,16.7867047620773,40.248275996386106,11.818506166430316,16.954249832897684,4.884039087550846,1.7852962962933816,1.7852962962933816,1.7852962962933816,43535.17270833333,0,0,0
1970-04-10 00:01:16.000,15.65,121.76,23022.13525462963,0.0,37.0,7.3,4.916216216216217,0.4576738497429857,3.1126497459933042,0.044433247506208674,0.1574427449907037,0.8017744281290798,5.088053386693025,0.13636416571822876,0.2816322293688996,0.498978382222921,0.954008898031498,3740182153058.7007,0.042362194585894346,0.003932572297987309,-1.7968788453609383,30.021407099253274,16.7867047620773,36.12120933291797,10.124558348100201,17.414891448174284,1.9833159989305136,1.1092824074075907,2.768863425924792,2.768863425924792,43535.17270833333,0,0,0
1970-04-10 13:17:57.800,15.82,121.94,23022.688516203703,0.0,22.0,7.3,4.981818181818181,0.34679442778607655,2.30935005330699,0.03638300505741963,0.21358722024997154,0.7392246500480889,4.599213237232388,0.16531308329031316,0.32334332355549184,0.6408674757267585,1.0783280942630968,3719713160480.2344,0.09112063060564587,0.006057955096172429,-1.8841768094817302,22.927685291131933,16.7867047620773,39.11563855771767,10.393235409184266,17.016442521987376,0.8783943672034168,3.3221249999987776,3.3221249999987776,3.3221249999987776,43535.17270833333,0,0,0
1970-04-11 16:19:01.000,15.83,121.89,23023.814247685186,0.0,24.0,7.3,4.966666666666666,0.34679442778607655,2.30935005330699,0.03345252936702741,0.21358722024997154,0.7392246500480889,4.599213237232388,0.15199791124442266,0.32404919131983545,0.6408674757267585,1.0783280942630968,3719840734876.7124,0.09112063060564587,0.006057955096172429,-1.981734777227449,23.994318280111848,16.7867047620773,38.030104715370705,10.603884794500507,17.020056877420505,-1.4905178877261345,4.447856481481722,4.447856481481722,4.447856481481722,43535.17270833333,0,0,0
1970-04-11 23:32:59.000,15.6,121.75,23024.115613425925,0.0,42.0,7.3,4.8880952380952385,0.4576738497429857,3.1126497459933042,0.03975229867221331,0.1574427449907037,0.8017744281290798,5.088053386693025,0.12199848870062384,0.28262630540737255,0.498978382222921,0.954008898031498,3740403971891.0454,0.042362194585894346,0.003932572297987309,-2.134061120837423,32.449961479175904,16.7867047620773,34.7936384349377,10.315446280861018,17.421031477164867,-0.9017026310629499,3.08964120370365,4.749222222220851,4.749222222220851,43535.17270833333,0,0,0
1970-04-12 04:01:44.600,15.08,122.01,23024.302252314814,0.0,23.0,6.2,4.817391304347826,0.6993108741434694,4.164356956216195,0.10190051512591602,0.1371309988360935,1.085736204758131,6.223197390306786,0.24563172401744762,0.20573766658627693,0.24505619719300586,0.46822338332806623,409097248600.07306,0.007981184998324987,0.0005530843701478286,-1.5310667639740398,23.46702083094983,17.102571572794098,37.03142032983568,11.335740122177617,36.9205729384786,1.8234128024780603,3.27628009259206,43535.17270833333,43535.17270833333,43535.17270833333,0,0,0
1970-04-12 04:26:39.300,15.1,122.4,23024.319552083332,6.0,4.0,7.0,5.8,0.30727218090607683,1.9995754447752943,0.0899740581120983,0.13388106919372914,0.5790593092043358,3.5552624682700746,0.31953388445666275,0.22273569125701018,0.49249437785420636,0.8602792291600823,2000637696704.94,0.11972461724160156,0.018315638888734182,-1.3333333333333333,8.867725110565202,35.8669086498118,47.06211342048732,11.52687454131287,40.538877487260955,-3.9899695136574342,0.01729976851856918,0.01729976851856918,0.01729976851856918,43535.17270833333,1,1,0
1970-04-13 08:28:22.600,15.26,122.24,23025.48741435185,0.0,40.0,7.0,4.865,0.5692308940236238,3.6782874881925376,0.0573900763590686,0.2346502228085445,1.062303049259754,6.43573386275107,0.19987419770316908,0.4016913797901881,0.5381450184608498,0.94171572110643,2007947069884.2593,0.019602312928507056,0.0006502657084302504,-2.6356127207715687,31.248151399108394,25.782244452433797,51.25738296168638,14.049961805759844,40.96453726491838,2.2029954758750434,1.185162037036207,1.185162037036207,1.185162037036207,43535.17270833333,0,0,0
1970-04-13 12:52:02.000,15.5,121.9,23025.67050925926,0.0,53.0,7.3,4.932075471698113,0.44839528216154695,3.244441103014394,0.0361858066915943,0.13083258699304504,0.7730896536497691,5.095897189627119,0.1075662211819885,0.2645601540636138,0.06432818968533827,0.708400739074305,4241052888257.127,0.045166262422670855,0.004794364390659394,-3.562480183838356,36.45251314087568,16.7867047620773,37.56358150208926,11.560417001551619,23.355053031781555,2.392617284165224,1.3682569444463297,1.3682569444463297,1.3682569444463297,43535.17270833333,0,0,0
1970-04-15 12:02:31.000,15.1,121.6,23027.636122685184,0.0,34.0,7.0,4.894117647058824,0.5071775206019907,3.356571142234426,0.05385988267269851,0.14952394743788358,1.0099871672168654,6.125028378418322,0.2135881341777586,0.380203926528967,0.38186136828310513,0.93553841352605,2038069064351.2517,0.03009313533133016,0.0009333370334684016,0.0,29.1963794232876,17.102571572794098,35.457989098998134,8.45334320161172,39.89974638541754,1.6522108219031963,3.3338703703702777,3.3338703703702777,3.3338703703702777,43535.17270833333,0,0,0
1970-04-15 13:14:26.700,15.11,122.71,23027.686072916666,4.5,10.0,5.6,5.01,1.0580232141030343,5.999159686636844,0.30086586416684796,0.12322774384084548,0.9240308125601108,5.226720985880561,0.22948559487563427,0.12245117959807396,-0.07015884592171417,-0.05643581884402682,165485321736.46832,0.0006697771971129955,0.001690081166975568,-1.2649110640673518,15.036872085228435,61.8178954771168,71.15136721113433,6.088592415544581,67.54105510767448,1.7559983974506805,43535.17270833333,43535.17270833333,43535.17270833333,43535.17270833333,0,0,0
1970-04-15 13:31:10.000,14.84,122.46,23027.697685185187,0.0,16.0,6.0,4.93125,0.8932621035306547,5.268354726949621,0.22017336256489003,0.08664001291343358,0.8985403073860382,5.2672359848923085,0.222783018379168,0.178733318281505,0.1021177254400083,0.1380081209541606,302881901325.9599,0.0020903243969909663,0.00201548271450704,-1.5523646690046031,19.382110612207818,41.2378548598338,66.63405899834899,9.729382643173508,67.73078691265142,0.6962828734668524,0.011612268521275837,43535.17270833333,43535.17270833333,43535.17270833333,0,0,0
1970-04-17 12:37:22.000,15.7,121.9,23029.660324074073,0.0,41.0,7.3,4.902439024390244,0.4576738497429857,3.1126497459933042,0.039936993531337533,0.1574427449907037,0.8017744281290798,5.088053386693025,0.1225653111093033,0.2825008415481002,0.498978382222921,0.954008898031498,3740379319327.241,0.042362194585894346,0.003932572297987309,1.88311589161544,31.646526671151264,16.7867047620773,36.4293931391574,9.824155494068057,17.42595530744845,0.2237020383926608,8.634351851851534,10.293932870368735,10.293932870368735,43535.17270833333,0,0,0
1970-04-22 13:48:56.000,15.37,121.83,23034.71002314815,0.0,35.0,7.0,4.914285714285715,0.4920450734619179,3.2656021750079387,0.04816469709085182,0.13081539168832126,0.8765576698964721,5.424181034640586,0.1528551395960819,0.27511221503024413,0.36320522013989454,0.81195188756808,2038944171405.885,0.03340910024439068,0.002345994503777033,2.0426487199475702,21.98007763670273,1.6797005115914998,42.3080085754324,12.61869127785716,40.06323720118083,-0.14622930288743793,10.407770833335235,10.407770833335235,10.407770833335235,43535.17270833333,0,0,0
1970-04-23 13:24:28.000,15.2,122.2,23035.69303240741,4.0,31.0,7.0,4.893548387096774,0.5462107843263934,3.512013774497791,0.06267605507543415,0.24295639023070237,1.004490638415686,6.052003985773567,0.21196926777826258,0.3981680823103454,0.5702225674124479,0.9750518777168731,2004098051387.259,0.022980932494325167,0.0009694559595989307,1.455468278362637,22.17524673438673,25.782244452433797,55.4725397589861,15.262081290153999,40.85784408141081,-0.5246049270509674,11.390780092595378,11.390780092595378,11.390780092595378,43535.17270833333,0,0,0
1970-04-25 17:53:26.500,15.12,122.26,23037.87982060185,4.0,31.0,7.0,4.922580645161291,0.5832083405027328,3.814734488678294,0.07659048927847048,0.15649657320600435,0.8949098414976097,5.5260161605668,0.1803374646658872,0.28153557044593697,0.45905361128761424,0.8250582300903657,2019403667614.2202,0.017798154748824135,0.002066666860480784,1.243364742283189,24.953428871598554,25.782244452433797,56.76210252037183,15.205659786306859,41.67915458101931,1.4982300574114191,10.193747685185372,13.577568287037138,13.577568287037138,43535.17270833333,0,0,0
1970-04-26 21:14:54.100,15.09,122.67,23039.019723379628,4.0,9.0,6.0,4.855555555555555,0.4759323515997166,2.726451910599003,0.08512435589104073,0.10561668078579789,0.6681453567742341,3.6842189672359864,0.16776651921120006,0.16723820411509774,0.27134570399599944,0.48590201236572916,259804596858.57654,0.03734246178290227,0.009898375607203868,1.3907589749182958,9.880268263655912,59.2925686802672,69.46167085686153,6.167191546773735,68.3757544730934,-0.0711604607654486,11.333650462962396,43535.17270833333,43535.17270833333,43535.17270833333,0,0,0
1970-04-27 05:22:55.400,15.0,122.2,23039.358627314818,4.0,5.0,5.2,4.68,-0.0,0.0,0.0,0.0,,,,,,,54071664286.567566,1.0,,0.40824829046386296,3.2190644168016544,59.2925686802672,67.54950541964794,6.3240325744502925,69.7452369888131,-0.3539977576223323,15.056375000003754,15.056375000003754,15.056375000003754,43535.17270833333,0,0,0
1970-04-28 04:12:32.000,15.41,121.78,23040.30974537037,0.0,4.0,5.1,4.675000000000001,0.929065023279759,4.623214015250805,0.30728995108904716,0.08905019918010607,1.3362907135484663,6.4817391309412145,0.6357085289373235,0.15635157382697915,0.12379930424022856,0.24945433263603434,44844546123.67654,0.0016323186029816395,9.797783966128993e-05,0.0,1.2508435271934735,1.6797005115914998,31.822564845453023,20.95965218227567,33.97790896659811,3.283371820967063,16.00749305555655,16.00749305555655,16.00749305555655,43535.17270833333,0,0,0
1970-04-28 14:29:14.300,15.41,122.39,23040.738012731483,0.0,7.0,6.0,4.785714285714286,-0.0,0.0,0.0,0.0,,,,,,,253392108985.42172,1.0,,-0.9332565252573829,5.692720225185493,49.9421026234994,62.173347909174765,7.425254145068336,68.00478906313423,-0.34884887666849423,13.05193981481716,43535.17270833333,43535.17270833333,43535.17270833333,0,0,0
1970-05-01 03:22:14.200,15.64,121.78,23043.27481712963,0.0,3.0,5.1,4.7,0.6842962795654156,3.385304983691678,0.2241956812569049,0.09756609539998742,1.240841376866435,5.936823312931977,0.7371763923041436,0.19440098754961102,0.15286659480068288,0.3154856989661612,42276278186.978516,0.008853421915680778,0.0001894418252328926,0.6123724356957945,0.8709679470767939,35.744856383769495,37.509021539637395,2.1639667817442776,39.1994435561373,0.09279046709491437,22.248844907408056,23.908425925925258,23.908425925925258,43535.17270833333,0,0,0
1970-05-02 17:49:05.200,15.2,122.6,23044.876796296296,0.0,5.0,4.7,4.4799999999999995,,,,,,,,,,,28482218435.53162,,,-1.299038105676658,4.087388944035704,48.32839991673259,61.20588253737346,8.981133594298672,64.39196805433536,-2.9077494797835466,17.19072337963007,43535.17270833333,43535.17270833333,43535.17270833333,0,0,0
1970-05-06 02:35:17.500,15.71,121.76,23048.242216435185,0.0,3.0,5.4,5.033333333333333,0.5689391661997588,3.064948190225411,0.17371458582869467,0.07899762856162032,0.8985403073860382,4.610406668695438,0.4332910804119362,0.1555721702796769,0.012871863440519604,0.2690040604770809,83379745278.63629,0.01964185503295971,0.00201548271450704,0.6123724356957945,0.9485932936647604,33.935793722583,36.90600065257523,2.9941843822382217,35.56422737121842,-0.6793912299855838,27.21624421296292,28.87582523148012,28.87582523148012,43535.17270833333,0,0,0
1971-03-19 16:52:50.900,2.22,126.7,23365.83774189815,4.9,3.0,5.4,5.266666666666667,0.35218251811136225,2.1675973416542,0.038036641326066434,0.0556849454662704,1.3714562586418488,7.334402547928907,0.5768069626061558,0.22654871894669545,-0.7547556456757238,0.052106108588432676,107220097020.08028,0.08779149519890275,7.684776196487846e-05,0.6123724356957945,3.817433980804671,311.03622715187396,325.181121735064,12.385713883106954,329.886128460089,1.6609780991472678,3067.304628472226,6888.82080902778,43535.17270833333,43535.17270833333,0,0,0
1971-03-23 16:16:20.700,2.23,126.64,23369.812392361113,0.0,3.0,5.4,5.400000000000001,,,,,8.685889638064912,47.38092530027019,1.0897871153987105e-13,,,-0.05493061443340608,125475988967.98201,,8.756510762704063e-27,-0.44721359549995787,4.047396061842092,330.423985380848,332.8261669958194,2.0811010595064037,332.8261669958194,0.4374615567638227,3071.279278935188,6892.795459490742,43535.17270833333,43535.17270833333,0,0,0
1971-04-02 04:16:08.800,8.94,125.68,23379.31225462963,4.9,3.0,5.5,5.333333333333333,0.9542425094393246,5.333527548370741,0.25170727994936115,0.08283624741336038,1.5328040537761836,8.294421928978197,0.6494586987710461,0.16736048491054623,-0.08927892607143662,0.0887265182107031,121263837141.07301,0.0013717421124828557,2.5210870330948685e-05,-0.44721359549995787,8.672617004934883,1.96418107146633,3.72297016270381,2.9237052802277885,2.6951811632358886,0.3652733773689769,21814.005935185185,21814.005935185185,21814.005935185185,21814.005935185185,0,0,0
1971-04-08 20:04:28.300,2.38,129.16,23385.970813657408,0.0,3.0,6.5,5.466666666666666,0.14520049037757726,0.8734163981159345,0.025092923856363684,0.11085620736958439,0.7042613220052747,3.9280017325455088,0.5903135849743741,0.33244446978634873,0.4847558651853374,0.9225224219879999,709117710309.9902,0.3667739891841364,0.00771287040082555,-0.9999999999999999,8.672617004934883,302.300712756293,310.29104630497136,8.029424121472825,310.2014743473732,-66.23712094850495,1.6283437499987485,1.6283437499987485,43535.17270833333,43535.17270833333,0,0,0
1971-08-20 10:34:45.800,21.91,121.55,23519.57518287037,0.0,3.0,4.9,4.833333333333333,,,,,5.21153378283904,25.492483412347053,2.082273135008243,0.3698240606033504,,0.008448975944324921,39162802663.85351,,2.3195228302432847e-16,-1.4411533842457844,8.672617004934883,206.82421038267,217.20992311741904,9.078259343894507,215.95440684112137,0.9256289546241147,13639.871155092591,43535.17270833333,43535.17270833333,43535.17270833333,0,0,0
1972-01-08 06:24:43.500,20.91,120.26,23660.401545138888,0.0,4.0,7.3,5.8500000000000005,0.23346819998859603,1.6180500602306487,0.07137851092235506,0.07650930043622767,0.3948131653665924,2.4971631850876057,0.20412456203869353,0.17246807283630178,0.3695055673120198,0.9750762027681201,3735014953140.6313,0.19934043426209397,0.06539740322986029,-0.9999999999999998,10.01427552475536,50.0880616831336,67.06991380789732,20.91027228987178,52.39500295249167,430.0018756447232,0.03939236110818456,0.03939236110818456,0.03939236110818456,43535.17270833333,0,0,0
1972-01-10 05:23:52.500,20.9,120.37,23662.359288194446,0.0,7.0,7.3,5.414285714285714,0.32396642135310194,2.2136791889934258,0.09355536560119633,0.09028763058619846,0.342864064660462,2.2867531348896764,0.10478826313283401,0.09634358751177197,0.4669486616927436,0.6304380056444634,3735617803857.1035,0.10668435501755992,0.09362844401338874,-1.0,13.247641299491772,50.0880616831336,63.12315478966735,15.596327371759136,52.402961473398754,-18.609600254908372,1.9971354166664241,1.9971354166664241,1.9971354166664241,43535.17270833333,0,0,0
1972-01-10 07:08:50.500,20.94,120.1,23662.432181712964,0.0,8.0,7.3,5.3625,0.24544483251027074,1.700553497298972,0.04705609088388857,0.07787276258889815,0.38892043155515105,2.499507498806448,0.11814887148299143,0.15225078638476539,0.371544917419226,0.8732162776539436,3735751648128.406,0.1835124369533462,0.06811436391683279,-1.621769708158766,14.162324264449978,50.0880616831336,63.10325888961475,14.439503020461798,52.40661799164955,-0.7107067047441651,2.070028935184382,2.070028935184382,2.070028935184382,43535.17270833333,0,0,0
1972-04-25 21:25:30.000,13.29,120.36,23769.027083333334,0.0,3.0,7.2,5.866666666666667,0.15299756575584633,1.0063825962139488,0.03642706926216417,0.10232189491129472,0.4737757984399109,2.846000246919217,0.3493018885306284,0.2686002652812574,0.6222313195496518,1.1929387353875658,3020986009262.8037,0.34754200536950824,0.037902914400958554,-0.9999999999999999,8.672617004934883,6.55342209187912,14.440442597088406,9.199501956066873,24.504529082215555,-309.8761108156321,0.08010069444571855,0.08010069444571855,0.08010069444571855,10975.239652777778,0,0,0
1972-04-26 00:36:14.400,13.5,120.63,23769.159541666668,4.8,4.0,7.2,5.575,0.21185579004348964,1.3850628637642581,0.057842162220697796,0.11803941393517874,0.4695075480035156,2.808745466944486,0.28408545626081966,0.2553485013729489,0.6622373857238779,1.2176777159641015,3021033742167.057,0.23143691405942016,0.03903708281352973,-0.9999999999999998,6.798722616979547,6.55342209187912,19.30921110070298,12.297974811336864,24.506198155186436,48.04457291763376,0.2125590277792071,0.2125590277792071,0.2125590277792071,10975.372111111112,0,0,0
1972-04-26 14:55:39.000,13.4,120.1,23769.756354166668,0.0,8.0,7.2,5.237500000000001,0.10555597250555201,0.6974513146292762,0.007517382400727595,0.08579817828724424,0.37764737556804495,2.264796348617815,0.09622190750313114,0.2553701273350089,0.5925925925926006,1.2028807423560623,3021590586442.8696,0.48231645905959253,0.07363052096557716,-0.9999999999999998,14.162324264449978,6.55342209187912,17.17848838663007,9.433136077338013,24.48948735258531,-2.748933153814109,0.8093715277791489,0.8093715277791489,0.8093715277791489,43535.17270833333,0,0,0
1972-04-27 01:29:38.200,13.51,120.68,23770.196622685187,4.8,16.0,7.2,5.1,0.36505040590021337,2.3903721215251297,0.04731794780812375,0.23587229311655997,0.9459879803833228,5.676733789036507,0.31775432187387054,0.49052440210687775,0.6519395598794695,1.1991480793062053,3023454156421.179,0.08032463898238355,0.0014522321893450153,-1.4160585906363063,17.735450221130403,4.5973862951138695,15.619397941414189,8.154797123351752,24.441971133382747,-0.49969113700780776,1.2496400462987367,1.2496400462987367,1.2496400462987367,10976.409192129631,0,0,0
1972-04-27 06:44:29.700,13.44,120.44,23770.415274305557,0.0,19.0,7.2,5.105263157894737,0.2210002917343565,1.4586462133449745,0.01466611715954355,0.18101007343117476,0.930631032649825,5.6174326201627345,0.2600665621582562,0.46398445127800847,0.599799602535029,1.1638455810269068,3024652560308.8687,0.21726968003765565,0.0016147559818205884,-1.546198071665203,20.673131007185397,4.5973862951138695,16.77340175699412,8.3863905772368,24.424986448249776,0.7657640690184498,1.4682916666679375,1.4682916666679375,1.4682916666679375,10976.62784375,0,0,0
1972-04-27 14:37:16.700,13.19,120.43,23770.743596064814,0.0,20.0,7.2,5.110000000000001,0.2296946799980726,1.5157393629433766,0.015040766049350989,0.18996527584931797,1.0666882011658807,6.391876686076837,0.32437178121249294,0.5556301208310708,0.6010689191578349,1.2077365821703356,3025031235910.7544,0.2046048669095547,0.0006308634933690585,-1.5075567228888183,22.392600818765366,4.5973862951138695,16.818149148590088,8.165165836109274,24.418319338702588,0.8170190493056774,1.796613425925898,1.796613425925898,1.796613425925898,10976.956165509258,0,0,0
1972-04-29 04:15:13.000,13.38,120.9,23772.311608796295,4.8,15.0,5.4,5.000000000000001,1.3195269616127983,7.542327483444107,0.3126509196376031,0.08092849165733229,1.3160438845553153,7.448615034321046,0.31100252591878047,0.17992981889755139,-0.3159328326459203,-0.2598530806880319,165434350362.73215,0.00011000669451019991,0.00011268558050779553,-1.5443960018728056,17.561685572939748,4.5973862951138695,15.401635698989617,7.847846729469226,13.587499483011307,9.904666857273297,5666.81517361111,5666.81517361111,10978.52417824074,10978.52417824074,0,0,0
1972-04-29 04:54:40.700,13.35,120.64,23772.33901273148,4.8,26.0,7.2,5.076923076923077,0.47992783578931303,3.1482728850652504,0.05291961304586549,0.29361551794349566,1.0563919830079114,6.431593221842071,0.25639820109565836,0.5063743678698416,0.640111928728941,1.1117360550871345,3026816667902.688,0.03632590916516283,0.000677367025162513,-2.1666666666666665,24.06359726644254,4.5973862951138695,18.9019904110252,8.970440067745468,24.422817798874355,3.7550049063148427,3.392030092592904,3.392030092592904,3.392030092592904,10978.551582175925,0,0,0
1972-04-30 00:13:26.300,13.29,120.41,23773.143707175925,0.0,27.0,7.2,5.088888888888888,0.28337456083216306,1.870265669621867,0.01767151922528769,0.2323677681415887,1.3160438845553082,7.843428199687603,0.3811473549328066,0.7118194315710136,0.6000226974164171,1.2401469193119645,3027288141706.0503,0.14121353260768024,0.00011268558050780106,-1.9012827335927323,25.51127993835788,4.5973862951138695,19.88804197730198,9.181752333607497,24.432579576492056,5.6679154610932185,4.1967245370360615,4.1967245370360615,4.1967245370360615,10979.356276620369,0,0,0
1972-04-30 15:15:34.300,13.54,120.54,23773.770188657407,0.0,28.0,7.2,5.0857142857142845,0.0950621038938888,0.6305786224961291,0.001929368497534266,0.12734222398596712,0.8685889638065052,5.292440395883091,0.16107530171941112,0.42906594586947844,0.5666666666666673,1.1068528194400553,3027573430389.273,0.5185775222230959,0.002478752176666332,-2.3094010767585034,25.523949239984745,4.5973862951138695,19.78998549105949,9.258903123888736,24.43636961394346,4.109694743960164,4.823206018518249,4.823206018518249,4.823206018518249,10979.98275810185,0,0,0
1972-05-01 18:23:22.600,13.38,120.39,23774.900608796295,0.0,30.0,7.2,5.113333333333332,0.35021056377054477,2.314973749629698,0.024634074352326975,0.25077701738871805,1.466448899933059,8.739477631958744,0.4319282721916184,0.7953400571511738,0.5897660747136948,1.2403803825979294,3029550298545.7446,0.08899555354725128,3.9870648558638865e-05,-1.8749999999999998,26.943384848739353,4.5973862951138695,19.356113793541223,9.902314748301203,24.361002254193167,0.5899451022501188,5.953626157406688,5.953626157406688,5.953626157406688,10981.11317824074,0,0,0
1972-05-08 04:21:08.900,13.41,120.46,23781.31572800926,0.0,32.0,7.2,5.1,0.35021056377054477,2.314973749629698,0.02325200631654613,0.25077701738871805,1.466448899933059,8.739477631958744,0.4076954047329841,0.7924428589076827,0.5897660747136948,1.2403803825979294,3029787373274.053,0.08899555354725128,3.9870648558638865e-05,2.4687665192178128,27.410443695199785,4.5973862951138695,19.36221158215823,9.686580900207417,24.358791948305473,0.6077553067292478,12.368745370371471,12.368745370371471,12.368745370371471,10987.528297453704,0,0,0
1972-05-22 10:06:21.100,16.44,122.36,23795.555452546294,0.0,3.0,6.9,5.466666666666666,0.08160705295015912,0.5071535701710813,0.010986325600299645,0.10102667170055209,0.5317891615141866,2.97653031383634,0.4665262015859997,0.3527283457993496,0.685419864618547,1.302799964254378,1622033572672.882,0.5690872309929743,0.025388235342336675,-0.9999999999999999,8.672617004934883,6.509428881659169,17.69713901666709,12.842249717925005,6.5314362050497525,-115.67084264002787,0.16829861110818456,0.16829861110818456,1389.574300925924,43535.17270833333,0,0,0
1972-05-22 15:46:29.300,16.72,122.5,23795.791658564813,0.0,4.0,6.9,5.3,0.11258767244865825,0.699929423943419,0.015564384389828864,0.1367153289872134,0.6681453567742341,3.742343168166863,0.5481408581012165,0.44099070703641285,0.6832499000936556,1.298908665272072,1622168125291.0237,0.45944865304606075,0.009898375607203868,-0.9999999999999998,10.01427552475536,6.509428881659169,16.730404334320767,10.662421035076175,6.536593447472855,-38.28211739479994,0.40450462962689926,0.40450462962689926,43535.17270833333,43535.17270833333,0,0,0
1972-05-23 17:51:27.200,16.68,122.19,23796.878439814816,0.0,8.0,6.9,5.125,0.06816017924566622,0.42940912924769714,0.0027373097349401017,0.0987734836536749,0.6355529003462228,3.654885756450777,0.2379939429176412,0.36417644409762207,0.6000000000000014,1.149281602743459,1623191551729.5522,0.6244813348581589,0.012397705021160586,-1.4855627054164147,14.162324264449978,5.9420072205710905,14.363320302070225,8.433610185722078,6.558985331013977,-7.9791645485811,1.4912858796305954,1.4912858796305954,1390.8972881944464,43535.17270833333,0,0,0
1972-05-24 23:34:15.000,16.65,122.3,23798.116493055557,0.0,10.0,6.9,5.12,0.16083828129788458,1.015792336675197,0.012024670368135556,0.15811649444986986,0.9240308125601108,5.319124067136572,0.39688733403955256,0.49938575026249876,0.5843870223042655,1.1435641811559742,1624123744085.7385,0.3292192006499781,0.001690081166975568,-1.6439898730535731,15.833959887352426,5.9420072205710905,14.42718981978972,7.65646775894828,6.591058851568901,-1.793942397119486,2.729339120371151,2.729339120371151,1392.135341435187,43535.17270833333,0,0,0
1972-05-25 05:31:51.400,16.38,122.52,23798.36483101852,0.0,11.0,6.9,5.109090909090909,-0.0,0.0,0.0,0.0,,,,,,,1624431573228.9485,1.0,,-1.4161655488954858,16.606797231426484,5.9420072205710905,14.316728428784256,7.272796408353841,6.60029911627247,-1.2088541322689714,2.977677083334129,2.977677083334129,1392.38367939815,43535.17270833333,0,0,0
1972-06-01 06:31:15.500,16.58,122.44,23805.406082175927,0.0,12.0,6.9,5.108333333333333,-0.0,0.0,0.0,0.0,,,,,,,1624897380560.2305,1.0,,2.0479684463588677,17.345234009869767,5.9420072205710905,15.730598581863694,8.489605831213604,6.648861227419412,1.8695189737810942,10.018928240740934,10.018928240740934,1399.4249305555568,43535.17270833333,0,0,0
1972-06-06 19:03:16.300,16.61,122.36,23810.92831365741,0.0,4.0,5.1,5.05,,,,,4.3429448190325335,22.316784086490628,1.2522926614826297,0.13326448623927328,,-0.03862943611198855,70902203751.875,,9.357622968839192e-14,0.8660254037844386,5.0564020833731655,10.8388514974476,18.45271995917025,9.129731112090651,18.898730814087813,0.19753264723378589,15.541159722222801,15.541159722222801,1404.9471620370387,43535.17270833333,0,0,0
1972-10-28 18:31:21.600,2.45,128.57,23954.906152777778,4.7,3.0,5.7,5.433333333333334,1.0256360732154965,5.769580140032395,0.35153612104784754,0.0783451477904488,1.5328040537761836,8.447702334355817,0.785157280999174,0.1549326973968785,0.07463220073369303,0.18872651821070274,160424283826.87338,0.0008377062976308292,2.5210870330948685e-05,-0.9999999999999999,5.375620014486486,269.320123778611,278.10027941488534,8.183996148579563,282.2362822426732,16.344088150908295,2241.885755787036,2241.885755787036,43535.17270833333,43535.17270833333,0,0,0
1972-12-02 01:40:51.500,6.39,126.67,23989.20441550926,5.4,3.0,6.3,6.066666666666667,1.2552725051033036,7.8127925312068776,0.4355663194183796,0.09948488590379312,2.0044360703226998,12.303294069623592,1.1106128044072874,0.17834823043065462,0.07601875334318908,0.16196733745524217,568822323041.2188,0.0001714677640603597,9.698214581498479e-07,-0.9999999999999999,5.375620014486486,13.5590307930279,15.8746229208425,2.483299988611135,17.077574479274062,-61.81056134449578,0.056244212963065365,13298.281695601852,13298.281695601852,17763.38740162037,1,0,0
1972-12-02 03:29:16.500,6.12,127.42,23989.27970486111,5.6,4.0,5.2,4.775,0.3682599592191653,2.093778987751922,0.08289265840710665,0.12156337801217404,0.5264175538221233,2.7077302066164557,0.16938220880836735,0.18040322358671737,-0.48560044429330773,0.05630715207608983,62987379947.89094,0.07856337325043153,0.026347980814448748,-0.9999999999999998,10.01427552475536,12.5656332193794,27.905766963475127,14.777148022649978,24.203163860262514,758.3144178099367,6277.3541030092565,6277.3541030092565,13465.439565972221,43535.17270833333,1,0,0
1972-12-02 03:33:58.700,5.81,127.11,23989.282971064815,5.6,4.0,5.2,4.775,0.3682599592191653,2.093778987751922,0.08289265840710665,0.12156337801217404,0.5264175538221233,2.7077302066164557,0.16938220880836735,0.18040322358671737,-0.48560044429330773,0.05630715207608983,62987379947.89094,0.07856337325043153,0.026347980814448748,-0.9999999999999998,8.867725110565202,11.5175911379821,18.812953345907225,8.033765158763352,14.464769893233338,-65.1750423901642,4226.716026620372,13465.442832175926,13465.442832175926,43535.17270833333,1,0,0
1972-12-02 04:48:37.500,6.18,127.16,23989.33480902778,5.4,8.0,5.6,4.987500000000001,1.1765714381203698,6.5038692781278655,0.5226116262182768,0.09059161507941937,1.3714562586418488,7.471548173793092,0.7100785366229497,0.5154837496774874,0.07218497117513412,0.15210610858843143,145320736068.21185,0.00029531512164853954,7.684776196487846e-05,-0.9999999999999998,13.285795734172117,11.5175911379821,21.697184876450613,9.216522877128472,23.697565681173728,6.376747958372265,4226.767864583337,6277.409207175926,13465.49467013889,43535.17270833333,1,0,0
1972-12-02 05:48:19.500,5.62,127.31,23989.376267361113,5.6,4.0,5.0,4.7,0.2736636324218009,1.6765910080621873,0.040396464298546125,0.1223101522121733,0.5790593092043358,2.9182972281453057,0.1808653097907312,0.21107495685145852,-1.1264662506490382,-0.039720770839918096,48344966934.93345,0.1510111805505561,0.018315638888734182,-0.9999999999999998,8.867725110565202,23.3853507934826,28.41876757731022,5.045055731980415,28.436651093919533,22.463612991741176,5547.893917824076,5547.893917824076,5547.893917824076,5547.893917824076,1,0,0
1972-12-02 08:10:01.900,6.34,127.33,23989.47467476852,5.4,7.0,5.6,5.171428571428571,1.2552725051033111,6.934101777634609,0.30336384046769704,0.09948488590379297,2.0044360703226998,10.900188820397702,0.7735211622135651,0.14945258276487183,0.07601875334318642,0.16196733745524217,149313233679.74908,0.0001714677640603506,9.698214581498479e-07,-1.0,12.32142385258237,11.5175911379821,21.888399394814588,13.315226442767575,24.18742642889742,-61.28498401158598,6277.549072916667,6277.549072916667,43535.17270833333,43535.17270833333,1,0,0
1972-12-02 14:47:27.400,6.74,126.97,23989.750664351854,5.4,3.0,6.3,5.633333333333333,0.3519165640748242,2.113452013934207,0.09636173506458139,0.1106720769546464,0.8985403073860397,5.14953085312707,0.6282034558889147,0.2521578832869969,0.29445144194790895,0.5690040604770799,475725871327.40735,0.08795292918390124,0.00201548271450702,-0.9999999999999999,7.410849195313975,18.4971044993359,21.1646754447298,2.4107154727787985,18.76294160097716,12.588494990134716,0.6025486111138889,43535.17270833333,43535.17270833333,43535.17270833333,1,0,0
1972-12-03 00:04:05.400,5.88,127.71,23990.13721527778,5.4,6.0,5.6,5.083333333333333,-0.0,0.0,0.0,0.0,,,,,,,129163995734.8089,1.0,,-0.9999999999999999,12.264932589646444,7.80477218873644,22.072011004945775,15.013842278715575,27.360401072702007,-18.248262616564464,5548.654865740744,5548.654865740744,5548.654865740744,5548.654865740744,1,0,0
1972-12-03 07:45:02.600,6.54,126.78,23990.45732175926,5.4,7.0,6.3,5.571428571428572,0.566529265059084,3.6583130462697353,0.1584193405129793,0.11063218747354288,0.4416554053253404,2.8980971959452777,0.09627878545586643,0.1323914447725614,-0.15741230311942633,-0.26189681140758925,585927442490.3184,0.01997156990629325,0.04731880671087169,-1.1832159566199232,10.327096646634287,13.5590307930279,21.4726381308725,7.394114219388916,17.54256451631375,30.206871982405087,1.3091504629628616,13299.534601851852,13299.534601851852,17764.64030787037,1,0,0
1972-12-03 09:25:20.600,6.2,127.2,23990.526974537035,5.4,20.0,5.6,4.970000000000001,1.2552725051033111,6.934101777634609,0.24396562828042614,0.09948488590379297,2.0044360703226998,10.900188820397702,0.622066809401869,0.7222275384253891,0.07601875334318642,0.16196733745524217,180435565433.6367,0.0001714677640603506,9.698214581498479e-07,-1.5384615384615385,21.265348438599453,5.49831013936792,20.51975788212149,9.156421928721562,22.604515038480514,-3.3436525936211208,4227.960030092592,6278.601372685182,13466.686835648146,43535.17270833333,1,0,0
1972-12-03 11:16:10.700,5.86,127.29,23990.60394328704,5.4,25.0,5.6,4.984,1.6812412373755903,9.35474493017051,0.3821859967772057,0.06535701756106538,1.930197697347789,10.639088017536466,0.5037537467531472,0.690217332691525,0.035810446350208025,0.08808376874802448,204491593869.1968,9.042245370370178e-06,1.6195967923125758e-06,-1.5474611514754324,24.51034533791704,7.80477218873644,23.334573585520502,10.245300855134502,22.82922635541404,4.091815574142044,4228.0369988425955,5549.121593750002,5549.121593750002,5549.121593750002,1,0,0
1972-12-03 18:58:59.900,5.83,126.95,23990.925346064814,5.8,19.0,5.6,4.963157894736842,0.903089986991944,5.057303927154887,0.13699802800814917,0.08244045955542251,1.240841376866435,6.753405155369443,0.258633511070385,0.3220891612140903,-1.7763568394002505e-15,0.15739848680401902,180173627061.45624,0.0019531249999999937,0.0001894418252328926,-1.4791479939068939,20.155243721767533,7.80477218873644,24.464770151350322,10.580787299674686,25.065043992280085,-3.0364927175528957,4228.358401620371,13467.085207175925,13467.085207175925,43535.17270833333,1,0,0
1972-12-03 20:35:46.300,5.47,127.41,23990.992549768518,5.4,12.0,5.6,5.041666666666667,1.140874656232285,6.392411704146553,0.2314734060839042,0.09547354451420376,1.1329421267041366,6.25512610091076,0.22826571599724196,0.17798168326165725,-0.0030797679890284257,0.07886528934389059,166046401096.27136,0.0003778992511402457,0.00039918445425918335,-1.5491933384829666,16.609370849765686,7.80477218873644,20.891968760730517,5.985090321917257,22.264407576425075,-3.2588044098708524,5549.510200231482,5549.510200231482,5549.510200231482,5549.510200231482,1,0,0
1972-12-04 15:04:33.300,5.93,127.33,23991.762538194445,5.4,31.0,5.6,4.974193548387096,1.352182518111366,7.813046097954834,0.233179851888794,0.05741296109086394,1.7371779276130135,9.811476473971315,0.3848655104849298,0.6214859132443996,-0.17810021450917102,-0.04793986730701327,240586788568.83328,8.779149519890051e-05,6.144212353327941e-06,-1.7099517803955437,27.404198322966153,5.49831013936792,22.229699663132646,9.791559254798148,22.93099179402953,3.8334841652984823,5547.845663194446,6279.836936342592,13467.922399305557,43535.17270833333,1,0,0
1972-12-05 00:48:41.800,5.48,127.17,23992.16819212963,5.4,19.0,5.6,4.963157894736842,1.6780078528450875,9.337069094737094,0.49328355297430193,0.058461266536966296,1.86126206529965,10.27058778341186,0.6069091842299387,0.7161201762003387,0.03562252768605667,0.08192279051345253,185177911288.4391,9.246480145542125e-06,2.6074368808253724e-06,-1.5228453026640048,21.228313169356625,7.80477218873644,25.32817121641021,11.597369367220889,24.50953151056829,0.5514360761714983,5550.685842592593,5550.685842592593,5550.685842592593,5550.685842592593,1,0,0
1972-12-05 06:03:07.300,5.77,126.95,23992.386542824075,5.4,22.0,5.6,4.945454545454545,1.5709175071808295,8.743312622665266,0.37850488136655047,0.07801362841996666,2.0044360703226998,11.000775209029413,0.6162389487551156,0.7548981759703226,0.034263681766443455,0.11178544833392046,188650389770.042,1.9375257294947087e-05,9.698214581498479e-07,-2.091290026730777,22.404176482606772,7.80477218873644,27.118926320845027,12.360561540623243,26.06716958990975,2.49586403335769,4229.819598379632,13468.546403935186,13468.546403935186,43535.17270833333,1,0,0
1972-12-05 15:17:45.700,6.01,127.7,23992.771709490742,5.4,9.0,5.6,4.955555555555556,0.9030899869919473,4.997097928022108,0.22131235317762582,0.08244045955542242,1.4476482730108444,7.828801015320373,0.5686823049595896,0.20138690562264444,0.06666666666666643,0.19205584583201674,141410740523.73627,0.0019531249999999497,4.539992976248326e-05,-1.5359763347691506,15.021413287133042,7.80477218873644,21.03045074931955,13.354098203596864,24.907543800342737,-4.7123348046663045,6280.8461076388885,6280.8461076388885,43535.17270833333,43535.17270833333,1,0,0
1972-12-05 15:26:49.800,5.98,126.68,23992.778006944445,5.8,9.0,6.0,5.1,0.5733904679313887,3.3901711416443354,0.11822759619347581,0.0785147233861166,0.7896263307331853,4.486049548549864,0.22421319395545194,0.15978260958313642,0.08750000000000036,0.31876905069202977,285816961559.19916,0.019047088346945455,0.004276820349208924,-2.464751508773248,12.835967333514734,15.567733470163699,39.399669242463055,15.391445871174074,20.58612225868932,9.840730544836562,3.62983564814931,13301.855287037039,13301.855287037039,43535.17270833333,1,0,0
1972-12-05 16:48:38.600,6.06,126.96,23992.834821759257,5.8,25.0,5.6,4.96,1.2414982328355282,7.131434502749893,0.22883077243147965,0.11457813699353885,2.233514478359599,12.345166349073281,0.7406273731354959,0.9672547423483557,-0.14421639446236334,0.07276188774018255,216649368469.68973,0.0001885841990086539,1.9927671936424702e-07,-2.151657414559676,23.54327461710656,5.49831013936792,27.271281182208405,14.402123546043798,25.631747167048292,6.186142538731184,4230.2678773148145,13301.91210185185,13301.91210185185,43535.17270833333,1,0,0
1972-12-06 22:16:56.200,6.19,127.18,23994.06280324074,5.4,29.0,5.6,4.948275862068965,1.8750612633917076,10.360549074126357,0.42400218413786067,0.14830724408648713,2.554673422960306,13.983271803729611,0.7870601968176449,1.0954263775666184,0.0745543644874509,0.12639555488620235,204858011970.6747,2.3703703703702437e-06,2.167602938645758e-08,-1.7019607791266573,26.0082065043318,5.49831013936792,22.88480275417553,11.076373622807695,23.774995363345482,3.2622420197942965,4231.495858796297,6282.137201388887,13470.222664351852,43535.17270833333,1,0,0
1972-12-07 14:00:49.200,6.03,127.48,23994.718277777778,5.4,32.0,5.6,4.965625,1.4860760973725926,8.54946078389158,0.2881365116303076,0.06021417575782809,1.9613299182727493,11.044013615032554,0.5019003546417983,0.7946168891010255,-0.15304373645950609,-0.030880104433677502,244008632022.08136,3.4815425545477584e-05,1.3062017015926391e-06,-1.8174778695906078,28.324648528899957,5.49831013936792,21.835786521942435,9.885917989651631,23.686195377230746,0.07987565040268337,6282.792675925924,6282.792675925924,43535.17270833333,43535.17270833333,1,0,0
1972-12-08 09:15:36.600,5.88,127.17,23995.52021527778,5.4,37.0,5.6,4.978378378378378,2.379102751769525,13.250721830529756,0.5992867721521158,0.09226634415788253,2.402480112656295,13.366591926853943,0.6111219683243498,1.0425050744679558,0.0303700961742166,0.036336077689646196,243233456386.58224,7.289399366324362e-08,6.202398444305744e-08,-3.1086217865421815,29.602037896949636,2.72038073789797,24.9002295580163,12.784356140931092,23.64295803978579,0.4129428283926262,4232.953270833335,6283.594613425925,13471.68007638889,43535.17270833333,1,0,0
1972-12-08 10:18:12.800,5.69,127.36,23995.563689814815,5.4,29.0,5.6,4.962068965517242,2.0000000000000027,11.155630250076744,0.5174050315819352,0.10760531814971121,1.888236877840229,10.51780176910521,0.4611939558082071,0.6825909464026607,0.022184874961634904,0.029829280140156733,218044004708.91724,9.999999999999815e-07,2.164160003657962e-06,-2.914609664251715,26.47458612494336,2.72038073789797,24.478695646693417,13.100785740212382,23.361341864796294,-0.6463390817651997,5554.0813402777785,5554.0813402777785,5554.0813402777785,5554.0813402777785,1,0,0
1972-12-08 13:12:57.000,6.11,127.15,23995.68503472222,5.4,38.0,5.6,4.944736842105263,1.4860760973725926,8.54946078389158,0.2553717010599624,0.06021417575782809,1.9613299182727493,11.044013615032554,0.4448278581644102,0.7450037538271108,-0.15304373645950609,-0.030880104433677502,252779595181.40106,3.4815425545477584e-05,1.3062017015926391e-06,-2.8752696521403145,30.435801600351645,2.72038073789797,21.902842082000944,11.999401103736927,23.206776479848973,-0.508544748236206,4233.118090277778,6283.759432870367,13471.844895833332,43535.17270833333,1,0,0
1972-12-09 06:27:47.600,7.37,126.83,23996.403675925925,5.2,3.0,5.4,5.133333333333334,0.954242509439324,5.057485300028414,0.27924415515845813,0.15087898849914969,2.3688789921995523,12.321516215717423,1.7208868884365407,0.2887776119489582,0.1000000000000032,0.19858774707751348,85135624755.432,0.0013717421124828614,7.822814343740164e-08,-0.9999999999999999,6.539149811747721,21.8386201418034,35.62397878681933,19.06706092390525,28.753112722919955,42.98472898835925,5212.5187916666655,43535.17270833333,43535.17270833333,43535.17270833333,1,0,0
1972-12-09 13:25:33.900,6.19,127.32,23996.69379513889,5.4,39.0,5.6,4.943589743589743,2.2922560713564812,12.727820390726242,0.5559182385389203,0.08747845943801255,2.6435316289763104,14.591462510691072,0.7393561353852893,1.161011705780504,0.04747009299256,0.08031476122662617,236383890940.8889,1.3281030862990297e-07,1.1732893081032195e-08,-0.4075557568177074,31.26956530375365,2.72038073789797,21.564847749111074,11.06698230108726,23.180228313475453,-0.5045111375853207,5552.776920138891,6284.768193287036,13472.853656250001,43535.17270833333,1,0,0
1972-12-09 16:14:22.200,5.93,127.29,23996.811020833335,5.4,52.0,5.6,4.982692307692308,2.209515014542636,12.598271828760424,0.4622447276062329,0.09096165197562107,2.1714724095162765,12.370837775532264,0.44646424405741225,0.9375413803114141,-0.10182675647860862,-0.09698132995759678,304314378216.65656,2.352095528948567e-07,3.0590232050178905e-07,-0.9378901902940311,35.73729692325381,2.72038073789797,22.51354733656891,12.110325688736912,23.052413646497126,-0.8239321900720087,4234.244076388892,6284.885418981481,13472.970881944446,43535.17270833333,1,0,0
1972-12-11 02:28:02.600,6.05,126.64,23998.23718287037,5.8,16.0,6.3,5.19375,0.7091456725519086,4.487810813462045,0.14610230848771397,0.1021177110759909,0.9895317309188031,6.000854337125221,0.28447598787032075,0.20717115262866823,-0.028475216258959435,0.23566254661354868,589865192651.8038,0.007456980069573688,0.0010749909479230157,0.0,18.242005730910254,13.5590307930279,36.58779168348511,15.186959071402077,19.080700867850393,2.660783671284397,9.089011574073083,13307.314462962962,13307.314462962962,43535.17270833333,1,0,0
1972-12-12 04:54:38.400,6.26,127.01,23999.338986111114,5.8,35.0,6.3,5.057142857142857,0.8795660148359895,5.509593290221883,0.13054944151664902,0.09570830400268589,1.240841376866435,7.4937678448636875,0.25981885896988355,0.3969322149979113,0.03600935314759379,0.2607366545205707,611746964835.4447,0.0022977456653664233,0.0001894418252328926,0.7745966692414832,27.93451049014562,2.72038073789797,23.26761711952434,13.276683677822957,18.496159859074275,0.8354052940663163,10.190814814817713,13308.416266203707,13308.416266203707,43535.17270833333,1,0,0
1972-12-12 17:46:47.800,6.47,126.49,23999.875206018518,5.8,7.0,6.3,5.642857142857144,0.7982747633366187,5.023764738899903,0.24116568007965777,0.09609386773782762,0.7238241365054191,4.510710328457225,0.1982790486666876,0.11985945622415017,0.006722334673797015,0.06822338332806499,586200122267.3401,0.004028800014493618,0.006737946999085494,0.9933992677987826,10.89430573446043,13.5590307930279,24.697994441240073,12.879250901963454,18.034108442813185,3.604292028265317,10.727034722222015,13308.952486111111,13308.952486111111,17774.05819212963,1,0,0
1972-12-14 11:28:45.300,5.59,126.57,24001.612677083333,5.1,7.0,5.1,4.685714285714285,,,,,,,,,,,66819844842.93907,,,0.39735970711951313,11.550178181211193,49.217218609666,67.05416456271278,16.451760921384167,58.08132449448558,3.7446115645224385,4239.04573263889,43535.17270833333,43535.17270833333,43535.17270833333,1,0,0
1972-12-15 08:17:18.700,6.34,126.99,24002.479730324074,5.8,28.0,6.3,5.117857142857143,0.8636457513135951,5.414602384538262,0.13642715920856174,0.09206303142912649,1.1428802155348763,6.942977120781357,0.23890816008767457,0.16950998190042474,0.03052854564187335,0.22501766466226414,606277448243.4731,0.002564854575169615,0.00037269996622360806,2.2222222222222223,25.07302815992424,2.72038073789797,21.66256915015296,10.784382943372195,17.99716256664407,0.4736555199944227,13.331559027777985,13311.557010416667,13311.557010416667,43535.17270833333,1,0,0
1972-12-16 15:22:22.200,6.11,126.62,24003.774909722222,5.2,13.0,5.3,4.953846153846154,3.4948500216801324,18.565250532421924,1.8714240297060325,0.07369082476905398,3.3407267838711707,17.73667660207899,1.7100036342502873,1.0309269220951427,-0.012173746299066757,-0.009226928616433483,124607766445.86292,3.2767999999991356e-11,9.50210113266811e-11,1.118033988749895,13.855760595239001,2.6804731969825997,38.109754813912794,14.644532307290524,32.443161531725224,-1.6086541134001882,14.626738425926305,13312.852189814816,13312.852189814816,17777.957895833333,1,0,0
1972-12-16 23:48:25.700,5.52,126.52,24004.126339120372,5.1,5.0,5.1,4.56,0.7074102276214956,3.6183271844989795,0.2319175005136143,0.10376914852112389,0.7896263307331867,3.9184905804073464,0.2889575832979798,0.12789167813413382,-0.014892382408398852,0.1375381013840613,47860599331.71181,0.007546912541501533,0.004276820349208884,-1.299038105676658,9.311630656989129,57.3853447232475,79.73393282050132,14.037915312396434,67.20689921240229,2.975858958158108,5726.5677280092605,19847.26267013889,19847.26267013889,43535.17270833333,1,0,0
1972-12-17 00:12:10.500,6.11,127.4,24004.14282986111,5.2,25.0,5.4,4.908,3.8907562519181838,21.081078549070238,2.173600172892649,0.12296658112188258,3.2572086142743784,17.715636044610413,1.5233607491396528,1.4060404690131123,-0.01824704096460472,-0.03890126256374149,179981160393.3718,2.1268224907309843e-12,1.6918979226152548e-10,3.4999999999999996,17.404945760378578,2.72038073789797,20.26270954164781,11.038370341798538,20.218795489141982,-0.11202183271204169,6292.217228009256,6292.217228009256,13480.302690972221,43535.17270833333,1,0,0
1972-12-18 06:33:01.800,7.06,126.89,24005.4073125,4.9,6.0,5.4,5.05,1.505149978319897,8.077638216983445,0.5668144829028893,0.08689987451537622,2.895296546021672,15.356572034976676,2.0973334803534502,0.8174034112696427,0.03333333333333499,0.09602792291600792,106033247500.47995,3.051757812500194e-05,2.061153622438658e-09,1.4411533842457844,9.247754350163097,21.8386201418034,41.6462150485392,14.20090421511134,35.08533432606327,31.8123923536624,43535.17270833333,43535.17270833333,43535.17270833333,43535.17270833333,0,0,0
1972-12-19 15:21:04.600,6.12,126.98,24006.774011574074,5.2,18.0,5.8,4.961111111111111,1.3265392930479594,7.51991655895312,0.3571487468212708,0.12412492512888873,1.7371779276130135,9.704705470840626,0.612487879101627,0.5111288164212261,0.13117692151072458,0.21352246273617315,222879114467.75436,0.00010480502860783635,6.144212353327941e-06,2.4999999999999996,12.464221415204813,2.72038073789797,27.69790887528511,15.564755260509912,33.003925576562374,-0.2817233156743354,4244.2070671296315,13315.851291666668,13315.851291666668,43535.17270833333,1,0,0
1972-12-19 17:15:22.100,5.71,126.5,24006.853380787037,4.5,8.0,5.8,4.85,0.6650829493543515,3.7617144837898784,0.20528294716404225,0.12061246037186528,0.5287063257952638,3.065664608354365,0.12972696544920662,0.13273348832063483,0.14399199762725612,0.0015738061331367348,181999427621.4624,0.010109999914936744,0.025934687696119126,-0.5547001962252293,10.385454546787079,43.9588329518793,76.55677500794766,18.73301114527973,51.336444004528296,0.6605109411380248,3498.085556712962,43535.17270833333,43535.17270833333,43535.17270833333,0,0,0
1972-12-19 19:40:20.800,6.77,126.89,24006.954060185184,0.0,4.0,5.4,5.050000000000001,1.0933758853882807,5.816394335105314,0.3637356283291037,0.07397206219959539,1.447648273010836,7.550771701779975,0.6376362126090908,0.13396952842890417,0.08033417159205936,0.1841116916640324,88650127643.34691,0.0005246532214436225,4.539992976248595e-05,0.0,4.819094914515003,15.432016887964801,35.947380802298454,15.278903821836684,27.38221181407946,-0.22555001755825388,17.80588888888815,43535.17270833333,43535.17270833333,43535.17270833333,0,0,0
1972-12-20 15:25:56.000,5.77,127.08,24007.777384259258,5.8,15.0,5.4,4.873333333333333,1.2092570084089875,6.7590256224541365,0.30520719754974185,0.15859665363883224,0.8929419254085569,5.1489255420375875,0.1664194084219312,0.16527503799856272,-0.1894037210062951,-0.3662490644973877,138937066045.0347,0.00023562912730930866,0.0020949527091405156,1.3671981455629496,10.161095790896802,2.72038073789797,19.339691627535185,10.688167534586967,20.258540094719045,1.6636542152106513,4245.210439814815,13483.937245370369,13483.937245370369,43535.17270833333,1,0,0
1972-12-21 21:04:41.200,5.3,127.57,24009.01262962963,0.0,3.0,5.3,5.133333333333334,1.7323937598229833,9.116365675684278,0.6087638047840888,0.07488769574644528,2.3688789921995523,12.321516215717423,1.1382596853187088,0.13934309717081084,0.037705776188092344,0.09858774707751294,77336471040.26358,6.35065792816071e-06,7.822814343740164e-08,1.4411533842457844,4.308100197271101,14.2199544291597,15.3737005876787,1.5431356243242165,15.11087185405557,2.825315071845601,5567.530280092593,5567.530280092593,5567.530280092593,5567.530280092593,0,0,0
1972-12-28 12:13:37.300,5.82,126.89,24015.64383449074,5.1,8.0,5.8,4.975,0.4059142885731992,2.5791759315565925,0.07999038292728645,0.061955982789170874,0.5640188076665618,3.293456519602203,0.1544387471149493,0.13478137323949108,-0.5539914808677286,-0.039267192574255816,243776404210.109,0.06056993872036173,0.020320929867888103,1.4411533842457842,5.226590844311157,28.2215412167196,49.401033164975,21.882264732743163,44.24506193283428,-1.809907303772227,4253.076890046297,13491.803695601851,13491.803695601851,43535.17270833333,1,0,0
1972-12-30 07:11:16.900,5.72,127.11,24017.433876157407,5.1,5.0,5.8,4.92,0.45377108563495017,2.5487936828216817,0.12295081801309282,0.07547292755748276,0.6355529003462228,3.400664596312288,0.24119105335168367,0.13486273580541158,0.18308485597926438,0.44928160274345785,174156902690.5096,0.04351978519408621,0.012397705021160586,0.40824829046386296,2.5412305772483017,37.328136914485,42.19758941331641,7.762907073937333,41.125835438917235,1.3003049834224647,4254.866931712964,5575.951526620371,5575.951526620371,5575.951526620371,1,0,0
1972-12-30 17:29:10.700,6.22,127.36,24017.862971064817,4.8,4.0,5.4,4.85,0.3831290853905216,2.150996150835356,0.08879050067559523,0.10107046699251067,0.8685889638065052,4.423851432076585,0.4563571645634934,0.22017024160522877,-0.21428571428571086,0.3068528194400564,87779809805.47873,0.07089453263721637,0.002478752176666332,1.921537845661046,1.8665321894290952,9.457718245074009,28.089086123302952,13.143445984327357,19.33569617894893,9.085232233536981,6305.937369212963,6305.937369212963,13494.022832175928,43535.17270833333,0,0,0
1973-01-02 13:03:15.400,5.54,127.21,24020.67830324074,5.1,5.0,5.8,4.92,0.16419817945307996,0.9085632596403758,0.014194828658368236,0.0811817526695866,0.8685889638065052,4.557115918315857,0.3972117559207013,0.22195684163230536,0.2666666666666666,0.5534264097200277,170016703071.18,0.3216662245023595,0.002478752176666332,-0.40824829046386296,3.0651882316391097,19.2213508114843,38.452151382273684,13.052839556839649,40.60684610041218,1.575266503053518,5579.195953703704,5579.195953703704,5579.195953703704,5579.195953703704,1,0,0
1973-01-05 10:07:46.200,5.87,127.31,24023.5564375,5.1,5.0,5.8,4.82,-0.0,0.0,0.0,0.0,,,,,,,168309721205.56924,1.0,,-0.5222329678670936,1.6565637397609918,11.414254179480901,36.69390062014814,16.023869018534718,40.904163225528656,-2.779454921657888,5579.6395625000005,5582.074087962963,5582.074087962963,5582.074087962963,1,0,0
1973-01-07 22:17:02.600,5.68,127.3,24026.062877314813,0.0,5.0,5.8,4.84,0.3545304277237475,1.940117647632972,0.07233059403495182,0.1277826710665759,0.7896263307331853,4.109402376092316,0.3588048016049158,0.2170643886580147,0.3276413646934566,0.5957632412325387,168749147951.10538,0.08637910837133066,0.004276820349208924,0.40824829046386296,2.722873582264319,15.264315634057,37.46391291106336,14.528072025932994,40.76382585113371,-3.5472052410763806,5584.580527777776,5584.580527777776,5584.580527777776,5584.580527777776,0,0,0
1973-03-10 00:58:51.200,6.19,126.96,24087.17524537037,4.8,3.0,6.0,5.433333333333334,0.46317056677946766,2.672911866533582,0.14618473799091874,0.09504836453090834,0.8985403073860382,4.969822791649854,0.5501679088557154,0.20091674993376657,0.22909818057101994,0.4690040604770793,259929034454.68457,0.04078385740341269,0.00201548271450704,-0.6123724356957945,0.5611790446774344,14.0185843521039,31.555600846585033,19.036080150064393,17.441536792864376,-0.8190824923245632,0.6196006944446708,13396.252525462964,13396.252525462964,43535.17270833333,0,0,0
1973-03-11 02:33:53.500,5.99,126.76,24088.241244212964,5.1,5.0,5.3,4.9799999999999995,1.1303337684950088,6.075962719478003,0.3646713131853287,0.07801692507162847,1.3714562586418488,7.197256922064723,0.5368489622008226,0.1357114403256703,-0.07537043378602082,0.0521061085884309,85644862414.03146,0.00040644210740231943,7.684776196487846e-05,-0.5222329678670935,2.722873582264319,28.8475182745144,39.0380730381402,9.882784330083485,44.30084843696984,-0.09270711880987403,99.09307291666846,13397.318524305558,13397.318524305558,43535.17270833333,1,0,0
1973-03-16 02:12:23.300,2.01,126.55,24093.22631134259,6.0,4.0,6.0,5.325,0.5390334901637734,3.1402381906800625,0.17968153630918296,0.08791701174906508,0.6433992324492621,3.6260363838394944,0.2559959129123494,0.12371441863584573,0.1743170916412442,0.364251306244074,266313874692.24658,0.02414902101884976,0.011743628457021352,-0.6324555320336758,7.343625335737808,321.03140581543596,344.773341286897,16.575046349785275,349.9593706968733,4.229932048256819,0.05597569444216788,7616.20937847222,43535.17270833333,43535.17270833333,1,1,0
1973-03-18 11:06:14.700,2.03,126.59,24095.59704513889,5.2,5.0,6.0,5.36,0.72983827782201,4.282911319997884,0.25873104315161605,0.10254061076659257,0.6433992324492621,3.7547162303293473,0.2010741966813129,0.114563351053883,0.13169814444511463,0.16425130624407291,280831554852.44196,0.0064637591644768535,0.011743628457021352,-0.7276068751089989,8.639623028847156,321.03140581543596,348.2340244489472,16.307383630234387,351.52305208589405,4.543466297416782,2.4267094907409046,7618.580112268519,43535.17270833333,43535.17270833333,1,0,0
1973-03-18 11:23:43.800,2.15,126.79,24095.6091875,4.6,6.0,6.0,5.466666666666666,,,,,,,,,,,376778577746.744,,,-0.9797958971132713,10.480523440714762,321.03140581543596,349.89450378143533,15.142250769704964,354.32950549202616,4.103759137098262,0.012142361108999467,7618.592254629628,43535.17270833333,43535.17270833333,0,0,0
1973-03-20 01:37:47.000,2.11,126.35,24097.20228009259,0.0,7.0,6.0,5.428571428571429,0.448311608965467,2.92456634601281,0.08114807831446227,0.07397206219959535,1.1581186184086742,6.855900530734804,0.5415322891790884,0.29714411845625277,-0.5235124130771425,0.08013961458004193,379806482700.8975,0.045192375795593084,0.00033546262790250573,-1.4852213144650113,10.89430573446043,321.03140581543596,348.0765198844071,14.63586656560413,353.8859494555498,3.008546585696987,1.6052349537021655,12963.665277777776,43535.17270833333,43535.17270833333,0,0,0
1973-04-11 04:25:40.600,11.82,122.31,24119.318872685184,0.0,3.0,5.4,5.266666666666667,1.4313637641589898,7.784455073346602,0.41558095665991085,0.07137846678465107,2.0044360703226998,10.69974521336543,0.8149669936305581,0.16334925330409703,-0.038488292261908086,0.06196733745524341,101138540406.0153,5.080526342528996e-05,9.698214581498479e-07,-0.4472135954999578,8.672617004934883,29.4354740622279,36.4434804402128,10.673166092291245,36.89626108826511,1.3871218775915888,3926.6563645833303,43535.17270833333,43535.17270833333,43535.17270833333,0,0,0
1973-07-03 07:57:24.000,12.15,125.39,24202.465902777778,5.3,3.0,6.5,5.8,0.2782378938074175,1.720361405686104,0.06253175606263756,0.11950597439796033,0.9650988486738945,5.688655037558693,0.7523356916774291,0.30156117775413066,0.31694066848833646,0.6056244700993512,717201917577.6196,0.14631414660574346,0.0012726338013397947,-0.9999999999999999,7.410849195313975,47.1333268406288,53.37202510793463,5.5145646746095345,47.60317959320019,78.92886271140354,0.03772106481483206,0.03772106481483206,43535.17270833333,43535.17270833333,1,0,0
1973-07-07 21:09:45.300,11.84,125.49,24207.016149305557,0.0,7.0,6.5,5.471428571428571,-0.0,0.0,0.0,0.0,,,,,,,725523880610.9751,1.0,,-1.0,11.550178181211193,33.3780477347676,50.509651338515255,8.468920028608627,47.817137758008215,-32.20980098218961,4.587967592593486,4.587967592593486,43535.17270833333,43535.17270833333,0,0,0
1973-07-08 00:02:46.400,12.29,125.63,24207.136300925926,0.0,8.0,6.5,5.4375,0.3262912540413794,2.016690460462202,0.03952165503893808,0.14550371529365289,1.2408413768664381,7.302603426406729,0.5715533715197485,0.34402582945992066,0.31935483870968095,0.6147969736080396,727100934526.6827,0.10498475471149368,0.00018944182523288853,-0.9999999999999998,13.285795734172117,33.3780477347676,49.99110200228407,7.976695251039877,47.80255674384356,-31.492268084424175,4.708119212962629,4.708119212962629,43535.17270833333,43535.17270833333,0,0,0
1973-07-12 19:10:23.500,12.23,125.46,24211.933258101853,5.3,10.0,6.5,5.33,0.3262912540413794,2.016690460462202,0.03864011192001914,0.14550371529365289,1.2408413768664381,7.302603426406729,0.5588046913022388,0.398153454095082,0.31935483870968095,0.6147969736080396,729567700789.5005,0.10498475471149368,0.00018944182523288853,0.8347300123683027,15.036872085228435,33.3780477347676,48.70100775729786,8.107565438514465,47.657016735999676,-1.6740639595501958,9.505076388890302,9.505076388890302,43535.17270833333,43535.17270833333,1,0,0
1973-09-23 14:35:29.600,9.87,126.23,24284.74235648148,5.8,3.0,5.3,5.033333333333332,0.7262227698167679,3.871291168708922,0.21395641880714783,0.08026315845908426,1.1329421267041393,5.801949250229118,0.5207161509397547,0.16286265246972598,-0.03072127397724156,0.178865289343892,72590170844.77873,0.006627224619061219,0.000399184454259176,-1.4411533842457844,6.539149811747721,62.9475985087487,63.67219547332851,0.8753802715125383,63.507267452156015,-0.6500809262845476,6068.0067893518535,6068.0067893518535,43535.17270833333,43535.17270833333,1,0,0
1973-09-23 22:13:31.700,9.93,125.84,24285.060436342592,5.8,3.0,5.1,4.9,1.2552725051033051,6.366671524215716,0.4184785835288529,0.06779651486832562,1.7371779276130073,8.641857514500797,0.8014673033488793,0.14028396693850037,0.02805626002956263,0.12534692783297174,49625173518.653496,0.00017146776406035778,6.144212353328218e-06,-1.4411533842457844,7.410849195313975,63.424157942471,66.55206391718957,4.403065475684068,66.45540625409588,5.651761484082109,2227.2815185185173,6068.324869212964,9151.943538194444,43535.17270833333,1,0,0
1973-09-24 10:41:10.500,9.82,126.56,24285.579635416667,5.8,7.0,5.3,4.928571428571429,1.1625973232511804,6.289337152134606,0.33724914523982014,0.07706833437584887,1.2408413768664381,6.610105721655903,0.38417115571169336,0.12264458755145491,-0.10972959970920915,-0.027115814229817126,93719274311.47293,0.00032524305388972587,0.00018944182523288853,-1.732050807568877,13.247641299491772,5.73747763545059,50.65368550266021,24.72535859033894,58.94415483559231,-15.827217520861437,7858.988929398147,7858.988929398147,7858.988929398147,7858.988929398147,1,0,0
1973-09-30 10:09:28.500,9.92,126.12,24291.557621527776,5.8,7.0,5.3,4.985714285714286,1.698970004336022,9.08058327132324,0.5872046845218528,0.06334471518496608,1.7371779276130135,9.211141849639786,0.613912807945192,0.13389823524803057,-0.044757852197656156,-0.0023594781085245486,97515625180.59457,7.999999999999823e-06,6.144212353327941e-06,-0.27386127875258304,11.550178181211193,34.936361408877204,56.56415932711041,14.142270704570029,59.076097480584934,-10.759791616166469,6074.822054398148,6074.822054398148,43535.17270833333,43535.17270833333,1,0,0
1973-10-02 15:05:11.400,9.99,126.14,24293.76297916667,5.8,8.0,5.3,5.0125,1.778151250383648,9.579831877110061,0.5901157908060397,0.12357252757824551,1.6286043071372,8.758312355355924,0.4950294027771211,0.156768937488848,-0.08752362884942944,-0.07780252512748032,108628563495.65714,4.62962962962949e-06,1.3007297654067116e-05,1.6858544608470494,12.540857118757762,34.936361408877204,57.444741698001074,13.327987424726903,59.926172863989926,-0.1188874920637687,6077.027412037041,6077.027412037041,43535.17270833333,43535.17270833333,1,0,0
1973-10-02 22:28:54.600,10.14,126.73,24294.071118055555,0.0,4.0,5.2,4.875,0.8695703867996193,4.546851844330018,0.25966211432172287,0.07638482103825904,1.0218693691841223,5.200472152656513,0.35858314230497434,0.12445587478402347,-0.028848536418452753,0.11082489652404703,62074761587.84138,0.002462004484188136,0.0008597890156869469,1.3333333333333333,10.01427552475536,5.73747763545059,31.727092416795323,22.612984036021953,44.27906574527868,12.31224294840428,6077.984752314816,6077.984752314816,43535.17270833333,43535.17270833333,0,0,0
1973-10-09 01:44:57.500,16.29,122.35,24300.20726273148,0.0,3.0,5.0,4.8,1.2552725051032998,6.241144273705363,0.41847858352885026,0.06779651486832511,1.7371779276130073,8.468139721739496,0.8014673033488809,0.14757793672623834,0.028056260029560853,0.12534692783297263,40336855405.90012,0.0001714677640603641,6.144212353328218e-06,-0.9999999999999999,5.375620014486486,9.20480964500447,19.45625262959349,10.696231321279559,17.634795646966573,43.56794614157916,504.82010879629524,504.82010879629524,1894.226111111111,43535.17270833333,0,0,0
1974-05-12 20:03:41.300,2.91,126.62,24515.970269675927,5.4,3.0,5.2,5.166666666666667,,,,,3.722524130599286,19.46199432077602,1.0623842525552099,0.29753239938636783,,-0.02817143367794639,78072380224.83858,,6.798727087489015e-12,-0.9999999999999999,6.539149811747721,266.20896463332303,269.7572289326047,4.821513748894697,269.96659865843196,-8.894250707594631,43535.17270833333,43535.17270833333,43535.17270833333,43535.17270833333,1,0,0
1974-05-12 20:17:23.600,2.77,126.44,24515.979787037035,5.4,3.0,5.2,5.1000000000000005,2.385606273598294,12.425975745479178,0.7557266632048277,0.03606670660650687,2.895296546021672,14.953603984828023,1.113149032428996,0.10784163513291282,-0.008728650238096769,0.03520815669978283,69313987774.50327,6.969171937626504e-08,2.061153622438658e-09,-0.9999999999999999,6.539149811747721,267.81593914421296,271.28161397902727,3.7405188175319757,271.8525705588608,-17.61403401618487,43535.17270833333,43535.17270833333,43535.17270833333,43535.17270833333,1,0,0
1974-05-14 13:07:15.900,2.9,126.67,24517.681086805558,4.9,6.0,5.4,5.183333333333334,,,,,,,,,,,120972057968.92635,,,-1.8665130505147656,10.480523440714762,266.20896463332303,277.6625813741358,12.270825415918397,281.34469052957746,17.75265717000141,43535.17270833333,43535.17270833333,43535.17270833333,43535.17270833333,0,0,0
1974-05-15 16:12:04.100,2.83,126.79,24518.8094224537,0.0,7.0,5.4,5.185714285714286,,,,,,,,,,,130096527478.6572,,,-2.0493901531919194,11.550178181211193,266.20896463332303,276.3923147472877,11.69498488439722,279.59937049059823,2.4765490895000504,43535.17270833333,43535.17270833333,43535.17270833333,43535.17270833333,0,0,0
1975-01-02 22:40:17.000,12.8,125.5,24751.079016203705,0.0,3.0,5.7,5.3,0.5112013443424966,2.8286474386951466,0.12021033465048497,0.14256724344061567,1.7371779276130073,9.336728685546,1.3881820900054795,0.30731216743325157,0.16666666666666963,0.3253469278329728,145685040697.29358,0.02926819682666545,6.144212353328218e-06,-0.44721359549995787,8.672617004934883,27.672020188734002,39.25162267443417,15.459321856619649,31.16571635906685,-3.738181597075287,14443.00875,14468.71096064815,43535.17270833333,43535.17270833333,0,0,0
1975-01-23 03:57:11.100,2.3,127.15,24771.299086805553,5.0,3.0,5.5,5.333333333333333,0.251558941508116,1.651062981757537,0.024258062070195423,0.05434294234266838,1.1329421267041366,6.141831888240346,0.49203051394334185,0.229126107350039,-1.0633245706126857,0.07886528934389148,129948315473.82841,0.17592322403758812,0.00039918445425918335,0.4472135954999578,7.410849195313975,311.22526130599095,321.1003667819313,10.211742403095938,317.1296185419841,-0.07083679667037712,4472.765973379628,8294.282153935183,8943.466146990739,43535.17270833333,1,0,0
1975-02-01 15:19:51.700,13.2,120.4,24780.773167824074,0.0,3.0,5.0,4.733333333333333,1.0256360732154977,5.051634888781554,0.3515361210478483,0.07834514779044856,1.5328040537761836,7.374739496712489,0.785157280999174,0.154932697396879,0.07463220073369126,0.18872651821070185,37607122882.40192,0.0008377062976308232,2.5210870330948685e-05,-0.6123724356957945,5.887866499588108,2.93850090469518,8.33074637050474,5.0978788294001784,5.513338463899314,-0.7679186899700767,1011.8261851851858,1011.8261851851858,1011.8261851851858,11986.985737268518,0,0,0
1975-04-16 18:45:02.300,11.8,125.7,24854.91565162037,5.2,3.0,5.7,5.5,1.4313637641589858,8.063349204762286,0.4712245118298972,0.15087898849914963,2.895296546021689,16.11172260323678,1.9280306805631766,0.2574418656994659,0.06666666666666732,0.13520815669978425,169390548116.1659,5.080526342529141e-05,2.0611536224384135e-09,0.9999999999999999,7.410849195313975,42.0120401495945,42.11229655445277,0.08682459349935641,42.074461343357086,3447.1834849028774,14569.861982638888,43535.17270833333,43535.17270833333,43535.17270833333,1,0,0
1975-04-16 18:45:05.200,11.6,125.5,24854.915685185184,0.0,4.0,5.7,5.425,1.4053671358624173,7.918634640578055,0.4682436454863487,0.11700521350569293,1.5792526614663733,8.814173830953104,0.5912832008970342,0.13420281957498567,0.06543345969257519,0.11876905069203048,176022798079.85947,6.079930185770469e-05,1.82911922994072e-05,0.6324555320336758,8.01355519627422,42.0120401495945,45.517311813362376,6.810399498339772,43.361250129835724,1.9038493328395647,11953.515581018517,11953.515581018517,43535.17270833333,43535.17270833333,0,0,0
1975-04-21 23:03:30.300,6.1,126.7,24860.095142361115,0.0,3.0,5.0,4.733333333333333,0.9542425094393242,4.675788296252686,0.27924415515845824,0.15087898849914913,2.3688789921995523,11.373964618837602,1.7208868884365403,0.2791723171980396,0.10000000000000231,0.19858774707751348,37163048093.40393,0.0013717421124828598,7.822814343740164e-08,-1.4411533842457844,4.308100197271101,34.2456791429417,38.947225573168,4.815498686339491,38.83740419839814,-0.05951080618028676,870.9469710648191,14169.172422453708,14169.172422453708,18634.278128472226,0,0,0
1975-04-23 08:27:47.400,6.4,123.7,24861.487006944444,5.1,3.0,5.1,4.933333333333333,1.7323937598229604,8.769886923719561,0.6087638047840723,0.07488769574644476,2.368878992199564,11.847740417277569,1.1382596853187192,0.1690897490863261,0.03770577618809501,0.09858774707751383,51095699708.331375,6.35065792816171e-06,7.822814343739539e-08,-1.4411533842457844,7.410849195313975,5.82809673167496,24.201748108383388,16.10007279489549,18.732669641236573,-4.214428916010517,19044.65203009259,19044.65203009259,19044.65203009259,43535.17270833333,1,0,0
1975-04-28 14:27:57.700,9.3,126.6,24866.737126157404,5.2,3.0,5.0,4.833333333333333,1.7323937598229602,8.596647547737268,0.6087638047840725,0.07488769574644462,2.368878992199564,11.610852518057614,1.13825968531872,0.1393430971708118,0.037705776188092344,0.09858774707751294,41532143967.68882,6.350657928161723e-06,7.822814343739539e-08,-0.9999999999999999,6.539149811747721,32.674633435501896,50.60794514690207,16.476603687813174,44.64714596237911,-10.605793124268677,8440.146420138884,8440.146420138884,8440.146420138884,8440.146420138884,1,0,0
1975-04-28 22:44:59.400,9.6,126.6,24867.082284722223,4.9,8.0,5.2,4.9375,2.2218487496163464,11.664873998158459,0.7717968194858199,0.11746479076127092,2.0680689614440655,10.83250791541194,0.6686579844394563,0.1517874266071981,-0.05007564091510286,-0.037981961611158965,89398018605.07462,2.160000000000149e-07,6.248749509462701e-07,-1.158730919004642,11.897021792832335,32.674633435501896,47.635874932832934,10.454229481374623,46.11755255264956,-11.530557806185653,8440.491578703703,8440.491578703703,8440.491578703703,8440.491578703703,0,0,0
1975-04-29 08:49:29.000,13.7,120.9,24867.50207175926,5.1,3.0,5.6,5.266666666666667,0.8337334825539049,4.572956206971072,0.2819941396631974,0.0893267033479696,1.3714562586418488,7.334402547928907,0.7630438887732093,0.1749489297310582,0.11508629236872636,0.25210610858843197,123747775733.31131,0.003153548773936587,7.684776196487846e-05,-0.9999999999999999,4.308100197271101,4.04758083876724,9.601756285301812,4.810057033774719,10.859166944377929,785.8922515180678,6762.005636574075,6762.005636574075,43535.17270833333,43535.17270833333,1,0,0
1975-04-29 22:47:56.000,9.4,126.5,24868.084328703702,5.1,9.0,5.2,4.933333333333334,2.4593924877592186,12.884265187291868,0.8359955122315103,0.10130600890287796,2.3688789921995754,12.385658312161564,0.7755932394414671,0.17640180232722757,-0.038799927794718414,-0.028489236025140308,93019885930.4874,4.18622470850516e-08,7.822814343738916e-08,-1.1399408934860225,13.466946939030386,32.674633435501896,46.41156758843446,10.44604738908547,45.32132136348525,-14.79821804084122,8441.493622685182,8441.493622685182,8441.493622685182,8441.493622685182,1,0,0
1975-04-29 22:48:00.900,9.1,126.1,24868.084385416667,5.1,4.0,5.0,4.85,1.9822712330395569,9.959068290669753,0.5833757498546427,0.05171799541411685,2.1714724095162667,10.807980316054417,0.7000528796998255,0.09780999774127803,-0.02406942333456996,0.02274112777602255,48842731604.205246,1.1302806712963852e-06,3.059023205018097e-07,-1.3333333333333333,5.9546515815684335,49.7075201062163,56.03061734744273,6.486849774834895,54.22233857913582,2.5004970576463617,23302.778065972223,23302.778065972223,23302.778065972223,23302.778065972223,1,0,0
1975-05-01 12:37:01.600,13.6,120.8,24869.660087962962,5.1,4.0,5.6,5.175000000000001,0.9290650232797627,5.0877465268907045,0.30728995108904955,0.08905019918010597,1.3362907135484663,7.149884487715448,0.6357085289373235,0.15635157382697917,0.12379930424022856,0.24945433263603434,126389103355.27127,0.0016323186029815976,9.797783966128993e-05,-0.9999999999999998,5.617321208040141,4.04758083876724,11.374776666635334,5.291392778460132,11.213834357877044,1198.5283800738964,6764.163652777777,6764.163652777777,12075.872657407406,12075.872657407406,1,0,0
1975-05-02 21:09:40.100,13.6,120.7,24871.01608912037,4.9,6.0,5.6,5.133333333333334,0.6020599913279648,3.3113299523038067,0.08520204998083386,0.09519404303287919,1.7371779276130073,9.33435521925162,0.7093476157927823,0.1798500203682588,0.09999999999999964,0.22671320486001267,135969727128.45158,0.015624999999999731,6.144212353328218e-06,-1.5491933384829666,7.944644274971296,4.04758083876724,10.21441753197253,5.093897649650581,10.756954812323915,-1.2849996504427423,1102.0691064814819,1102.0691064814819,1102.0691064814819,12077.228658564814,0,0,0
1975-05-02 23:55:45.000,9.3,126.5,24871.13142361111,4.8,14.0,5.2,4.942857142857142,,,,,5.790593092043412,30.134084760749367,3.101150391439702,1.039989610700354,,-0.003972077083990833,114666214601.24995,,4.248354255289986e-18,-1.646109783506203,17.425124720069334,32.674633435501896,50.22969275010994,11.192221132995417,50.158703628655836,5.957551306000604,8444.54071759259,8444.54071759259,8444.54071759259,8444.54071759259,0,0,0
1975-05-03 00:53:42.100,9.5,126.8,24871.171667824074,4.8,11.0,5.2,4.945454545454545,,,,,5.21153378283904,27.05594354719877,2.711650348448341,0.8800692243710115,,0.008448975944324033,101717139028.9314,,2.3195228302432847e-16,-1.7041126723312634,15.165249753966622,32.674633435501896,47.32125651856425,8.946158397929297,46.84873242784767,2.7156215674951207,8444.580961805554,8444.580961805554,8444.580961805554,8444.580961805554,0,0,0
1975-05-04 12:37:01.100,13.6,120.7,24872.660082175924,0.0,7.0,5.6,5.114285714285715,0.6020599913279648,3.3113299523038067,0.07373906471506345,0.09519404303287919,1.7371779276130073,9.33435521925162,0.6139128079451875,0.18488457358116744,0.09999999999999964,0.22671320486001267,139598591308.74347,0.015624999999999731,6.144212353328218e-06,-1.732050807568877,8.99386463871906,4.04758083876724,10.432331839765968,4.6856768532465765,10.822222163893738,-0.4263201807733091,1103.7130995370353,1103.7130995370353,1103.7130995370353,12078.872651620368,0,0,0
1975-05-07 03:31:42.500,9.5,126.5,24875.281394675927,5.4,14.0,5.2,4.928571428571429,,,,,5.790593092043412,30.134084760749367,3.17552907454098,1.0525393065852138,,-0.003972077083990833,112182247272.998,,4.248354255289986e-18,0.7330166661378315,16.856416084019365,32.674633435501896,49.41007421449705,12.253876501757349,49.808137013675484,0.2242388042228306,8448.690688657407,8448.690688657407,8448.690688657407,8448.690688657407,1,0,0
1975-06-03 19:10:23.000,10.3,126.4,24902.933252314815,5.0,3.0,5.7,5.6000000000000005,0.5282737771670425,3.2769722737049873,0.06418683223773679,0.055684945466270404,1.7371779276130073,9.857882063829903,0.6940910450027388,0.22243529222444539,-0.5031704304504867,0.0253469278329721,204063940407.65082,0.02601229487374914,6.144212353328218e-06,-0.9999999999999999,5.375620014486486,30.415538177022,41.91836356530703,12.360126623388178,45.06998014793615,32.382384173995014,6686.846886574076,6686.846886574076,43535.17270833333,43535.17270833333,1,0,0
1975-06-05 13:27:50.000,10.5,126.5,24904.69537037037,0.0,4.0,5.7,5.525,0.7781512503836442,4.676286123717955,0.1435556680880092,0.06234243060880725,1.5792526614663682,8.972099097099713,0.5912832008970307,0.18189701334741246,-0.3094822457876303,0.018769050692029943,212389878005.57416,0.004629629629629613,1.8291192299407837e-05,-1.3333333333333333,8.01355519627422,30.415538177022,40.86835116767297,10.308180775717268,44.36136402715497,24.065767944105197,6688.60900462963,6688.60900462963,43535.17270833333,43535.17270833333,0,0,0
1975-10-31 16:40:45.700,12.49,125.78,25052.829348379626,4.7,3.0,5.4,4.7,0.35577403715855765,1.8138854738773535,0.10496584737778616,0.10107666478519081,0.7896263307331853,3.793551843799041,0.5170621596276367,0.22409453150725853,0.30157997934807135,0.5957632412325395,73554571232.2091,0.08564024252887038,0.004276820349208924,-1.4411533842457844,5.887866499588108,6.3873080439282806,21.579098032579065,17.002366734797402,7.394996290308454,24.676391455073855,14744.759082175922,14770.461292824071,43535.17270833333,43535.17270833333,0,0,0
1975-10-31 20:11:07.800,12.68,126.02,25052.9754375,4.4,5.0,6.0,4.92,0.30445836214226607,1.7975558522278647,0.07115841155179714,0.07894534588251209,0.5109346845920612,2.7763273353839377,0.20040160830897708,0.15636151034612622,0.09588937029126487,0.5661795546321065,261930968112.19617,0.12207448859421707,0.029322159123893774,-1.2632278815997786,11.196300409382683,6.3873080439282806,17.764272632434235,15.91905587008928,40.447625074408265,6.8830258344658715,0.4883460648197797,43535.17270833333,43535.17270833333,43535.17270833333,0,0,0
1975-10-31 23:20:14.600,12.14,125.9,25053.106766203702,4.7,3.0,5.4,4.733333333333333,0.216873297599847,1.106053817759219,0.036059420862404386,0.1245842244423604,1.1329421267041366,5.462066612217864,0.9840610278866838,0.3566631784093836,0.3000000000000034,0.5788652893438915,73582792531.39464,0.22355279661380625,0.00039918445425918335,-1.4411533842457844,7.410849195313975,6.3873080439282806,14.59504049625176,11.092110236501279,7.119644865740233,9.827255281524,14769.966893518516,43535.17270833333,43535.17270833333,43535.17270833333,0,0,0
1975-11-01 05:55:37.000,11.75,125.86,25053.381331018518,4.7,3.0,4.7,4.6000000000000005,0.5282737771670429,2.7486984965379473,0.0641868322377369,0.05568494546627041,1.7371779276130073,8.120704136216895,0.6940910450027388,0.22243529222444539,-0.5031704304504867,0.0253469278329721,25690128021.004307,0.02601229487374906,6.144212353328218e-06,-0.9999999999999999,4.607707969367495,11.068500279383201,19.328020866963133,8.079309253374092,17.16732328150408,-31.26137881951217,14768.327662037036,43535.17270833333,43535.17270833333,43535.17270833333,0,0,0
1975-11-01 13:57:54.300,12.32,125.19,25053.716253472223,4.4,3.0,4.5,4.3,1.4313637641589805,6.34571268777148,0.47122451182989367,0.15087898849914963,2.895296546021689,12.637366748010756,1.9280306805631766,0.2574418656994659,0.06666666666666732,0.13520815669978425,14089292109.025114,5.080526342529328e-05,2.0611536224384135e-09,-1.4411533842457844,5.375620014486486,21.8182383885905,31.713677888060733,9.177155264648867,27.979292609870576,-28.443575168494146,851.2880717592598,851.2880717592598,43535.17270833333,43535.17270833333,0,0,0
1975-11-03 14:36:20.300,12.24,125.3,25055.742943287038,4.2,4.0,4.6,4.375,1.2041199826559243,5.599157919350048,0.3437413930997177,0.09519404303287947,1.930197697347789,8.708890320188676,0.8832749050437164,0.1768471237984667,-0.04999999999999982,0.08808376874802537,19724457506.602417,0.0002441406250000006,1.6195967923125758e-06,-1.5491933384829666,6.798722616979547,21.8182383885905,34.684996553692024,9.563562321919099,35.045978990638964,3.657418413866903,853.3147615740745,853.3147615740745,43535.17270833333,43535.17270833333,0,0,0
1975-11-06 11:36:10.800,12.82,126.5,25058.617833333337,0.0,3.0,6.0,4.8,0.17924821320929946,0.9763001725881923,0.04515292513621916,0.10201025796201935,0.5109346845920612,2.520859993087907,0.36686560010565805,0.25763835583272426,0.5533617596053029,1.0661795546321065,251385679299.8641,0.28990476947689586,0.029322159123893774,-2.1213203435596424,8.672617004934883,45.069264496538096,76.16742585501943,32.55747505607943,45.35473130600944,0.23554637967480138,6.130741898155975,43535.17270833333,43535.17270833333,43535.17270833333,0,0,0
1975-11-08 14:20:48.600,12.21,125.75,25060.73215972222,4.3,11.0,5.4,4.472727272727273,0.5566414638396061,2.8892342646912876,0.07929433559852835,0.1450017815905881,1.1329421267041366,5.688655037558692,0.32847816724627354,0.18314115913354886,0.20952380952381233,0.3788652893438913,79621235401.59636,0.021383343303319487,0.00039918445425918335,1.308154274401075,14.014946863452684,4.69930657673195,21.607920210722284,14.263858521018722,11.655422382755548,7.9215765108741145,858.3039780092586,858.3039780092586,43535.17270833333,43535.17270833333,0,0,0
1975-11-14 08:38:03.100,3.71,126.05,25066.49413310185,4.8,3.0,4.7,4.433333333333334,1.0256360732154948,4.743944066816889,0.35153612104784626,0.07834514779044861,1.5328040537761836,6.914898280579634,0.785157280999174,0.15493269739687837,0.07463220073369392,0.18872651821070185,20196220757.853157,0.0008377062976308395,2.5210870330948685e-05,-1.4411533842457844,8.672617004934883,195.50616848342798,199.3089786923707,3.31773729320015,200.37944228717728,11.239940135586908,19996.317547453702,43535.17270833333,43535.17270833333,43535.17270833333,0,0,0
1975-11-15 06:00:06.800,3.54,125.63,25067.384453703708,4.3,3.0,5.0,4.533333333333334,0.5689391661997591,2.7370291918575176,0.17895338471467104,0.10323769287842247,1.132942126704134,5.2354781868770255,0.7096164988462438,0.21183916477145975,0.1892410393547692,0.3788652893438904,33458693677.238518,0.019641855032959673,0.00039918445425919067,-1.4411533842457844,8.672617004934883,139.239392760975,181.82907155945168,37.66218999922164,202.362348428979,26.975488953681648,43535.17270833333,43535.17270833333,43535.17270833333,43535.17270833333,0,0,0
1975-11-16 06:31:26.500,3.7,126.4,25068.406209490742,0.0,4.0,4.7,4.525,2.2833012287035515,10.658815902113068,0.754415214820179,0.1129744209366411,2.48168275373287,11.52146410775259,0.8912028014923042,0.12470431170237495,0.03183980802870412,0.05739848680401938,24967270771.587433,1.412850839120354e-07,3.588820514756982e-08,-1.3333333333333333,7.343625335737808,181.92542425918703,194.98644071555375,9.106110180430163,195.80707677483468,-20.205562490448745,5136.660954861112,43535.17270833333,43535.17270833333,43535.17270833333,0,0,0
1975-11-17 14:13:45.500,13.36,126.21,25069.72726273148,4.6,3.0,4.4,4.233333333333333,0.954242509439321,4.28386078798747,0.25170727994935904,0.08283624741336051,1.5328040537761836,6.608337469824397,0.6494586987710458,0.17069913362019296,-0.08927892607143839,0.08872651821070221,12408843476.35351,0.0013717421124828893,2.5210870330948685e-05,-0.44721359549995787,8.672617004934883,57.712151092347604,72.35757563222097,14.143024850753287,74.13375010262904,-0.23479171564489845,43535.17270833333,43535.17270833333,43535.17270833333,43535.17270833333,0,0,0
1975-11-18 05:03:07.400,3.22,125.32,25070.344877314816,0.0,3.0,5.0,4.866666666666666,1.4313637641589794,7.211909567682958,0.4155809566599038,0.07137846678465191,2.0044360703227078,9.897970785236389,0.8149669936305627,0.148945487365813,-0.03848829226191164,0.06196733745524341,44148574136.88748,5.0805263425293595e-05,9.698214581497943e-07,-2.1213203435596424,8.672617004934883,173.43542498006,193.58631542736134,18.832649075004852,195.50241994770658,-15.793723049364756,43535.17270833333,43535.17270833333,43535.17270833333,43535.17270833333,0,0,0
1975-11-19 01:15:23.800,3.88,125.98,25071.186733796298,0.0,4.0,4.9,4.625,1.2690467773710872,6.181274387671485,0.4106657505950312,0.06071200899495279,1.5792526614663733,7.550771701780006,0.6359697488816113,0.11593842910395233,0.029198940580901223,0.11876905069203048,34031830932.377754,0.00015590486512874962,1.82911922994072e-05,-1.921537845661046,10.01427552475536,127.21307776765,177.88981740513026,34.98779982551759,160.29690148450587,31.20445370867767,20001.01014814815,43535.17270833333,43535.17270833333,43535.17270833333,0,0,0
1975-11-19 03:24:32.600,12.8,125.85,25071.27641898148,4.8,3.0,4.3,4.2,0.5282737771670423,2.537388985671125,0.06418683223773673,0.05568494546627045,1.7371779276130073,7.425832965171692,0.6940910450027388,0.22243529222444586,-0.5031704304504832,0.0253469278329721,11214147613.445116,0.026012294873749182,6.144212353328218e-06,-1.4411533842457844,3.1062799081417087,7.7848428061348205,12.55155092350904,4.661012406496768,11.305574209238163,4.1464298089149185,18.78932754629932,43535.17270833333,43535.17270833333,43535.17270833333,0,0,0
1975-11-19 17:51:42.200,12.96,125.56,25071.878613425924,4.8,4.0,4.3,4.175,1.0791812460476191,4.898912480441513,0.2008990479141038,0.04649160780151661,1.930197697347789,8.322850780719119,0.6426768935210568,0.1723967795496981,-0.23947147282556447,-0.011916231251975162,12237051764.470526,0.0005787037037037262,1.6195967923125758e-06,-1.5491933384829666,5.320522872923015,7.7848428061348205,18.179853080589755,14.661095838997003,14.305688163288636,6.652002429393869,43535.17270833333,43535.17270833333,43535.17270833333,43535.17270833333,0,0,0
1975-11-19 19:30:16.700,3.3,127.57,25071.947068287034,0.0,5.0,4.6,4.42,,,,,4.3429448190325335,19.84428168131038,2.52950718378369,0.5302974143790197,,0.030685281944005105,22572619804.921474,,9.357622968839192e-14,-0.408248290463863,11.196300409382683,161.705327638974,184.69072658756582,24.37180868614125,182.6386707454627,4.91553338194676,9733.539024305554,9733.539024305554,9733.539024305554,43535.17270833333,0,0,0
1975-11-19 23:15:54.600,13.32,126.08,25072.10375694444,4.7,4.0,4.7,4.425,1.5051499783199083,6.953792899837975,0.4931749378082016,0.12592988207988953,2.48168275373287,11.273295832379304,1.3407072885072449,0.2229028636218117,0.08000000000000096,0.15739848680401902,21942828035.475563,3.0517578124999502e-05,3.588820514756982e-08,-1.9215378456610455,8.01355519627422,7.7848428061348205,53.63096852619569,32.922733327868,59.24698182733477,-17.000832033498117,43535.17270833333,43535.17270833333,43535.17270833333,43535.17270833333,0,0,0
1975-11-20 10:39:48.900,13.28,125.62,25072.578690972223,4.8,4.0,4.7,4.45,1.0110210668019572,4.829422286108639,0.27982214666739946,0.07509939628237441,1.4476482730108402,6.682182737973491,0.5737038797198588,0.14860118522261603,-0.07677710651962588,0.08411169166403276,23879093679.8648,0.0009266949569199734,4.539992976248456e-05,-1.3333333333333333,8.867725110565202,7.7848428061348205,20.935976073832457,18.691088834865194,24.051631652655114,6.045985491424403,43535.17270833333,43535.17270833333,43535.17270833333,43535.17270833333,0,0,0
1975-11-21 21:42:08.700,12.92,125.69,25074.03864236111,4.6,7.0,4.7,4.228571428571429,1.2690467773710845,5.827121700309264,0.34020075445605574,0.15111691699298144,1.930197697347789,8.708890320188676,0.7870160651780229,0.18601808970032396,0.10826878550486807,0.1880837687480259,22142839104.33831,0.0001559048651287525,1.6195967923125758e-06,-3.24037034920393,8.016485235359784,7.7848428061348205,15.74042764251883,10.895218139225195,13.198154765051054,0.34590458551593195,43535.17270833333,43535.17270833333,43535.17270833333,43535.17270833333,0,0,0
1975-11-23 13:23:25.900,12.81,125.82,25075.692313657408,4.6,7.0,4.8,4.3428571428571425,0.9030899869919405,4.42514093626051,0.2121339346961765,0.09519404303287918,1.4476482730108402,6.815447224212762,0.5450975203645612,0.15315763114401093,-0.10000000000000142,0.0920558458320162,30182316410.70925,0.0019531250000000416,4.539992976248456e-05,-2.6457513110645907,7.491200415868958,0.62439698674082,11.124698660321362,5.438997332402414,7.296908560422495,-1.309833459105285,14767.622047453704,14793.324258101853,43535.17270833333,43535.17270833333,0,0,0
1975-11-24 14:01:43.100,13.03,125.52,25076.71890162037,4.6,9.0,4.8,4.300000000000001,0.9030899869919405,4.42514093626051,0.17685348771454873,0.09519404303287918,1.4476482730108402,6.815447224212762,0.4544411895206431,0.1428713940287635,-0.10000000000000142,0.0920558458320162,31333292888.340748,0.0019531250000000416,4.539992976248456e-05,-1.3693063937629155,10.916558896465869,0.62439698674082,13.474534915176326,10.737593969240196,8.141284322252577,-1.3556909952074985,43535.17270833333,43535.17270833333,43535.17270833333,43535.17270833333,0,0,0
1975-11-27 00:08:40.200,13.0,125.74,25079.140395833332,0.0,9.0,4.8,4.322222222222222,0.9030899869919405,4.42514093626051,0.16477350857818954,0.09519404303287918,1.4476482730108402,6.815447224212762,0.42340057981000967,0.14697730571345222,-0.10000000000000142,0.0920558458320162,31658081381.835896,0.0019531250000000416,4.539992976248456e-05,0.3061862178478974,10.916558896465869,0.62439698674082,11.297642042690835,5.333462104766359,7.963137013825325,0.4094171324301989,43535.17270833333,43535.17270833333,43535.17270833333,43535.17270833333,0,0,0
1975-11-30 19:57:49.100,11.95,126.04,25082.966193287037,4.6,3.0,5.3,4.533333333333334,0.3149535427314968,1.5631204909665737,0.0896617016950303,0.10294186265637371,0.7445048261198595,3.4551405591991005,0.5010130245185149,0.2341991521743242,0.33698076417841616,0.6591428316102679,59482531249.39867,0.11353751166213913,0.0058409773431952845,-0.44721359549995787,4.047396061842092,11.5576895282604,23.597720056535334,10.507844203942557,27.83637644406362,-1.0361542127925336,43535.17270833333,43535.17270833333,43535.17270833333,43535.17270833333,0,0,0
1975-12-04 11:38:24.200,11.96,126.23,25086.61937731481,4.6,3.0,5.3,4.633333333333333,0.2168732975998468,1.084366487999234,0.036059420862404316,0.12458422444236038,1.1329421267041366,5.34877239954745,0.9840610278866838,0.34177634991260897,0.2999999999999998,0.5788652893438915,59810339234.08935,0.22355279661380661,0.00039918445425918335,-2.1213203435596424,4.607707969367495,11.5576895282604,18.790869091235997,8.611429973593532,27.46663459024511,-5.653791347831205,43535.17270833333,43535.17270833333,43535.17270833333,43535.17270833333,0,0,0
1975-12-04 13:06:18.200,12.08,126.01,25086.68041898148,4.6,4.0,5.3,4.5249999999999995,0.38170458731064905,1.9030285602295502,0.08692871045457398,0.16088379323670515,1.1581186184086742,5.466158188644394,0.8002295152691481,0.3482112381396448,0.31439431567329645,0.5801396145800419,60113097447.842766,0.07159558434998771,0.00033546262790250573,-2.8284271247461903,4.407993072862402,10.4812768578415,16.713471032887373,8.167015870646548,27.11637361211342,-2.1497059349087415,43535.17270833333,43535.17270833333,43535.17270833333,43535.17270833333,0,0,0
1975-12-09 18:02:42.000,12.01,126.28,25091.88625,4.6,5.0,5.3,4.4799999999999995,-0.0,0.0,0.0,0.0,,,,,,,60568461860.60536,1.0,,0.3464101615137754,7.601202965865766,10.4812768578415,16.580762189020497,7.079065571086827,26.80314914198698,-1.440825558049832,43535.17270833333,43535.17270833333,43535.17270833333,43535.17270833333,0,0,0
1975-12-12 08:12:43.200,12.13,126.15,25094.476541666663,4.3,6.0,5.3,4.416666666666667,-0.0,0.0,0.0,0.0,,,,,,,60766165761.46465,1.0,,1.788854381999832,7.602274730651041,10.4812768578415,16.218444855164297,6.393604506870399,26.62976003609034,-0.6656152434895763,43535.17270833333,43535.17270833333,43535.17270833333,43535.17270833333,0,0,0
1976-02-26 18:07:56.400,13.33,125.98,25170.88988888889,0.0,4.0,5.6,4.85,0.4525975459283635,2.411046771798227,0.12240639622360454,0.11778872190438561,1.085736204758131,5.487872912739552,0.7044146220839784,0.286064995770507,0.2728682170542651,0.5454822555520442,112742827979.31334,0.04387401326476311,0.0005530843701478286,1.921537845661046,5.320522872923015,13.9215697037073,39.52808554744395,24.693077566016154,68.87468589294083,-16.13329633677874,43535.17270833333,43535.17270833333,43535.17270833333,43535.17270833333,0,0,0
1976-06-07 09:48:19.400,14.27,124.94,25272.542932870372,4.7,3.0,4.8,4.566666666666667,1.2552725051033078,5.9298837735519445,0.4355663194183825,0.09948488590379352,2.0044360703226998,9.296639964139542,1.1106128044072874,0.1783482304306545,0.0760187533431873,0.16196733745524217,25408359855.17074,0.0001714677640603546,9.698214581498479e-07,-0.9999999999999999,6.539149811747721,12.5728429210955,27.370929930457667,15.121567154479536,21.466509976825915,-45.27794141173362,43535.17270833333,43535.17270833333,43535.17270833333,43535.17270833333,0,0,0
1976-06-07 23:39:06.500,14.1,125.21,25273.11986689815,4.5,6.0,4.8,4.5,-0.0,0.0,0.0,0.0,,,,,,,30624010937.984642,1.0,,-0.9999999999999999,10.480523440714762,5.56259690798075,22.109783154473877,12.96586509930092,20.248876463849687,-39.99944166391468,43535.17270833333,43535.17270833333,43535.17270833333,43535.17270833333,0,0,0
1976-06-08 06:03:20.700,14.02,124.73,25273.386697916663,4.6,5.0,4.5,4.38,,,,,,,,,,,21026796374.3782,,,-1.0,9.311630656989129,18.8788539003673,29.843808406929345,9.153378401849933,29.973231643035152,2.9155994641443947,15663.762531249997,15663.762531249997,43535.17270833333,43535.17270833333,0,0,0
1976-06-08 13:59:40.300,14.21,125.47,25273.717480324078,4.5,5.0,4.8,4.52,1.5051499783198858,7.274891561879446,0.5051860111029961,0.08689987451537597,2.1714724095162667,10.28980307943881,1.051478493147766,0.2631850594650878,-0.03333333333333233,0.06137056388801021,30760783867.761345,3.051757812500424e-05,3.059023205018097e-07,-1.5075567228888183,8.639623028847156,5.56259690798075,19.27495623034065,17.479186815086553,14.481530252565033,-12.22921996183377,43535.17270833333,43535.17270833333,43535.17270833333,43535.17270833333,0,0,0
1976-06-13 08:08:48.900,14.43,125.47,25278.473829861112,4.1,5.0,4.8,4.459999999999999,1.0110210668019608,4.930524392788849,0.3029021042214029,0.07509939628237475,1.4476482730108402,6.826947565274575,0.6210234409132719,0.187849348764802,-0.07677710651962322,0.08411169166403276,29783179417.903854,0.0009266949569199507,4.539992976248456e-05,-1.6984155512168935,8.639623028847156,5.56259690798075,21.31411921712977,18.008153906619434,14.569602750999398,3.4710494104617364,43535.17270833333,43535.17270833333,43535.17270833333,43535.17270833333,0,0,0
1976-06-13 11:27:39.400,14.42,124.91,25278.61191435185,4.2,9.0,4.8,4.477777777777778,1.5051499783198858,7.274891561879446,0.3449523091183711,0.08689987451537597,2.1714724095162667,10.28980307943881,0.7179730361252596,0.31787752165713073,-0.03333333333333233,0.06137056388801021,37096011465.00891,3.051757812500424e-05,3.059023205018097e-07,-1.5359763347691504,14.187408503055094,5.56259690798075,25.742025473301666,16.055248857468786,21.945089346292033,9.357841928637455,43535.17270833333,43535.17270833333,43535.17270833333,43535.17270833333,0,0,0
1976-06-14 19:10:49.400,14.2,125.2,25279.933557870372,4.2,11.0,4.8,4.427272727272728,1.5051499783198858,7.274891561879446,0.33761875214282827,0.08689987451537597,2.1714724095162667,10.28980307943881,0.702709198115927,0.27564611726486915,-0.03333333333333233,0.06137056388801021,38145202623.50208,3.051757812500424e-05,3.059023205018097e-07,-0.15369465587356793,15.165249753966622,5.56259690798075,24.042541526286012,11.3780579212145,20.34198649529913,0.992161368724091,43535.17270833333,43535.17270833333,43535.17270833333,43535.17270833333,0,0,0
1976-06-15 01:36:33.400,14.08,125.45,25280.201428240744,4.2,7.0,4.8,4.414285714285714,1.5051499783198858,7.274891561879446,0.5733749604207665,0.08689987451537597,2.1714724095162667,10.28980307943881,1.1934048571051419,0.4030983313244395,-0.03333333333333233,0.06137056388801021,32511560083.570107,3.051757812500424e-05,3.059023205018097e-07,0.2357022603955158,10.89430573446043,1.0938974056567898,15.867201871143635,12.087390524643489,14.898873592476042,0.09106903656303908,43535.17270833333,43535.17270833333,43535.17270833333,43535.17270833333,0,0,0
1976-06-21 10:07:17.700,13.88,125.4,25286.556107638888,0.0,6.0,4.7,4.250000000000001,0.9030899869919452,4.184316939729345,0.19822191445884813,0.08244045955542266,1.447648273010836,6.525917569610575,0.509349313716284,0.1366523839185119,0.0666666666666682,0.19205584583201674,21718953087.221718,0.0019531249999999777,4.539992976248595e-05,0.0,10.480523440714762,1.0938974056567898,13.43606507926634,10.514593317772723,11.097608149674409,-0.24848633282641439,43535.17270833333,43535.17270833333,43535.17270833333,43535.17270833333,0,0,0
1976-08-21 07:34:15.400,7.23,123.9,25347.44983101852,0.0,3.0,5.1,4.6000000000000005,0.5339115895416175,2.6207100155396814,0.17346647458893938,0.09057087550352115,0.9650988486738925,4.530536419150011,0.5667877445414155,0.18792238940735836,0.1914906758445607,0.4056244700993501,40936067166.89621,0.025018728335211404,0.0012726338013398116,-1.4411533842457844,8.672617004934883,9.61289957544718,21.48992819799623,10.3566311346699,26.499194796642414,15.573513943026773,1419.322675925927,43535.17270833333,43535.17270833333,43535.17270833333,0,0,0
1976-08-29 02:44:28.400,7.19,123.89,25355.248592592594,0.0,4.0,5.1,4.575,0.7621429541058556,3.747307112140922,0.2521611349485428,0.1302638511632224,1.0218693691841223,4.893911341901276,0.45331076754106764,0.1652377671718612,0.18319654212738268,0.3108248965240463,42445896577.549706,0.0051709595164216434,0.0008597890156869469,1.921537845661046,10.01427552475536,9.61289957544718,22.719271646965872,8.806343181773823,26.49027151556996,1.287980622266968,1427.1214375000018,43535.17270833333,43535.17270833333,43535.17270833333,0,0,0
1977-03-19 02:43:02.800,16.72,122.45,25557.247601851854,0.0,3.0,7.2,5.633333333333333,0.14482557006223418,0.9395271285914817,0.0390260612639314,0.09432951539272733,0.3670094213266919,2.1286636506897763,0.2506216902394595,0.2345133613864117,0.7126985642953123,1.3999754584094033,3020351826154.2124,0.3677251127620556,0.07924497559984324,-0.9999999999999999,8.672617004934883,9.018176366129738,17.88659547686298,9.69973229810776,16.390119367079667,61.47157230221812,0.2077384259282553,0.2077384259282553,0.2077384259282553,43535.17270833333,0,0,0
1977-03-19 03:26:42.400,17.21,122.73,25557.277921296296,5.8,3.0,4.9,4.6000000000000005,0.9396275030257872,4.498959764133851,0.31018991156371595,0.11210386476092969,1.7371779276130073,8.120704136216895,1.0602415843053512,0.20948738738186418,0.11197522460091225,0.22534692783297228,29491733863.86909,0.001517460834934295,6.144212353328218e-06,-0.9999999999999999,8.672617004934883,7.20947055500261,21.995971349552367,12.856488497931458,27.2286418232073,-248.22063715988457,43535.17270833333,43535.17270833333,43535.17270833333,43535.17270833333,1,0,0
1977-03-19 08:22:02.500,17.55,123.01,25557.483015046295,4.5,3.0,4.9,4.466666666666667,0.619110832143756,2.939355549281524,0.20570337939638406,0.08504274464741032,1.0423067565678037,4.750578956647657,0.5830364778023007,0.1680889961052082,0.15229507113677343,0.34224487972162176,27710253595.159683,0.013888888888888909,0.0007465858083766833,-0.9999999999999999,8.672617004934883,7.20947055500261,26.00199331836107,16.986385075385513,27.685628792477786,-61.35500974101856,43535.17270833333,43535.17270833333,43535.17270833333,43535.17270833333,0,0,0
1977-03-19 08:22:15.800,16.97,122.57,25557.483168981486,5.8,5.0,7.2,5.08,0.18123684174943533,1.168393546960035,0.04229317633715084,0.11299783531182234,0.40399486688674613,2.3392379189409707,0.21014982185189496,0.24051362368999785,0.7532227571292065,1.409733561796119,3020369566536.4175,0.28594958774049173,0.0613783768501916,-1.0,11.196300409382683,9.018176366129738,20.856737982244546,13.242118672154682,16.390273205979195,65.8961933561447,0.4433055555600731,0.4433055555600731,0.4433055555600731,43535.17270833333,1,0,0
1977-03-20 07:45:46.900,17.24,122.44,25558.457834490742,4.6,8.0,5.8,4.7875,0.43004285094854416,2.4189910365855614,0.0882171759875226,0.09122586483195352,0.9650988486738945,5.2230341239008435,0.4442968983172749,0.2389444523445133,0.17499999999999893,0.3880837687480243,178832225374.69684,0.051270959750477504,0.0012726338013397947,-1.5491933384829668,14.162324264449978,9.018176366129738,27.570047315880316,11.797489153280926,38.65784846494168,5.417467382973995,43535.17270833333,43535.17270833333,43535.17270833333,43535.17270833333,0,0,0
1977-03-20 10:39:07.600,16.45,122.33,25558.578212962962,4.2,4.0,7.2,5.4,0.1941247165793862,1.2540152524660444,0.05389616607941597,0.1187312867427141,0.41361379228881134,2.4219606773987326,0.24467310181765223,0.24589209129467862,0.7401566860589757,1.3443909208241145,3020417016476.571,0.2615928384492971,0.0574326192676173,-1.3333333333333333,10.01427552475536,2.57373238506062,9.587251428787265,5.670874044089365,16.385218273010306,-19.389344277395534,1.5383495370369928,1.5383495370369928,1.5383495370369928,43535.17270833333,0,0,0
1977-03-20 23:28:08.000,17.51,123.14,25559.112245370372,4.5,3.0,4.9,4.566666666666667,0.6816017924566597,3.2489685440434113,0.17808938466738372,0.1472428158827211,2.0044360703226998,9.296639964139542,1.5401428513374376,0.30948876486847327,0.13333333333333375,0.2619673374552427,28758410982.321835,0.009019752538805447,9.698214581498479e-07,-0.9999999999999999,8.672617004934883,7.20947055500261,14.984069755435208,13.466000823633628,24.414277402264062,-62.94237887178209,43535.17270833333,43535.17270833333,43535.17270833333,43535.17270833333,0,0,0
1977-03-21 00:30:25.700,17.13,122.85,25559.155505787036,4.5,11.0,5.8,4.627272727272727,0.6273923034039366,3.455143822186617,0.13488589201360876,0.1772111095755645,0.9240308125601108,4.949511742112529,0.2925910663688784,0.19100483036005572,0.2928495242281004,0.4435641811559723,173580449310.47314,0.013116654821738703,0.001690081166975568,-1.2375966910186265,16.606797231426484,7.20947055500261,24.711387290733953,12.699749118175431,41.126343382636506,0.49337181557328785,43535.17270833333,43535.17270833333,43535.17270833333,43535.17270833333,0,0,0
1977-03-21 06:28:37.800,16.73,122.33,25559.404256944446,0.0,8.0,7.2,4.875,0.2756746059181175,1.7719844463520575,0.06360377975150884,0.1591012437977867,0.4271749002327071,2.5722858313610137,0.1527217365170295,0.21330861595847014,0.772188339761759,1.1783778729514784,3020552472193.502,0.14892793998055578,0.05229682212785116,-1.9215378456610455,14.162324264449978,2.57373238506062,14.866520120286632,8.18829412251595,16.387714234287643,-0.04506905194263217,2.3643935185209557,2.3643935185209557,2.3643935185209557,43535.17270833333,0,0,0
1977-03-21 08:05:29.700,16.7,122.6,25559.471524305554,0.0,10.0,7.2,4.909999999999999,0.33708359578302205,2.2235036897329246,0.0807333769549725,0.10924593090878,0.43979188040835676,2.7502158847070417,0.1374270729776564,0.1508907916767443,0.6037024715845991,0.9465514775911652,3025117266883.2227,0.09744267834983156,0.04793186845644137,-2.085144140570748,15.833959887352426,2.57373238506062,17.55140039699575,11.802853328282751,16.60506944039953,-0.11051996814897148,2.4316608796289074,2.4316608796289074,2.4316608796289074,43535.17270833333,0,0,0
1977-03-21 20:41:20.200,16.98,122.59,25559.99641435185,4.5,16.0,7.2,4.731249999999999,0.34301451027556573,2.265242180478216,0.054779817563481485,0.12675476851501044,0.5514850563850819,3.384772740724812,0.14159994841381685,0.21815999620303228,0.5960747647135962,1.0624397859271308,3025293835447.3813,0.09353119199246547,0.02215872822045162,-1.7777777777777775,20.02855104951072,2.57373238506062,23.269283210907343,12.954335558747102,16.613807522583528,2.696708598302779,2.956550925922784,2.956550925922784,2.956550925922784,43535.17270833333,0,0,0
1977-03-22 00:58:32.700,16.29,122.48,25560.175031249997,4.2,5.0,7.2,4.78,0.07157220294557243,0.4484542182447081,0.007189876682276357,0.11076087264944218,0.37764737556804495,2.0632402321054513,0.20017305349229078,0.31804184036476313,0.9342403923805698,1.7365958680316735,3019979837993.5337,0.609934769532329,0.07363052096557716,-2.4999999999999996,11.196300409382683,10.3606622368536,16.313576713767723,5.668172734449082,16.396332379274842,3.370446922420141,3.1351678240716865,3.1351678240716865,3.1351678240716865,43535.17270833333,0,0,0
1977-03-23 23:15:54.700,16.73,122.73,25562.10375810185,0.0,15.0,7.2,4.699999999999998,0.30921097482502224,2.048693666757185,0.047746944619348336,0.1059804740692157,0.45715208621394965,2.835335638346417,0.10436555764561191,0.1777678323370657,0.5744471136042,0.9978285042333486,3025158908631.247,0.11813186910957688,0.04251515251442971,-2.0734905491284112,19.392561165855028,1.73892191066395,21.504397118749125,13.151517166692468,16.606461633981286,2.1720165147941923,5.06389467592453,5.06389467592453,5.06389467592453,43535.17270833333,0,0,0
1977-03-24 15:42:31.400,17.08,122.57,25562.788905092595,0.0,22.0,5.8,4.509090909090908,0.8603173286805973,4.788024280712897,0.1575694645773043,0.1281906002967805,1.0592548339103722,5.766646752596675,0.23886670960278727,0.14756286447838773,0.23458347159422743,0.35594011187244234,182660232673.44177,0.0026245086831167466,0.0006641030858712658,-2.8015439758548584,23.4855578722633,1.73892191066395,25.029488261584586,13.131135772443523,37.03399207654681,1.7436156720157856,43535.17270833333,43535.17270833333,43535.17270833333,43535.17270833333,0,0,0
1977-03-25 02:50:55.600,17.52,122.85,25563.253074074073,4.0,10.0,4.9,4.49,0.903089986991943,4.665964932791703,0.17339309766329908,0.0951940430328791,2.1714724095162667,10.590833075102791,1.0024861527690825,0.4677326315592843,-0.26666666666666394,0.02274112777602255,46480685637.1765,0.001953125000000008,3.059023205018097e-07,-1.9867985355975657,15.833959887352426,7.20947055500261,29.002739343571278,14.904407229579993,29.57061595825622,4.784469763642963,43535.17270833333,43535.17270833333,43535.17270833333,43535.17270833333,0,0,0
1977-03-25 18:12:28.000,17.62,122.49,25563.893032407406,0.0,6.0,4.9,4.6499999999999995,,,,,2.895296546021672,14.198453416568006,1.6321968790727606,0.43132887436302164,,-0.003972077083991721,43721252931.46943,,2.061153622438658e-09,-1.8665130505147656,12.264932589646444,12.919411575680801,28.309675750024187,8.785242628569213,30.43101782740107,-1.4154216517475449,43535.17270833333,43535.17270833333,43535.17270833333,43535.17270833333,0,0,0
1977-03-31 15:34:00.600,16.8,122.62,25569.782993055553,0.0,22.0,7.2,4.559090909090909,0.33262412152668985,2.1976053517887597,0.03992595568762674,0.1222148534587977,0.646057906963514,3.8615030907751375,0.15062280513457427,0.30721410806710014,0.5931269274696209,1.222976811901761,3025260012929.2446,0.10049110816244729,0.01152991960557742,2.449489742783178,23.4855578722633,1.73892191066395,22.553465848257318,13.615627130244897,16.609038082831564,0.33639344053375586,12.74312962962722,12.74312962962722,12.74312962962722,43535.17270833333,0,0,0
1977-04-02 19:06:08.600,16.71,122.69,25571.93030787037,0.0,14.0,5.8,4.364285714285715,0.26864123570626897,1.4605867386049727,0.020411408837862795,0.11146311513523798,0.7896263307331853,4.030439743018996,0.17634813550072356,0.26426794181405977,0.3630582930984909,0.6957632412325401,168552819593.9389,0.1563422266238451,0.004276820349208924,2.639648070384359,15.406874922312923,1.73892191066395,23.489421212426908,13.035191092632983,42.10004397477653,-0.7668182724027137,14.890444444445166,14.890444444445166,14.890444444445166,43535.17270833333,0,0,0
1977-04-04 06:31:04.800,16.53,122.58,25573.405958333336,0.0,11.0,4.7,4.300000000000001,1.5051499783199018,7.02403323215954,0.2896879999384403,0.08689987451537648,2.895296546021689,13.329864452761582,1.0719068750958785,0.34586038083029924,0.03333333333333499,0.09602792291600881,28732581004.723347,3.0517578125000874e-05,2.0611536224384135e-09,1.2064184782049947,11.914011974086701,1.73892191066395,22.85197030249829,11.156585010652407,18.733210766878027,0.3465172245671535,16.366094907411025,16.366094907411025,16.366094907411025,43535.17270833333,0,0,0
1977-05-24 05:20:25.000,16.65,122.5,25623.356886574074,0.0,4.0,5.1,4.4,0.5395874521693793,2.620312176790639,0.16629406763561397,0.1036502240681628,0.9650988486738925,4.4624553860235325,0.5319816693137795,0.20953956895218045,0.2438600615047113,0.4761675374960488,40454602787.09058,0.024056788137996665,0.0012726338013398116,-2.8284271247461903,2.792055429197538,18.2320659743797,29.745025283012726,9.876520759000265,35.30419472038361,-0.19335185056212595,66.31702314814902,66.31702314814902,66.31702314814902,43535.17270833333,0,0,0
1977-07-21 18:55:26.900,17.38,122.47,25681.92288078704,4.5,3.0,6.9,5.233333333333333,0.08013593535791923,0.48873091378388944,0.012337893696821773,0.10010758092205549,0.4416554053253408,2.376239497618628,0.3747602355528668,0.32829991199522107,0.8012265645740433,1.5196979161430253,1621865850964.2366,0.5748998481390664,0.047318806710871575,-0.44721359549995787,2.9650961789828814,15.550000951100799,29.855593194740766,14.261307770815648,15.557204721241773,-1.8536996444850877,0.21500115740855108,0.21500115740855108,43535.17270833333,43535.17270833333,0,0,0
1977-07-21 22:08:37.700,17.01,122.72,25682.05703356481,0.0,4.0,6.9,5.1,0.14969559623584475,0.9182346904798141,0.03120912552988894,0.13292709936695674,0.5109346845920612,2.7990791350738253,0.3635752592004227,0.3412753556569437,0.7659872864052772,1.4216497930480934,1621954759441.2969,0.3555602568815714,0.029322159123893774,-0.6324555320336758,2.55204276275345,15.550000951100799,27.791220875688424,12.354613113163952,15.560229686068013,-1.876569892893424,0.3491539351816755,0.3491539351816755,43535.17270833333,43535.17270833333,0,0,0
1977-07-24 06:29:10.900,17.47,122.49,25684.404640046298,5.1,3.0,6.9,5.366666666666667,0.09266988435061198,0.5713855906403931,0.015185868663324073,0.10219616038920702,0.4737757984399109,2.609112347699262,0.39692471518485367,0.32860649999982666,0.7341825432889983,1.392938735387565,1621937818656.0935,0.5272181428290262,0.037902914400958554,-0.9999999999999999,3.259718258647996,15.550000951100799,22.364227813453038,7.227805723636848,15.556642940244338,-4.151472619857416,2.69676041666753,2.69676041666753,43535.17270833333,43535.17270833333,1,0,0
1977-07-28 01:26:25.300,17.32,122.7,25688.194390046297,0.0,5.0,6.9,5.1,0.10837849525229179,0.6755161962044935,0.012320993750261858,0.1043111902861195,0.5109346845920612,2.87851427230235,0.2738358312434269,0.3092986609954934,0.6670642627767158,1.2661795546321075,1622180283931.4976,0.47300367417565037,0.029322159123893774,-1.2632278815997788,4.087388944035704,15.550000951100799,26.28280522448744,8.175879874060175,15.58102706392113,1.0262879491818686,6.486510416667443,6.486510416667443,43535.17270833333,43535.17270833333,0,0,0
1977-12-30 13:18:18.600,8.48,126.97,25843.688756944444,5.0,3.0,5.1,4.466666666666666,0.3263387505685669,1.571899275377557,0.0778869271981655,0.12085936312260563,1.042306756567806,4.750578956647667,0.7945447886166818,0.2805362917313444,0.2832282478286752,0.542244879721621,39671871434.34761,0.10495031545278653,0.0007465858083766711,-2.1213203435596424,4.308100197271101,4.499275461946789,11.20152507781313,5.919350626837322,5.197816587260399,-5.2108898733286235,3206.8745497685195,14748.719243055555,43535.17270833333,43535.17270833333,1,0,0
1978-01-02 14:25:36.300,8.47,127.04,25846.735489583334,4.6,5.0,5.1,4.5,0.20068666377598707,1.2108095381151223,0.02091943499432951,0.0839532547199264,0.5428681023790649,2.6353628358939605,0.1530740499516593,0.23044998448650073,-0.9333333333333353,0.2454822555520435,50969066229.36704,0.2500000000000007,0.02351774585600909,-2.5,7.601202965865766,4.499275461946789,16.715009061397637,9.607577522864313,15.47847627033988,6.15983930282345,3209.9212824074093,14751.765975694445,43535.17270833333,43535.17270833333,0,0,0
1978-01-04 06:54:04.700,8.44,126.31,25848.421929398144,0.0,3.0,4.2,4.1000000000000005,2.385606273598329,10.04036947188103,0.75572666320485,0.03606670660650584,2.895296546021672,12.05830743880635,1.113149032428996,0.10784163513291282,-0.00872865023809588,0.03520815669978283,8726114060.211233,6.969171937624824e-08,2.061153622438658e-09,-1.4411533842457844,7.410849195313975,9.5566976301492,13.522080002494265,3.4404862234248608,12.831855771824102,-2.583562406241767,5777.4826238425885,5777.4826238425885,19485.159116898143,43535.17270833333,0,0,0
1978-01-06 07:55:38.400,8.52,126.97,25850.464680555557,0.0,6.0,5.1,4.433333333333334,0.20068666377598707,1.2108095381151223,0.018162752179253484,0.0839532547199264,0.5428681023790649,2.6353628358939605,0.1329025394376224,0.24859076602264066,-0.9333333333333353,0.2454822555520435,51203847916.77094,0.2500000000000007,0.02351774585600909,0.0,7.944644274971296,4.499275461946789,15.870133770955414,8.838966128720998,15.412872825149945,1.0260087891898333,3213.650473379632,14755.495166666668,43535.17270833333,43535.17270833333,0,0,0
1979-12-08 00:46:31.900,7.43,127.51,26551.16668865741,4.5,3.0,4.9,4.6000000000000005,0.09604977766673511,0.7460606321865205,0.006365636254982185,0.04748828105452778,0.6681453567742331,3.149702681816595,0.30802857026748753,0.2339216607596923,-2.8674373674776703,0.18590201236572845,36568235231.41093,0.5150515126680099,0.009898375607203939,-0.9999999999999999,8.672617004934883,8.75867135646396,21.015058471383387,11.509251546785467,16.0728072922476,153.64113828681351,13345.068702546298,13345.068702546298,13345.068702546298,13345.068702546298,0,0,0
1979-12-08 23:42:34.300,7.72,127.47,26552.122271990742,4.4,3.0,4.9,4.333333333333333,0.38795765224998907,1.8042266775508158,0.09859086032377531,0.12181047332156644,1.1329421267041366,5.008889761536209,0.840782110788485,0.28157465256596004,0.24942366238410418,0.47886528934389183,26467540670.08115,0.068568878021205,0.00039918445425918335,-1.4411533842457844,8.672617004934883,22.6936899903823,26.139842533232997,4.7769335542535005,23.134510451450566,-2.89547473715693,13346.02428587963,13346.02428587963,13346.02428587963,13346.02428587963,0,0,0
1979-12-08 23:51:52.200,7.75,127.17,26552.128729166663,4.4,3.0,4.9,4.366666666666667,0.47917886305725543,2.2402640652095487,0.1440918071411597,0.10697319305497387,1.0423067565678037,4.646348280990877,0.6817656070974014,0.22712642458172724,0.22478529850790352,0.4422448797216205,26699254398.001774,0.036514336274690216,0.0007465858083766833,-1.4411533842457844,8.672617004934883,22.6936899903823,26.331618305889133,4.666352990807681,23.202659334341185,-1.4635789316973251,13346.030743055551,13346.030743055551,13346.030743055551,13346.030743055551,0,0,0
1979-12-09 22:48:22.600,7.19,127.5,26553.084636574073,4.5,4.0,4.9,4.475,0.23890356208276323,1.4118629724042435,0.03232205479575036,0.07584774094246896,0.8272275845776234,3.910970329638456,0.3875285716401392,0.23064725986965526,-1.009761077212957,0.17219546041205813,36894771406.393005,0.19199473251568366,0.003298505755939073,-1.3333333333333333,10.01427552475536,8.75867135646396,21.79454973904074,9.525702458272498,16.314089163220626,17.33478680063742,13346.98665046296,13346.98665046296,13346.98665046296,13346.98665046296,0,0,0
1979-12-10 19:35:47.400,7.54,127.46,26553.950895833335,4.3,7.0,4.9,4.385714285714285,0.2515589415081158,1.5001276168526667,0.02044314386539996,0.05434294234266837,1.1329421267041366,5.462066612217864,0.4146518610433005,0.1776765123778521,-1.0633245706126866,0.07886528934389148,38948891450.13355,0.17592322403758834,0.00039918445425918335,-2.2912878474779204,13.247641299491772,8.75867135646396,20.428061655797624,8.229057113845693,16.73398889994315,-0.8970278160218064,13347.852909722224,13347.852909722224,13347.852909722224,13347.852909722224,0,0,0
1979-12-10 19:54:28.000,7.27,127.84,26553.96386574074,0.0,3.0,4.4,4.166666666666667,1.2552725051033025,5.427774771510599,0.43556631941837975,0.0994848859037934,2.0044360703226998,8.494865536010462,1.11061280440729,0.17834823043065492,0.0760187533431873,0.16196733745524305,11091151348.037493,0.00017146776406036092,9.698214581498479e-07,-2.1213203435596424,8.672617004934883,21.0686790691913,25.598172226169336,5.412887387027264,23.391723226959275,-3.6208949076573878,16705.902337962965,16705.902337962965,16705.902337962965,43535.17270833333,0,0,0
1979-12-10 20:16:20.100,7.58,127.1,26553.979052083334,4.3,9.0,4.9,4.377777777777778,0.5809782158534138,3.082098908502299,0.08560973228073182,0.07016788806506323,1.3362907135484663,6.4817391309412145,0.45290315125416114,0.17066454046091586,-0.4050163059469014,0.04945433263603505,40978244128.44838,0.01807446089228587,9.797783966128993e-05,-2.4647515087732472,15.021413287133042,2.01611344425089,22.21845125364637,15.015061369596243,19.64729592074421,0.4446568000908901,7770.094167824074,13347.881065972222,13347.881065972222,13347.881065972222,0,0,0
1979-12-20 09:08:49.300,6.85,127.34,26563.51550115741,0.0,3.0,4.9,4.5,0.6842962795654133,3.2484457277785816,0.22419568125690362,0.09756609539998758,1.240841376866435,5.68865503755869,0.7371763923041442,0.19440098754961127,0.15286659480068732,0.3154856989661621,27931660004.283173,0.008853421915680924,0.0001894418252328926,2.1213203435596424,6.539149811747721,2.01611344425089,10.614487956635385,9.660906047740507,10.012176557670802,-0.5928070559856572,43535.17270833333,43535.17270833333,43535.17270833333,43535.17270833333,0,0,0
1980-01-04 04:44:00.900,6.07,126.36,26578.33160763889,5.3,3.0,5.5,4.633333333333334,0.2823238036375617,1.4461156446143917,0.08221306919406046,0.09745333460381114,0.6355529003462219,3.0193328561045503,0.416628791221328,0.2223820795711107,0.3778118388102021,0.7492816027434577,89678914223.34282,0.14224224204108546,0.012397705021160662,-1.4411533842457844,5.887866499588108,23.7273123738131,40.46665367656593,24.787592745729636,24.739344816916994,-14.219389917070046,2589.183436342595,10717.901677083335,10717.901677083335,43535.17270833333,1,0,0
1980-01-04 08:26:05.800,5.89,126.75,26578.48583101852,4.3,3.0,5.7,5.033333333333334,0.3744979374782184,2.0543075291723984,0.12117340230244304,0.07839884009539388,0.6355529003462219,3.273554016243039,0.34898909106624554,0.1692477250758964,0.21450242154703147,0.5492816027434575,138853105702.42917,0.07524994512546751,0.012397705021160662,-1.4411533842457844,6.539149811747721,49.1375931349163,57.3398904117491,10.33125178900734,53.70333944309917,-9.142962299820743,6815.918886574076,15887.563111111112,15887.563111111112,43535.17270833333,0,0,0
1980-01-05 08:44:43.400,5.98,126.4,26579.498766203706,4.3,5.0,5.5,4.88,0.474060142759433,2.7105874988790157,0.13014855507653286,0.08993457979508297,0.6204206884332175,3.3319110204341196,0.22291793305699625,0.13920033413887772,-0.2178135312137668,0.12959394721607698,111938085718.64812,0.037828539284630286,0.013763786733050341,-1.5075567228888183,9.311630656989129,23.7273123738131,50.714463500572776,18.80707695973917,33.08318582649257,6.183743608474439,6070.73094212963,10719.06883564815,10719.06883564815,43535.17270833333,0,0,0
1980-01-05 09:38:37.200,6.21,126.64,26579.53619444444,4.3,5.0,5.7,4.66,0.40744896881068987,2.227027550284862,0.11806012213681574,0.07762606534466208,0.6433992324492621,3.3043367676148634,0.2943864789081238,0.15648448340055415,0.23421723759573432,0.5642513062440742,139040791498.7958,0.05993121654904724,0.011743628457021352,-1.986798535597566,11.196300409382683,49.1375931349163,59.54397485939664,8.73129721210639,53.78624972925082,-1.2436905840191719,1639.6314953703659,15888.613474537035,15888.613474537035,20353.719180555552,0,0,0
1980-01-05 19:15:26.700,5.62,126.6,26579.93676736111,4.3,5.0,5.7,4.4799999999999995,0.21149321642250718,1.1143402491693868,0.032107034788815804,0.11075901894204501,0.7042613220052737,3.4350188071418124,0.35602048680818627,0.2705006474806178,0.4310827835573159,0.8225224219879994,135485534393.16638,0.2320172904684862,0.0077128704008256055,-1.986798535597566,8.078943075289343,53.9392723872578,61.802980228339536,6.5559817589378016,54.216840871912744,-0.6724426167379759,6817.369822916666,43535.17270833333,43535.17270833333,43535.17270833333,0,0,0
1980-01-07 09:37:41.800,6.04,126.58,26581.53555324074,4.3,9.0,5.7,4.566666666666666,0.49484960089753394,2.812037838552596,0.11496579949534537,0.08087816597091461,0.629412292613408,3.4054428625736732,0.18599131127168939,0.12069982320577605,0.017388892600378902,0.2894878404204704,151336185200.04788,0.03276809524566999,0.012934901388949826,-2.4647515087732472,13.466946939030386,34.4313685486104,58.78807165938003,16.925909811087738,52.1278208029128,2.0426383866633087,2592.387381944445,15890.612833333334,15890.612833333334,43535.17270833333,0,0,0
1980-01-07 19:32:22.200,5.82,126.82,26581.94852083333,4.3,7.0,5.7,4.414285714285714,0.08600857018970905,0.45584542200545775,0.0037392267245283744,0.07195993261707975,0.6204206884332167,3.030881024770135,0.19456776293451328,0.2647606334890911,0.40000000000000213,0.814796973608038,135821912527.63545,0.5520447568369057,0.013763786733050419,-2.2912878474779204,10.327096646634287,34.4313685486104,60.90756986036511,18.278939180756286,54.39267516848103,-1.1203992389870796,6819.381576388889,16058.108381944443,16058.108381944443,43535.17270833333,0,0,0
1980-01-10 11:33:47.000,6.15,126.26,26584.61616898148,0.0,9.0,5.5,4.5,0.42653156925593727,2.4646758798694073,0.08310422788401753,0.09077324703280133,0.6116823688778195,3.2680359536228605,0.17091204986119923,0.14951942271470992,-0.27841373891482313,0.15729908217178856,112167674785.83359,0.05252974495885585,0.014620185850393897,-1.3693063937629155,13.466946939030386,21.3524362264455,41.06481205626274,14.555685106918098,32.59577415077235,7.335847766491588,2595.467997685184,10724.186238425924,10724.186238425924,20358.79915509259,0,0,0
1980-03-22 09:00:15.600,5.36,125.5,26656.509555555553,0.0,3.0,4.7,4.366666666666666,0.8337334825539061,3.822596072672562,0.2819941396631987,0.08932670334796952,1.3714562586418488,6.100091915151243,0.7630438887732105,0.17006372367772501,0.11508629236872814,0.25210610858843197,19166261160.9207,0.0031535487739365615,7.684776196487846e-05,1.4411533842457844,6.539149811747721,32.3940621387581,41.97544611970813,15.010155715678717,36.205013156913274,-13.120224790238762,20084.941013888885,20084.941013888885,43535.17270833333,43535.17270833333,0,0,0
1980-06-09 22:10:30.500,9.66,126.83,26736.058339120365,5.4,3.0,4.7,4.3,0.6842962795654144,3.1115864718655057,0.2241956812569043,0.09756609539998752,1.240841376866435,5.440486762185403,0.7371763923041442,0.19440098754961124,0.15286659480068465,0.3154856989661621,18454264756.805725,0.00885342191568085,0.0001894418252328926,-0.9999999999999999,4.607707969367495,17.5877133001182,25.951734789979998,7.247472710952534,29.094602704191736,-39.49796210277108,10309.467633101845,10309.467633101845,10309.467633101845,10309.467633101845,1,0,0
1980-06-12 07:31:49.100,9.71,127.07,26738.448137731484,5.4,3.0,4.7,4.3,0.6842962795654144,3.1115864718655057,0.2241956812569043,0.09756609539998752,1.240841376866435,5.440486762185403,0.7371763923041442,0.19440098754961124,0.15286659480068465,0.3154856989661621,18454264756.805725,0.00885342191568085,0.0001894418252328926,-0.9999999999999999,8.672617004934883,14.7530034274722,20.7443919838523,8.048244882442207,26.901914363265167,-38.39313007476036,43535.17270833333,43535.17270833333,43535.17270833333,43535.17270833333,1,0,0
1980-06-12 08:14:44.200,9.69,126.69,26738.477942129626,5.4,6.0,4.7,4.216666666666667,-0.0,0.0,0.0,0.0,,,,,,,20712904928.88227,1.0,,-1.4411533842457844,7.292928985449754,14.7530034274722,28.389550666941545,14.410135387099851,28.3008732386759,5.36880113760292,10311.887236111106,10311.887236111106,10311.887236111106,10311.887236111106,1,0,0
1980-06-15 06:48:53.000,9.85,126.51,26741.418321759258,4.4,5.0,4.7,4.24,-0.0,0.0,0.0,0.0,,,,,,,20021389122.173546,1.0,,-1.6984155512168935,5.948525409849168,14.7530034274722,30.57003380770202,14.972582340615475,29.09554160078384,4.5975384976598175,10314.827615740738,10314.827615740738,10314.827615740738,10314.827615740738,0,0,0
1980-06-15 08:20:10.000,9.95,127.13,26741.481712962963,5.4,4.0,4.6,4.25,1.15626562076531,5.194271097971871,0.386927181110974,0.12741565632166107,1.4476482730108402,6.392653083371323,0.6065130176822618,0.15385152036415461,0.10771811884030313,0.1841116916640324,16703610827.45157,0.0003397841667012663,4.539992976248456e-05,-1.921537845661046,10.01427552475536,14.7530034274722,27.333574478004323,18.158936292353292,40.391681099599836,9.09127083161466,43535.17270833333,43535.17270833333,43535.17270833333,43535.17270833333,1,0,0
1980-06-16 07:22:24.700,9.63,126.36,26742.44160532408,4.8,5.0,4.7,4.2,0.4300428509485442,1.9638623526650185,0.05545947593236708,0.09289987354005257,1.4476482730108402,6.38115274230951,0.6284611125015949,0.21081468466548026,0.13333333333333375,0.2920558458320164,19503772681.947662,0.051270959750477504,4.539992976248456e-05,-2.5,5.709706237583095,22.9968315069104,35.78963829889546,12.40979331592462,31.523533426090502,1.9833508531092765,10315.850899305558,10315.850899305558,10315.850899305558,10315.850899305558,0,0,0
1980-06-18 17:14:47.800,9.66,127.0,26744.8529837963,4.8,8.0,4.7,4.2875,0.9030899869919468,4.3348319375613436,0.16025986017183133,0.0951940430328791,1.4476482730108402,6.670682396911679,0.4118023479777083,0.15643114394051122,-0.09999999999999876,0.0920558458320162,26127839310.601,0.0019531249999999577,4.539992976248456e-05,0.0,13.285795734172117,14.7530034274722,28.24587747341585,12.268469062960026,34.39585554579836,2.638924395873461,43535.17270833333,43535.17270833333,43535.17270833333,43535.17270833333,0,0,0
1980-06-19 01:33:14.700,9.52,126.21,26745.199128472224,0.0,4.0,4.7,4.275,0.7884118934056643,3.6553642330626253,0.2432881475895523,0.08952055811330686,1.3362907135484663,5.947222845521828,0.698902377913728,0.18861220431071954,0.06363636363636438,0.24945433263603523,20081767633.157993,0.004312849662788349,9.797783966128993e-05,-1.1547005383792517,5.617321208040141,29.8924592239665,46.20764480136083,13.410028910975294,38.77497030217613,2.882575720343535,10318.608422453704,10318.608422453704,10318.608422453704,10318.608422453704,0,0,0
1980-06-21 06:59:58.300,9.54,127.24,26747.426021990745,4.1,6.0,5.4,4.45,0.32839635890616176,1.6912412483667316,0.05113508327103262,0.0889301543898756,0.6681453567742341,3.2408695654706117,0.2116723884868077,0.1921199359399514,0.25000000000000444,0.5494543326360359,74713046414.65517,0.10346915998560104,0.009898375607203868,0.6928203230275508,12.264932589646444,14.7530034274722,27.024465048365446,14.746732772537028,21.633910411194222,0.7686458989110718,43535.17270833333,43535.17270833333,43535.17270833333,43535.17270833333,0,0,0
1980-06-22 05:46:40.800,9.38,126.71,26748.375125000002,0.0,7.0,5.4,4.428571428571429,0.4631705667794677,2.3950095264659,0.09054274873483738,0.09504836453090836,0.8985403073860382,4.430698607218231,0.3407586552338211,0.17208563116811879,0.2290981805710235,0.4690040604770802,75710679576.85675,0.04078385740341267,0.00201548271450704,0.7205766921228922,10.89430573446043,14.7530034274722,27.757626206807487,15.098416269389071,21.419266131182198,1.3688998558136996,10321.784418981482,10321.784418981482,10321.784418981482,10321.784418981482,0,0,0
1980-06-22 22:52:45.300,9.63,127.4,26749.08767708333,4.1,5.0,5.4,4.5,0.478419570469336,2.448896340794317,0.1289499965426422,0.10921896972977367,0.9143041724278993,4.44213751552514,0.4709609128232327,0.21248692711046696,0.2812789192718075,0.5415101784680525,74469668315.90862,0.03670635737384931,0.0018075381933252185,0.5222329678670935,11.196300409382683,19.4440930795981,35.34149346174212,14.974286875862933,21.942131382040994,0.18434308061825838,43535.17270833333,43535.17270833333,43535.17270833333,43535.17270833333,0,0,0
1980-06-22 23:12:33.300,9.47,127.63,26749.10142708333,4.0,3.0,4.6,4.2,0.5112013443424969,2.266325959918402,0.1202103346504849,0.14256724344061572,1.7371779276130073,7.425832965171692,1.3881820900054775,0.32427033635682245,0.16666666666666785,0.3253469278329719,14907848122.567753,0.029268196826665423,6.144212353328218e-06,-0.6123724356957945,7.410849195313975,46.9013937461083,53.712181135084926,6.626613725529024,53.98112487373361,0.1350089766308642,43535.17270833333,43535.17270833333,43535.17270833333,43535.17270833333,0,0,0
1980-06-24 11:53:23.600,9.32,127.58,26750.629787037036,0.0,4.0,4.6,4.175,0.8600857018970895,3.827381373442047,0.24434770853517315,0.14688759736408788,1.930197697347789,8.322850780719119,1.2306325587713864,0.29686275581784527,0.15000000000000124,0.28808376874802466,15691789726.979593,0.002628711313735063,1.6195967923125758e-06,-0.8660254037844386,8.01355519627422,46.9013937461083,59.434643723740045,12.659422786702253,56.79491376724662,1.102252294322544,43535.17270833333,43535.17270833333,43535.17270833333,43535.17270833333,0,0,0
1980-11-04 20:04:04.500,11.49,125.57,26883.97053819444,0.0,5.0,4.6,4.26,0.903089986991945,4.094007941030149,0.1739558810244845,0.09519404303287896,2.1714724095162667,9.638361356583928,1.0057399300774041,0.18923287190243337,0.06666666666666732,0.16137056388801074,18159973101.287582,0.0019531249999999816,3.059023205018097e-07,-0.34641016151377546,10.13924389296033,18.1799028646878,32.220192488389,9.905738361268995,34.757835826262536,0.7686580148930082,16598.91686921296,43535.17270833333,43535.17270833333,43535.17270833333,0,0,0
1981-04-11 02:52:24.300,10.25,126.67,27041.25410069445,4.0,3.0,4.9,4.6000000000000005,0.8337334825539037,4.032347054278186,0.2769127479729749,0.0738581999191831,1.240841376866432,5.812739175245319,0.6133678341955704,0.14840766156522572,0.06350591807078931,0.21548569896616154,30103049798.810806,0.003153548773936613,0.00018944182523289666,-1.4411533842457844,5.887866499588108,33.0894855043996,38.24363511728586,8.643995648766834,43.38880299323373,1.5877935841693207,8825.16773495371,8825.16773495371,43535.17270833333,43535.17270833333,0,0,0
1981-05-02 11:54:35.000,13.28,120.27,27062.630613425925,0.0,3.0,4.3,4.2,0.5282737771670423,2.537388985671125,0.06418683223773673,0.05568494546627045,1.7371779276130073,7.425832965171692,0.6940910450027388,0.22243529222444586,-0.5031704304504832,0.0253469278329721,11214147613.445116,0.026012294873749182,6.144212353328218e-06,-0.6123724356957945,8.672617004934883,9.34970469457835,20.96995756973305,14.868689959207938,22.37699538786674,2.1237634141071875,3293.6836307870362,3293.6836307870362,3293.6836307870362,14268.843182870369,0,0,0
1982-01-11 06:49:19.500,14.19,124.37,27316.418628472227,5.2,3.0,5.4,4.933333333333334,0.5689391661997595,2.9646048583374207,0.17895338471467145,0.10323769287842237,1.132942126704134,5.688655037558679,0.7096164988462447,0.20326289284601276,0.18924103935477365,0.3788652893438913,76649439049.05122,0.01964185503295963,0.00039918445425919067,-0.9999999999999999,7.410849195313975,65.2276360785217,76.48329692125151,12.430202882184128,74.24563453119839,-589.1861976104406,16045.870943287042,16045.870943287042,43535.17270833333,43535.17270833333,1,0,0
1982-01-12 14:55:30.500,14.12,124.2,27317.756255787033,5.2,4.0,5.4,4.9,0.7989743731516937,4.167794365843721,0.25430456881106966,0.14388791986945013,1.240841376866432,6.309930324913549,0.6133678341955704,0.19402635355574077,0.18356940360536278,0.31479697360803804,79445908256.96657,0.004009376869372399,0.00018944182523289666,-0.9999999999999998,10.01427552475536,65.2276360785217,79.28165511692558,11.590076077979706,75.53158735711781,12.67531953896275,16047.208570601848,16047.208570601848,43535.17270833333,43535.17270833333,1,0,0
1982-01-13 10:22:18.600,14.28,124.52,27318.56653472222,5.2,5.0,5.4,4.74,-0.0,0.0,0.0,0.0,,,,,,,79596737797.25235,1.0,,-1.2632278815997786,10.13924389296033,65.2276360785217,84.94407253094606,16.157420972204388,75.80286631224436,20.957080898399823,43535.17270833333,43535.17270833333,43535.17270833333,43535.17270833333,1,0,0
1982-01-14 12:59:01.100,14.18,124.78,27319.675359953708,5.2,5.0,5.4,4.720000000000001,-0.0,0.0,0.0,0.0,,,,,,,79545592402.71559,1.0,,-1.2632278815997786,10.13924389296033,65.2276360785217,77.22132728319002,11.044100304341015,75.4922465395805,-4.764735814053882,43535.17270833333,43535.17270833333,43535.17270833333,43535.17270833333,1,0,0
1982-01-15 00:35:28.300,14.08,124.36,27320.159008101855,5.2,7.0,5.4,4.614285714285715,0.5112013443424959,2.6752870353923948,0.10690047121708275,0.14256724344061572,1.7371779276130073,8.815575307262097,1.2344805460210262,0.5320335002307779,0.16666666666666785,0.3253469278329728,80882851530.3799,0.029268196826665618,6.144212353328218e-06,-1.8708286933869707,12.32142385258237,45.5224676127266,77.0318351736721,20.062147387601215,74.39659364331918,-7.454348863692802,16049.61132291667,16049.61132291667,43535.17270833333,43535.17270833333,1,0,0
1982-01-16 14:10:51.700,14.11,124.55,27321.725251157404,5.2,8.0,5.4,4.5375,0.7943143594197811,4.154946812224134,0.24975208229988927,0.13757859644063578,0.629412292613408,3.3425016333123327,0.15681757422738685,0.1436008390954501,0.16914050092311417,0.0894878404204702,80980766874.67282,0.004140539401339546,0.012934901388949826,-2.065591117977289,13.285795734172117,45.5224676127266,78.8627162983158,19.282329385051327,74.49429469294303,-2.49703935003715,43535.17270833333,43535.17270833333,43535.17270833333,43535.17270833333,1,0,0
1982-01-22 04:10:59.300,14.1,124.9,27327.3086724537,0.0,5.0,5.4,4.6,0.5820377752586274,3.0332124752056084,0.19085599460052077,0.08778800244464766,0.7238241365054201,3.642121364650727,0.29516821098817164,0.12052438250611994,0.18863296483152503,0.3682233833280666,76988916370.70763,0.017942653661129498,0.006737946999085445,1.299038105676658,9.311630656989129,45.5224676127266,65.00659643867148,11.384815739319759,71.86265727790949,-1.1604775343044547,43535.17270833333,43535.17270833333,43535.17270833333,43535.17270833333,0,0,0
1982-01-24 06:08:52.200,14.27,124.46,27329.39053472222,0.0,9.0,5.4,4.5,0.8204180669080094,4.286335473248217,0.24204067366401452,0.13313555172648225,0.7445048261198607,3.9050715200870583,0.1993209536469285,0.127528476742476,0.17542530309875737,0.15480697628363593,81204632928.71365,0.003457369522529152,0.005840977343195231,2.464751508773248,14.187408503055094,45.5224676127266,77.97851165585628,18.230978000292104,74.4542586695969,-2.26794938198384,43535.17270833333,43535.17270833333,43535.17270833333,43535.17270833333,0,0,0
1982-03-12 06:06:49.500,14.0,123.61,27376.38911458334,4.3,4.0,4.7,4.375,1.2041199826559232,5.559020586594848,0.39398904476455987,0.0983159848865315,1.930197697347789,8.708890320188676,1.0123908353444315,0.18980282659466974,0.08333333333333215,0.1880837687480259,21075937425.81688,0.0002441406250000026,1.6195967923125758e-06,-0.6324555320336758,8.867725110565202,69.24734608775951,81.2894196426886,16.033048663507323,77.52970789287656,-2.7175698036395826,9265.806753472229,9265.806753472229,43535.17270833333,43535.17270833333,0,0,0
1982-03-12 06:21:36.800,14.15,123.95,27376.39938425926,4.3,5.0,4.7,4.36,1.2041199826559263,5.629260918916456,0.34333675329718627,0.07772561066103302,1.7371779276130135,7.944612877161241,0.7146104683519415,0.15067463100836676,0.024999999999999467,0.12671320486001392,22873983210.69392,0.00024414062499999737,6.144212353327941e-06,-0.7276068751089989,7.601202965865766,74.9308817219316,82.1859697138908,12.756183712302501,78.92187670154924,-2.440391917475927,9265.817023148149,9265.817023148149,43535.17270833333,43535.17270833333,0,0,0
1982-03-19 04:18:18.800,14.06,123.93,27383.31375925926,4.2,6.0,4.7,4.333333333333333,1.7323937598229695,8.076929419790421,0.7054459256529846,0.0748876957464458,2.3688789921995523,10.900188820397693,1.3190348227551714,0.3453285899344324,0.03770577618809412,0.09858774707751294,24206127560.619358,6.350657928161307e-06,7.822814343740164e-08,-0.7844645405527361,8.326700657159703,69.24734608775951,81.30862735407743,15.63016988725046,76.72491557821316,65.66456706362423,9272.73139814815,9272.73139814815,43535.17270833333,43535.17270833333,0,0,0
1982-03-21 00:58:26.100,14.03,123.55,27385.17495486111,0.0,8.0,4.7,4.324999999999999,1.7323937598229695,8.076929419790421,0.5177049539901899,0.0748876957464458,2.3688789921995523,10.900188820397693,0.9679988747455532,0.25611161293172696,0.03770577618809412,0.09858774707751294,26378870071.56489,6.350657928161307e-06,7.822814343740164e-08,1.0,13.285795734172117,68.8932442695107,82.42232094044641,16.126654947871987,78.3447774255884,3.3712484514574657,9274.59259375,9274.59259375,43535.17270833333,43535.17270833333,0,0,0
1982-09-25 12:46:59.300,5.65,126.52,27573.667005787032,4.7,3.0,5.2,4.6000000000000005,0.405394366114159,2.04045264017925,0.13094046437629128,0.07703687050994541,0.6681453567742331,3.149702681816595,0.35568075592405884,0.16465160544485088,0.16674643079608398,0.4859020123657283,49972619067.73257,0.060787866589700215,0.009898375607203939,-0.9999999999999999,3.817433980804671,59.2707412352781,70.70628597348697,12.883935023848181,67.42899307740998,41.73870992376069,7064.899181712957,23416.80333680555,23416.80333680555,43535.17270833333,0,0,0
1982-10-04 08:52:27.300,5.86,126.91,27582.504135416664,0.0,4.0,5.2,4.45,0.4465829606004117,2.239530846862805,0.13175257361105117,0.08994991577134964,0.8685889638065036,4.076415846553977,0.4984061863024101,0.21655444018333442,0.185185185185186,0.5068528194400548,50130944419.722664,0.04573525640406459,0.0024787521766663602,1.5491933384829666,6.34332552232842,59.2707412352781,73.880278602681,12.286609430861718,67.64768801764485,36.81824795127266,7819.937190972221,17058.663996527775,17058.663996527775,43535.17270833333,0,0,0
1983-02-13 14:22:59.400,5.41,126.6,27714.733673611114,4.6,3.0,5.5,5.2,0.3180808364797748,1.9093601798654654,0.05856242051287265,0.08601419135571067,0.7896263307331853,4.188365009165634,0.3609003080423377,0.2046967960857554,-0.5027513791666989,0.1957632412325392,116102369054.43883,0.11111111111111123,0.004276820349208924,-0.9999999999999999,4.607707969367495,63.0404844102833,74.0551421445184,12.89716661723471,67.07299665251215,94.95555017789553,9437.175062500002,43535.17270833333,43535.17270833333,43535.17270833333,0,0,0
1983-02-20 11:34:59.500,5.77,126.49,27721.617008101857,0.0,3.0,5.4,5.033333333333334,0.7201331838111265,3.8091989834601376,0.2418427601309228,0.07889452777180148,1.132942126704134,5.801949250229092,0.5985809547955845,0.16158117751988627,0.11042430887451182,0.27886528934389077,80848486397.76993,0.0069119477830706395,0.00039918445425919067,0.44721359549995787,3.817433980804671,70.8823274067781,86.21528910709954,14.426533153704593,77.40388092904439,17.881049640795602,7212.849184027782,43535.17270833333,43535.17270833333,43535.17270833333,0,0,0
1983-02-20 13:55:57.800,5.26,126.37,27721.714905092595,0.0,4.0,5.5,5.15,0.5774645866076554,3.3047964737149162,0.14176853559943672,0.07346357119260917,0.8685889638065036,4.68442812121853,0.32074341972394754,0.15550175443468947,-0.22294223811906466,0.10685281944005443,120331874829.79402,0.018518518518518608,0.0024787521766663602,0.6324555320336758,5.9546515815684335,63.0404844102833,80.42158793289548,16.52325025755685,70.03376363038787,22.295393102236673,9444.156293981483,15476.300634259262,15476.300634259262,43535.17270833333,0,0,0
1983-03-11 23:02:31.700,5.33,126.71,27741.094464120368,5.5,3.0,5.2,4.433333333333334,0.2399932695954878,1.163826828630293,0.05092494008586063,0.11791918724072234,0.8985403073860382,4.071282484263815,0.713850929509027,0.3094639064515542,0.35058555353681253,0.6690040604770804,48277374761.7098,0.19055493086781083,0.00201548271450704,-1.4411533842457844,4.047396061842092,49.1578519724073,58.274361338385496,10.42833735958198,69.0390647870933,-9.500101029452576,9463.535853009256,18536.11194097222,43535.17270833333,43535.17270833333,1,0,0
1983-03-15 19:58:33.300,5.24,126.42,27744.966704861108,0.0,4.0,5.2,4.4,0.4300428509485446,2.1171340354389887,0.12030849504391154,0.10701335904737148,0.9650988486738925,4.4624553860235325,0.6059215860275231,0.2635015201384278,0.2769230769230777,0.5761675374960493,49048362803.73949,0.05127095975047735,0.0012726338013398116,-1.921537845661046,4.6041218342485815,49.824095973294895,69.5486898680021,19.242828726152144,70.76133323246032,19.77988369743087,9467.408093749997,23588.103035879627,23588.103035879627,43535.17270833333,0,0,0
1983-03-23 11:55:21.400,5.31,127.3,27752.631150462963,4.2,3.0,4.1,4.033333333333333,,,,,5.21153378283904,21.323256386075823,2.0822731350082244,0.044032123564239356,,0.008448975944324033,7462318208.131916,,2.3195228302432847e-16,1.4411533842457844,5.887866499588108,14.066853226212999,39.7481023319041,22.503684573543953,41.71514426153102,-17.175971007447284,9311.148800925926,9311.148800925926,9311.148800925926,9311.148800925926,0,0,0
1983-07-16 02:32:15.600,5.32,126.27,27867.24011111111,4.2,3.0,5.4,4.933333333333334,0.23999326959548764,1.420230864162915,0.04917173685583663,0.0882527074889394,0.5544184875360663,2.805678902371141,0.26241752274280455,0.19845544319544703,-0.5177945554753931,0.3394203738766475,87035912477.22118,0.19055493086781103,0.02171423518842882,-1.4411533842457844,2.9650961789828814,60.07558293872,78.545179373388,16.098047756579838,77.44824957877026,17.72356187512293,9589.681499999999,15621.825840277777,15621.825840277777,43535.17270833333,0,0,0
1983-07-19 10:50:28.400,5.3,126.51,27870.586092592595,0.0,4.0,5.4,4.925000000000001,0.41663667873995625,2.372548270363908,0.10484222166349802,0.09408604230909788,0.5603799766493569,2.9556558932552615,0.18966466654002573,0.15606612844601986,-0.2945256897190598,0.12562187013208437,90752099197.48454,0.056245782584528524,0.02083819367045274,-1.3333333333333333,4.061749219243962,60.07558293872,76.18989708768233,13.962599314962306,76.57486083635045,-2.6505322098731554,9593.027481481484,43535.17270833333,43535.17270833333,43535.17270833333,0,0,0
1983-08-17 13:07:07.000,18.51,120.78,27899.680983796297,4.0,3.0,6.5,5.3,0.20654045036011168,1.2407689197720604,0.06307950701979408,0.08499158625303732,0.41361379228881134,2.2556605615615513,0.2529694495215066,0.19110888221671257,0.492610563167025,1.046457096898485,709052712400.9175,0.24009253047470158,0.0574326192676173,-1.4411533842457844,6.539149811747721,3.12013250965835,5.921154595554906,2.733481418298387,3.1646137279964255,-0.6678801605620778,0.03414814815187128,0.03414814815187128,43535.17270833333,43535.17270833333,0,0,0
1983-08-17 13:28:11.400,18.14,120.91,27899.695618055557,4.1,3.0,6.5,5.066666666666666,0.12231521135390921,0.7118951824813982,0.02484013448740189,0.10385523918440791,0.47377579843991136,2.46697960816729,0.3726822828133677,0.29818201059690747,0.6798311542659503,1.2929387353875663,708060332156.7532,0.4295902004450378,0.03790291440095844,-0.9999999999999999,5.887866499588108,3.12013250965835,7.140168785102921,3.897717120897863,3.127161817177937,45.53260246985799,0.048782407411636086,0.048782407411636086,43535.17270833333,43535.17270833333,0,0,0
1983-08-19 14:16:22.800,18.62,120.8,27901.729083333335,0.0,4.0,6.5,5.1,0.2531813596955785,1.513374232562697,0.0732228324140302,0.1002728334927504,0.5109346845920612,2.7990791350738253,0.29820425753921265,0.22412889132815048,0.5225685082726628,1.021649793048093,709141482007.8398,0.17396261242489508,0.029322159123893774,0.0,8.867725110565202,3.12013250965835,6.290257452835657,2.350793083152924,3.168807076342213,-0.32281126580176095,2.082247685189941,2.082247685189941,43535.17270833333,43535.17270833333,0,0,0
1983-08-19 19:43:11.400,18.01,120.89,27901.956034722225,0.0,3.0,6.5,5.066666666666666,0.12231521135390921,0.7118951824813982,0.02484013448740189,0.10385523918440791,0.47377579843991136,2.46697960816729,0.3726822828133677,0.29818201059690747,0.6798311542659503,1.2929387353875663,708060332156.7532,0.4295902004450378,0.03790291440095844,-0.9999999999999999,5.887866499588108,3.12013250965835,7.009008409376837,3.891339991707434,3.1267688684229924,15.59173238747308,2.3091990740795154,2.3091990740795154,43535.17270833333,43535.17270833333,0,0,0
1983-08-29 15:31:01.400,18.42,120.77,27911.780918981483,0.0,5.0,6.5,4.720000000000001,-0.0,0.0,0.0,0.0,,,,,,,708151718186.6818,1.0,,1.6984155512168935,7.601202965865766,3.12013250965835,6.1833060891046525,1.7645137069823014,3.1297725992841228,0.39490957637425883,12.134083333337912,12.134083333337912,43535.17270833333,43535.17270833333,0,0,0
1983-08-30 14:55:52.600,8.43,125.63,27912.756511574073,0.0,3.0,5.3,4.7,0.4053943661141592,2.0809920767906673,0.1309404643762914,0.07703687050994547,0.6681453567742331,3.2165172174940184,0.35568075592405884,0.15927383200122117,0.1667464307960822,0.4859020123657283,61479752634.7347,0.06078786658970015,0.009898375607203939,-1.4411533842457844,8.672617004934883,3.80282461515468,11.234965435159706,10.472477650511431,4.390598748457292,-35.15684399909448,43535.17270833333,43535.17270833333,43535.17270833333,43535.17270833333,0,0,0
1984-06-19 23:14:01.600,12.01,126.09,28207.102449074075,0.0,4.0,4.8,4.4,0.8784945822716368,4.144325607573715,0.2898613944745211,0.1170940981825513,0.9650988486738925,4.4624553860235325,0.34982899080079527,0.13685253298009814,0.08246879240029248,0.17616753749604896,24874033014.075363,0.002314814814814825,0.0012726338013398116,-0.8660254037844386,8.867725110565202,6.14897639687585,27.170667631783036,16.32758058476317,35.31340908415236,3.1120839431548877,43535.17270833333,43535.17270833333,43535.17270833333,43535.17270833333,0,0,0
1984-11-10 11:17:20.500,10.51,125.38,28350.604751157403,5.2,3.0,4.6,4.4,1.2552725051033065,5.739035271664074,0.41847858352885375,0.06779651486832561,1.7371779276130073,7.773268550694294,0.8014673033488793,0.14028396693850037,0.028056260029559965,0.12534692783297174,17607676007.457752,0.0001714677640603562,6.144212353328218e-06,-2.1213203435596424,7.410849195313975,21.2973489818042,45.850514810305334,30.228698424553727,58.96371840885163,10.661360470775959,13217.487853009256,13217.487853009256,13217.487853009256,43535.17270833333,1,0,0
1984-11-11 23:07:21.300,10.55,125.6,28352.097815972218,5.2,5.0,4.6,4.340000000000001,1.3802112417116055,6.444395962817317,0.47189779862333325,0.08359062032187287,1.5792526614663682,7.234921169486709,0.6178173005778431,0.153368005755021,-0.06913742480868112,0.018769050692029055,21254922429.583946,7.233796296296324e-05,1.8291192299407837e-05,-2.5,10.13924389296033,21.2973489818042,50.24072427380228,27.31232667938831,63.33646751309613,4.329946645643262,6294.3188981481435,43535.17270833333,43535.17270833333,43535.17270833333,1,0,0
1984-11-20 16:22:08.700,4.88,125.02,28360.816420138894,0.0,3.0,6.1,4.8,0.14326412268761116,0.7862206941956914,0.030955437976092386,0.10491863414022969,0.5109346845920612,2.520859993087907,0.3937248579475777,0.2891834865983186,0.6120894230438036,1.166179554632106,309144079065.8203,0.3717128989181192,0.029322159123893774,-0.9999999999999999,7.410849195313975,11.6248421980648,18.619655806938898,9.665828042988178,14.612839519069004,108.62014799181405,0.33811111111572245,43535.17270833333,43535.17270833333,43535.17270833333,0,0,0
1985-03-22 19:33:27.300,7.5,123.5,28482.949274305553,0.0,3.0,5.1,4.566666666666666,0.4361207586661476,2.174624554322934,0.13910437691372746,0.07682079753864317,0.7042613220052737,3.2941665427407574,0.36273958574538,0.1620687345625465,0.11371005366974707,0.42252242198799905,41472355276.22159,0.04916292615588885,0.0077128704008256055,-1.4411533842457844,7.410849195313975,8.450790366860291,17.774043818892995,8.237388103823928,10.99500862059468,1.182659324528736,4554.82211921296,16251.862144675923,43535.17270833333,43535.17270833333,0,0,0
1985-05-24 23:50:59.500,16.5,120.9,28546.128119212968,0.0,3.0,4.5,4.266666666666667,1.2552725051033056,5.553302022020942,0.43556631941838164,0.09948488590379335,2.0044360703226998,8.695309143042731,1.1106128044072892,0.182980875935761,0.0760187533431873,0.16196733745524305,13645097135.84417,0.00017146776406035724,9.698214581498479e-07,0.6123724356957945,5.375620014486486,4.70201942285234,10.875112093049779,5.346055072306497,11.91593007145991,1.3391168550204935,30.773304398153414,21226.42135995371,43535.17270833333,43535.17270833333,0,0,0
1986-04-16 07:11:37.000,9.9,126.5,28872.434108796297,0.0,3.0,4.4,4.166666666666667,1.2552725051033025,5.427774771510599,0.43556631941837975,0.0994848859037934,2.0044360703226998,8.494865536010462,1.11061280440729,0.17834823043065492,0.0760187533431873,0.16196733745524305,11091151348.037493,0.00017146776406036092,9.698214581498479e-07,-2.1213203435596424,6.539149811747721,53.819946261839405,61.945709265616834,8.641017704337754,65.65385388216772,-5.778468093776802,12445.843402777777,12445.843402777777,12445.843402777777,12445.843402777777,0,0,0
1987-06-07 22:48:19.300,10.66,126.2,29290.084598379628,5.0,4.0,5.4,4.35,0.15051499783199004,0.747557822565551,0.018237085480752997,0.1401218373275519,1.085736204758131,4.945004810360486,0.9489526005896853,0.4864211037876558,0.4333333333333309,0.8454822555520449,72771020319.02216,0.3535533905932751,0.0005530843701478286,-1.5491933384829668,7.343625335737808,17.776036698361498,39.4717622055453,19.10330273789679,55.02962370053804,-17.181169130279567,7232.305680555553,11073.998232638889,43535.17270833333,43535.17270833333,1,0,0
1987-06-13 15:43:22.000,10.46,126.36,29295.78949074074,4.6,6.0,5.4,4.3,0.18194120617053827,0.9196300966438112,0.017137644973560587,0.08808546647898667,0.6204206884332175,2.906796887083495,0.19927900458750442,0.2330326942138265,0.34545454545454835,0.7147969736080384,73311416674.67299,0.28456165726889854,0.013763786733050341,-1.5491933384829666,9.814560628250268,17.776036698361498,43.04679543510753,16.038903006488773,54.82996502119027,0.09264169060821183,11079.703125,11079.703125,43535.17270833333,43535.17270833333,0,0,0
1987-06-14 18:29:56.300,10.35,126.28,29296.905165509263,4.4,10.0,5.4,4.42,0.7212234182212731,3.8035388475235554,0.17816668090517737,0.07179115435726323,0.8143021535685987,4.198220295371758,0.2271213790497698,0.09125609127238836,0.12626823889872618,0.24439494974503972,82133772074.64072,0.00686008892470385,0.0036065631360156936,-0.8340576562282991,13.721128658167556,17.776036698361498,46.57161250256395,14.026546102837012,52.17173619287586,1.3905098211844795,7239.126247685188,11080.169598379634,43535.17270833333,43535.17270833333,0,0,0
1987-06-17 15:47:31.400,10.29,126.26,29299.792377314818,0.0,11.0,5.4,4.3999999999999995,0.7432937884291672,3.914626377569956,0.1730483983950531,0.07393715218346512,0.9354034994839285,4.773792737846756,0.27405930864682965,0.11515520792971347,0.13340630783032115,0.2965417165100348,82354503949.00096,0.005890045296997895,0.0015623901832581108,0.2055566129482594,14.560224270991137,17.776036698361498,46.760371758170045,13.321468636747884,52.133342807980725,1.244448563480571,7242.013459490743,11083.05681018519,43535.17270833333,43535.17270833333,0,0,0
1987-09-03 04:24:34.000,9.3,122.3,29377.31810185185,4.8,3.0,5.1,4.966666666666666,1.4313637641589807,7.355045944098856,0.4155809566599047,0.07137846678465153,2.0044360703227078,10.09841439226866,0.8149669936305627,0.16334925330409777,-0.0384882922619072,0.06196733745524341,54314612036.50784,5.080526342529318e-05,9.698214581497943e-07,0.44721359549995787,8.672617004934883,17.7891407839138,19.599849387811233,1.6307857059976392,19.265139060350805,0.08482684353206062,11868.61878472222,43535.17270833333,43535.17270833333,43535.17270833333,0,0,0
1988-02-18 20:00:19.000,3.7,126.7,29545.96792824074,0.0,3.0,4.6,4.233333333333333,0.7262227698167678,3.2339223745526215,0.22512677568207215,0.11838434572598888,1.5328040537761836,6.608337469824397,1.0029071068146285,0.2337910964261923,0.14692787260227647,0.2887265182107015,15178383738.433117,0.006627224619061219,2.5210870330948685e-05,-0.9999999999999999,6.539149811747721,188.704238042908,194.4817674511743,5.005050260777035,190.71819370427107,8.331683583397938,9614.222673611112,27578.03369212963,27578.03369212963,27578.03369212963,0,0,0
1988-05-10 03:00:23.600,13.57,125.1,29627.25964814815,0.0,4.0,4.6,4.199999999999999,0.9858651726511466,4.393388991835304,0.30267991463117266,0.15895725993948062,1.7371779276130135,7.550771701780016,0.9398037176526997,0.2405645051887654,0.1436208583971066,0.25342640972002783,15949033265.415377,0.001102565710845352,6.144212353327941e-06,1.921537845661046,8.867725110565202,27.572392999896202,45.4827939270727,20.421658845172423,60.01854846968387,-6.882999010125639,20017.635481481484,20017.635481481484,43535.17270833333,43535.17270833333,0,0,0
1988-06-20 13:35:44.100,12.26,121.08,29668.700857638887,0.0,3.0,5.4,4.7,0.36788189361747153,1.8890297970429581,0.1178469272059958,0.08420521378159473,0.6681453567742331,3.2165172174940184,0.38872578187488027,0.17694054108423654,0.2651188606547832,0.5859020123657288,73909464911.36455,0.0787688162997193,0.009898375607203939,-0.9999999999999999,7.410849195313975,15.0730556559521,26.56256381750353,16.50262433070039,16.900960100030307,-3381.846447775328,43535.17270833333,43535.17270833333,43535.17270833333,43535.17270833333,0,0,0
1989-08-10 10:39:08.400,5.87,124.37,30084.578222222222,5.3,3.0,5.2,4.6000000000000005,0.4084378402951076,2.0177652353913356,0.11721904168669861,0.10931767509699694,0.9650988486738925,4.530536419150011,0.6544701137687345,0.24047409237108627,0.25979848994048993,0.5056244700993506,49095334150.55904,0.059523228513229734,0.0012726338013398116,-0.9999999999999999,8.672617004934883,10.315796370758601,21.76550536687897,9.935407999809607,27.053226846445813,-68.2870794928393,13919.231081018519,22148.959680555556,22148.959680555556,43535.17270833333,1,0,0
1989-12-08 22:18:44.000,9.85,126.29,30205.064050925925,4.6,3.0,5.0,4.566666666666666,0.5767855668282786,2.7793217920494517,0.16725132910304352,0.12121265910605336,1.3714562586418488,6.374383166879612,0.9455940494198064,0.24164515894776803,0.1813603670202184,0.3521061085884325,33736189240.873512,0.018605583705399074,7.684776196487846e-05,-0.9999999999999999,5.375620014486486,26.0689640083321,49.90960391944884,22.600844190529344,32.675658082486414,16.302578542267355,11988.328483796296,11988.328483796296,13778.473344907405,13778.473344907405,0,0,0
1989-12-09 14:33:58.800,10.19,126.39,30205.74130555556,4.6,4.0,5.0,4.525,0.78571740629691,3.7884835950365847,0.22729638140112923,0.1626802871371336,1.5792526614663682,7.392846435633346,0.9182543787690334,0.2581796638301598,0.17831275637416955,0.31876905069202977,34947200769.25041,0.004393875844380758,1.8291192299407837e-05,-1.5491933384829668,8.01355519627422,26.0689640083321,53.62702142848256,19.89494602059204,35.689734532297045,29.16444729659461,11989.00573842593,11989.00573842593,43535.17270833333,43535.17270833333,0,0,0
1989-12-11 10:04:52.000,10.12,126.25,30207.554421296296,4.6,5.0,5.0,4.46,-0.0,0.0,0.0,0.0,,,,,,,35462862928.4679,1.0,,-1.2632278815997786,9.311630656989129,26.0689640083321,51.25861219956606,18.0250788971862,35.96365338758876,-3.806170225968495,8149.775503472221,11990.818854166668,43535.17270833333,43535.17270833333,0,0,0
1989-12-16 00:53:45.800,8.45,126.83,30212.171710648152,4.5,3.0,6.6,5.233333333333333,0.13217533285418764,0.7869735151202756,0.027677148524505715,0.10441980203249987,0.49165413045651174,2.6403994287283146,0.3829480857747699,0.2938471577448894,0.6459880211654614,1.2295591450098353,871176879030.0869,0.40130447389171536,0.033499444744003654,-1.4411533842457844,8.672617004934883,19.899069920040603,21.6658432306827,1.8246822656447261,19.903227614272808,-2.1754599879625434,0.2569537037088594,0.2569537037088594,23848.90889814815,43535.17270833333,0,0,0
1989-12-16 10:24:44.900,7.96,127.01,30212.568228009255,4.8,4.0,6.6,4.975,0.09518735040758321,0.5627952092848355,0.011298718809828537,0.12171913784036499,0.6948711710452039,3.65949314392686,0.6021148136008521,0.4719273786772071,0.6875000000000018,1.3335660243000689,871131345047.6797,0.518129057360676,0.008229747049019971,-1.3333333333333333,7.343625335737808,19.899069920040603,31.78610513415505,11.81371153076111,19.927772567581084,12.005295788166281,0.6534710648120381,0.6534710648120381,24871.658760416663,24871.658760416663,0,0,0
1989-12-16 10:40:20.200,7.73,126.86,30212.579053240737,4.4,3.0,4.5,4.433333333333334,,,,,5.21153378283904,23.40786989921144,2.0822731350082244,0.044032123564239356,,0.008448975944324033,17095183397.669424,,2.3195228302432847e-16,-0.9999999999999999,4.95782220511194,32.590366820334395,38.76410996879627,5.657584429964582,39.36090389580554,-6.531154385901513,11428.694168981478,20214.45217824074,24871.669585648146,24871.669585648146,0,0,0
1989-12-17 00:11:23.200,7.75,126.58,30213.142282407403,4.4,5.0,4.8,4.38,1.1562656207653077,5.468528507219779,0.4171113172191274,0.08289212117307992,1.33629071354847,6.214480988231537,0.5571070420758399,0.12549516790626972,0.07052572608681729,0.14945433263603647,26414796761.123726,0.0003397841667012718,9.797783966128733e-05,-1.2632278815997786,8.078943075289343,40.0011347291551,46.32969869125118,6.974088920712251,44.027777899671335,12.985664348726115,11429.257398148144,43535.17270833333,43535.17270833333,43535.17270833333,0,0,0
1989-12-17 10:35:57.100,8.33,126.93,30213.576008101856,4.5,7.0,6.6,4.785714285714286,0.07428012880020338,0.44463824467770835,0.0038713061152829335,0.07793981798643485,0.39481316536659267,2.117170556350308,0.10936930934959321,0.26217793703411646,0.6140350877193015,1.2375381013840592,871416830450.9537,0.5986315660401261,0.06539740322986015,-1.4491376746189437,12.32142385258237,18.895711343489598,26.95503008407935,8.010519412227225,19.927546225538656,4.3644211377010524,1.6612511574130622,1.6612511574130622,24872.666540509264,24872.666540509264,0,0,0
1989-12-17 14:34:24.900,8.55,126.77,30213.741607638884,4.5,7.0,6.6,4.742857142857143,0.04300428509485425,0.2580257105691257,0.0013605564058362832,0.06231912970100749,0.4342944819032518,2.342214060609265,0.13875917510079103,0.2700162228123472,0.5999999999999952,1.206852819440054,871402708919.3981,0.7429971445684753,0.04978706836786396,-1.732050807568877,12.32142385258237,6.11195922344506,20.55671261645511,7.7311452607980025,19.91071859319818,-3.326595966642649,1.826850694440509,1.826850694440509,23850.478795138883,43535.17270833333,0,0,0
1989-12-17 19:38:15.000,8.22,126.64,30213.952604166665,4.5,12.0,6.6,4.566666666666667,0.07428012880020338,0.44463824467770835,0.0024366994608140415,0.07793981798643485,0.39481316536659267,2.117170556350308,0.06883985125063684,0.3339001968320835,0.6140350877193015,1.2375381013840592,871587531952.1006,0.5986315660401261,0.06539740322986015,-1.9215378456610455,16.609370849765686,6.11195922344506,28.336963436977772,12.596144757070656,19.950665785544793,-0.28751398992671257,2.037847222221899,2.037847222221899,23850.689791666664,24873.043136574073,0,0,0
1989-12-18 03:39:08.100,9.97,126.18,30214.286552083333,0.0,6.0,5.0,4.3999999999999995,-0.0,0.0,0.0,0.0,,,,,,,35799482905.11339,1.0,,0.9797958971132713,9.247754350163097,26.0689640083321,52.54157373411166,16.425550742503926,36.67261015991803,2.027442361498208,11997.550984953705,11997.550984953705,43535.17270833333,43535.17270833333,0,0,0
1989-12-18 16:31:46.200,8.0,127.24,30214.823104166666,4.5,5.0,4.5,4.340000000000001,,,,,,,,,,,19780561277.042408,,,-1.6984155512168937,9.311630656989129,21.222681980569902,32.21167988349678,9.857952506221634,34.99237304792896,-1.7568603093267219,20216.696229166664,20216.696229166664,24873.913636574074,24873.913636574074,0,0,0
1989-12-19 07:03:17.200,7.89,126.89,30215.428324074073,4.5,13.0,4.8,4.3076923076923075,-0.0,0.0,0.0,0.0,,,,,,,34406444757.732124,1.0,,-1.9824814143238607,16.123411555348643,14.3119574367336,35.68703939825859,14.698475652961132,37.34505413531966,-5.764896712552736,11431.543439814814,20217.301449074075,24874.51885648148,24874.51885648148,0,0,0
1989-12-19 09:43:56.000,8.48,126.84,30215.53988425926,4.5,10.0,6.6,4.569999999999999,0.04300428509485425,0.2580257105691257,0.0010066729400454496,0.06231912970100749,0.4342944819032518,2.342214060609265,0.10266763373998848,0.29018500694499855,0.5999999999999952,1.206852819440054,871464165606.8572,0.7429971445684753,0.04978706836786396,-1.9867985355975657,15.833959887352426,6.11195922344506,20.647494865901063,6.992518207262125,19.910689017666314,-1.6713768220655179,3.6251273148154723,3.6251273148154723,23852.277071759258,43535.17270833333,0,0,0
1989-12-20 00:08:22.000,8.18,126.9,30216.140185185184,0.0,18.0,6.6,4.461111111111111,0.3907781397474481,2.3128436552897256,0.04803204595993433,0.2677398272020389,0.9806649591363746,5.264920864051012,0.3024905968133734,0.5414381323983266,0.6814405412122877,1.2312746111703836,871883950092.5582,0.06724586443703003,0.0011428918153493966,-3.7532594530273458,20.064025519947887,5.60511586249595,25.776523001409856,12.395011943375835,19.948004026765968,-1.2389001927111767,4.2254282407411665,4.2254282407411665,24875.230717592593,24875.230717592593,0,0,0
1989-12-20 07:38:38.000,7.4,126.8,30216.45287037037,0.0,4.0,4.8,4.35,0.7402772867998,3.510920198441737,0.23297965105474164,0.07459645414291202,1.085736204758131,4.945004810360486,0.5011615933186694,0.15107324687624027,0.05729039503649158,0.2454822555520444,24540693440.373432,0.006014065304058594,0.0005530843701478286,-0.9999999999999998,7.343625335737808,43.7008283568993,49.252812105748944,6.874715279871916,44.976606951046584,8.216235699777158,11432.56798611111,43535.17270833333,43535.17270833333,43535.17270833333,0,0,0
1989-12-20 20:18:07.800,8.5,127.02,30216.980298611114,4.9,14.0,6.6,4.528571428571429,0.38440832734720937,2.280309167736312,0.059769112505407854,0.2517611512390816,0.7360923422089015,4.091587837277387,0.21915724495733999,0.3577319617364359,0.6680026796696659,1.0414747951335128,871890984060.3586,0.07027081944156387,0.006190460736207604,-4.098780306383839,18.734993995195193,6.11195922344506,20.761353223426557,5.9431243564554235,19.918443089617185,-0.7199127809867338,5.06554166667047,5.06554166667047,43535.17270833333,43535.17270833333,0,0,0
1989-12-22 23:59:44.800,8.53,126.82,30219.134199074077,4.5,16.0,6.6,4.50625,0.40261141804787204,2.3870894140129786,0.057401953140065624,0.2641334652327768,0.8272275845776219,4.553537101273637,0.24232850944667467,0.412622588528823,0.6709843114058316,1.0954240088612988,871970193613.4264,0.06196775261253012,0.0032985057559391066,-2.2031642209035764,19.382110612207818,6.11195922344506,19.896855189036117,6.0183543127722325,19.91322566475396,-0.9500719979454736,7.219442129633535,7.219442129633535,23855.871386574076,43535.17270833333,0,0,0
1989-12-27 07:19:55.500,8.6,126.5,30223.43987847223,0.0,7.0,4.7,4.371428571428572,,,,,,,,,,,27027309051.57126,,,1.6666666666666665,11.550178181211193,6.11195922344506,21.022347166409705,8.780310013645702,23.016657766375957,0.6365677965911751,10152.500572916673,10152.500572916673,23860.177065972228,43535.17270833333,0,0,0
1990-02-08 07:39:50.800,9.66,124.84,30266.453712962964,6.5,3.0,6.6,5.566666666666666,0.14520049037757735,0.8879364471536926,0.02509292385636372,0.11085620736958436,0.7042613220052737,3.998427864746031,0.5903135849743727,0.332444469786348,0.4847558651853383,0.922522421987999,872405373824.3583,0.3667739891841361,0.0077128704008256055,-1.4411533842457844,8.672617004934883,23.7756914063709,31.879553353696167,7.16051883096117,37.265432256202715,-3.7902889989277693,0.01688194444795954,0.01688194444795954,43535.17270833333,43535.17270833333,1,1,0
1990-02-08 08:26:44.100,9.69,124.43,30266.486274305553,4.3,5.0,6.6,5.7,0.1570141549061329,1.2308236777733235,0.019886483940335476,0.07719698229811066,0.4416554053253412,2.7737293624114367,0.15734302368660943,0.19590059975337248,-1.2389345120453727,0.319697916143026,1125053660235.5537,0.33803178230627884,0.04731880671087145,-1.2632278815997786,11.196300409382683,23.7756914063709,35.21327615284702,10.685215826945633,33.80242642313022,0.9129526148084449,0.027592592592554865,0.027592592592554865,43535.17270833333,43535.17270833333,0,0,0
1990-02-09 17:01:21.800,9.88,124.84,30267.843655092594,4.4,11.0,6.6,5.163636363636365,0.3376398919200561,2.3380237799490806,0.060132289755732295,0.11810981361797676,0.6400129206995304,3.981161351441956,0.21606166561067447,0.20503685013211828,-0.3246076541887435,0.37956097028389646,1127214623312.3613,0.09706894829614983,0.012021571336618329,-1.5768009924727386,16.606797231426484,5.572245169236701,32.38446885801034,15.262403444352461,33.68917285097967,-5.743460165501413,1.3849733796341752,1.3849733796341752,43535.17270833333,43535.17270833333,0,0,0
1990-02-10 00:58:49.000,9.6,124.55,30268.175219907407,4.3,12.0,6.6,5.166666666666667,0.34781391770561504,2.399746203048138,0.05703623063415772,0.12332549561807479,0.7238241365054201,4.4498282558685025,0.24701482894059126,0.24543632341908372,-0.29951172419514993,0.45233507499209846,1127645389184.1616,0.09048117815135609,0.006737946999085445,-1.648326767384268,17.345234009869767,14.929093518607301,37.53124358018272,13.241454775104343,33.746676024976765,6.68322414796212,1.7165381944469118,1.7165381944469118,43535.17270833333,43535.17270833333,0,0,0
1990-02-10 20:55:14.500,9.53,124.88,30269.006070601845,4.4,13.0,6.6,5.061538461538461,0.2865942408159785,2.0208463565299515,0.037875717090731266,0.11024541304099653,0.6988646835224757,4.269534989274388,0.2252226867022494,0.24286496317828166,-0.45124551971556315,0.49075583594420014,1126325097457.834,0.13810750437068361,0.008005822360961413,-2.0996894180268457,18.05349194556475,19.1089267985986,38.43204913270981,11.098567193550355,33.86338863718041,1.2468962312496936,2.5473888888845977,2.5473888888845977,43535.17270833333,43535.17270833333,0,0,0
1990-02-11 09:56:41.200,9.86,125.05,30269.548740740738,0.0,12.0,6.6,4.999999999999999,0.38884873625391975,2.634658302095087,0.08267451728321223,0.10550787150661546,0.46156901458316685,2.979982546407526,0.11648864068592066,0.12358477672958458,-0.17553520548063428,0.14379853877608095,1126117960344.422,0.06814810615526455,0.04123755960167331,-2.6111648393354674,16.609370849765686,5.572245169236701,38.09042605974811,17.383022055057207,34.009233799206676,5.647696231763813,3.0900590277778974,3.0900590277778974,43535.17270833333,43535.17270833333,0,0,0
1990-02-11 19:23:04.000,9.95,124.68,30269.942060185185,0.0,15.0,6.6,5.033333333333334,0.34781391770561504,2.399746203048138,0.04989662767045372,0.12332549561807479,0.7238241365054201,4.4498282558685025,0.21609434585160345,0.23268334392876386,-0.29951172419514993,0.45233507499209846,1127900159608.568,0.09048117815135609,0.006737946999085445,-2.227831971697517,19.392561165855028,14.929093518607301,36.30552320094161,12.050994225960125,33.741142940788194,0.3725357335586254,3.483378472225013,3.483378472225013,43535.17270833333,43535.17270833333,0,0,0
1990-02-11 23:31:00.200,9.4,124.64,30270.114238425922,4.3,12.0,6.6,5.208333333333334,0.2964238061881608,2.089800590826702,0.040530336446222504,0.1212800471615941,0.7042613220052737,4.36988399261054,0.22878193305196226,0.2285619219669099,-0.45004303702976056,0.395081660642699,1128532936272.0266,0.12904125597216742,0.0077128704008256055,-2.0479684463588677,17.345234009869767,14.929093518607301,37.46528746695119,14.893480076517466,33.845843903594606,6.607106684302358,3.6555567129616975,3.6555567129616975,43535.17270833333,43535.17270833333,0,0,0
1990-02-12 13:28:08.500,9.62,124.59,30270.695584490735,4.3,16.0,6.6,5.00625,0.3887753322337105,2.651618257203224,0.06254788937944032,0.13699358842227052,0.7589612305105375,4.673152538940959,0.23837156097266904,0.2632455783675431,-0.22043853443154138,0.4426992696353853,1128871713036.7058,0.06818266989223125,0.005285867937272853,-3.0603682227040236,20.02855104951072,14.929093518607301,39.3805284387694,13.686916671486193,33.87137281038571,3.8266266315308393,4.236902777774958,4.236902777774958,43535.17270833333,43535.17270833333,0,0,0
1990-02-14 01:37:46.700,9.87,124.92,30272.202276620374,0.0,17.0,6.6,4.929411764705883,0.4564994385304361,3.0495636276697877,0.08248302509975565,0.14171641346758815,0.5726960200922006,3.656313336462527,0.1298172530400376,0.1519908348554884,-0.0803228443981201,0.2156124572441005,1127591320101.6072,0.042707257583610325,0.01913867817816698,-2.4368742610942324,20.64495787630204,5.572245169236701,36.69264689198787,14.910644455009221,33.941205798946996,-1.9306558419214233,5.743594907413353,5.743594907413353,43535.17270833333,43535.17270833333,0,0,0
1990-02-14 08:37:19.500,9.67,124.3,30272.493628472228,0.0,11.0,6.6,5.1090909090909085,0.1570141549061329,1.2308236777733235,0.013686970192232821,0.07719698229811066,0.4416554053253412,2.7737293624114367,0.10829210842980605,0.18995357160963292,-1.2389345120453727,0.319697916143026,1126144819221.4412,0.33803178230627884,0.04731880671087145,-2.350048355401921,16.606797231426484,10.24705622382,29.841946043824645,12.872814256318847,33.51370578527062,-0.32156391862465866,6.034946759267768,6.034946759267768,43535.17270833333,43535.17270833333,0,0,0
1990-02-16 00:30:38.200,14.41,119.43,30274.155650462963,4.5,3.0,4.8,4.666666666666667,0.352182518111363,1.956287830787387,0.0380366413260665,0.05568494546627036,1.3714562586418488,6.511528792743798,0.5768069626061545,0.2265487189466949,-0.7547556456757256,0.05210610858843179,30922613757.420326,0.0877914951989023,7.684776196487846e-05,-0.9999999999999999,6.539149811747721,15.6181854750531,32.49273433096323,22.18580363467417,24.13375944982937,-85.03654748747131,43535.17270833333,43535.17270833333,43535.17270833333,43535.17270833333,0,0,0
1990-02-20 14:03:25.400,14.52,119.4,30278.72008564815,0.0,3.0,4.8,4.766666666666667,,,,,3.7225241305993144,17.97298466853644,1.0623842525552167,0.19616115400424755,,-0.02817143367794639,34079830028.81613,,6.79872708748768e-12,-0.9999999999999999,6.539149811747721,15.6181854750531,27.28174686525246,13.446810424172078,25.695474082588195,99.64158395527173,43535.17270833333,43535.17270833333,43535.17270833333,43535.17270833333,0,0,0
1990-02-22 16:43:25.900,16.17,122.3,30280.8312025463,5.0,3.0,4.8,4.3999999999999995,0.6842962795654144,3.1800160998220455,0.2241956812569043,0.09756609539998737,1.240841376866435,5.564570899872046,0.7371763923041442,0.18706251660450546,0.15286659480068643,0.3154856989661621,22703705618.601627,0.00885342191568085,0.0001894418252328926,-0.44721359549995787,8.672617004934883,2.1165222647147304,17.261345575072642,16.05287323822075,29.242139541465235,2.531015904003075,3615.1678101851867,6485.4440486111125,7874.850050925928,43535.17270833333,1,0,0
1990-02-25 05:10:32.100,9.73,124.52,30283.350024305553,0.0,6.0,5.0,4.283333333333333,0.5566414638396063,2.666577679155447,0.10950580837083981,0.1450017815905881,1.132942126704134,5.2354781868770255,0.4536297197645287,0.2082768927562788,0.20952380952380967,0.3788652893438904,34140802096.771828,0.021383343303319445,0.00039918445425919067,2.520504151250418,6.092573727042998,10.24705622382,31.553258335304253,15.326112252104341,14.974085060052104,-5.571407457573685,16.89134259259299,16.89134259259299,43535.17270833333,43535.17270833333,0,0,0
1990-02-27 15:55:38.300,9.84,124.58,30285.798012731484,4.0,3.0,4.3,4.2,0.5282737771670423,2.537388985671125,0.06418683223773673,0.05568494546627045,1.7371779276130073,7.425832965171692,0.6940910450027388,0.22243529222444586,-0.5031704304504832,0.0253469278329721,11214147613.445116,0.026012294873749182,6.144212353328218e-06,0.4472135954999578,2.3935682524567747,16.895472819204198,25.757534088916064,12.977318609643197,21.676324248769728,-1.2453622892626508,19.339331018523808,19.339331018523808,43535.17270833333,43535.17270833333,0,0,0
1990-06-14 14:46:54.700,11.63,122.21,30392.750285879632,4.9,3.0,7.0,5.866666666666667,0.2144335373778168,1.3953298542051646,0.0626665148583147,0.09193460014475305,0.4737757984399109,2.846000246919217,0.30591154469266535,0.2144932443741775,0.49294951121991915,0.9929387353875656,1998523042119.1433,0.22735231873144138,0.037902914400958554,-0.9999999999999999,8.672617004934883,13.2311948574792,18.700439863680135,8.937400318463185,13.974689054939981,-35.07408914285851,0.29585185184987495,0.29585185184987495,0.29585185184987495,43535.17270833333,0,0,0
1990-06-14 21:56:47.500,11.27,122.24,30393.048813657413,0.0,3.0,7.0,5.5,0.13855002036263162,0.8729038183558848,0.03372092046774112,0.09977297460080102,0.41361379228881134,2.3383833200193136,0.30052199101625604,0.2612339037878966,0.6997207501579261,1.3464570968984848,1995544436507.5298,0.38401654761977294,0.0574326192676173,-0.9999999999999999,8.672617004934883,7.13535928219168,11.407507988395126,3.7129539272805037,13.85415207920365,-21.505305551587625,0.5943796296305663,0.5943796296305663,0.5943796296305663,43535.17270833333,0,0,0
1990-06-16 08:42:23.100,11.41,122.05,30394.497142361117,0.0,5.0,7.0,5.46,0.30937893173754305,2.0001418530565886,0.09329588167217574,0.11383313109412242,0.41361379228881134,2.546044815085376,0.16675199046155953,0.14460982936116562,0.5349771821134262,0.8443909208241145,1999127587242.7698,0.1179948913714597,0.0574326192676173,-1.5075567228888183,11.196300409382683,4.23127416289971,13.493590607226357,9.582610525591754,13.954259267583907,-29.845418604922102,2.0427083333343035,2.0427083333343035,2.0427083333343035,43535.17270833333,0,0,0
1990-06-18 14:11:59.400,11.14,122.05,30396.72603472222,0.0,3.0,7.0,5.533333333333334,0.16283648361725492,1.0350331869898899,0.046888444800286574,0.08985562489071722,0.3670094213266916,2.0919627085571055,0.23818632482328558,0.21492789513238528,0.6437267374139433,1.2999754584094037,1995857146582.604,0.3247061760330596,0.0792449755998434,-2.1213203435596424,7.410849195313975,4.23127416289971,13.139421860804068,8.572363810008074,13.837745742330965,5.180669102653968,4.2716006944392575,4.2716006944392575,4.2716006944392575,43535.17270833333,0,0,0
1990-07-08 03:45:47.500,12.19,120.55,30416.291174768525,0.0,3.0,5.5,4.733333333333333,0.3149535427314968,1.6261111995128745,0.0896617016950303,0.10294186265637376,0.7445048261198607,3.6040415244230775,0.5010130245185166,0.23419915217432505,0.3369807641784117,0.6591428316102697,90030454257.98555,0.11353751166213913,0.005840977343195231,-1.4411533842457844,8.672617004934883,33.583915990407704,44.09701808343306,9.141600509189564,48.42105409989205,24.978370401461834,43535.17270833333,43535.17270833333,43535.17270833333,43535.17270833333,0,0,0
1990-07-16 08:00:52.400,16.5,120.24,30424.468314814814,5.0,3.0,5.4,5.0,0.18350817489217783,1.1806330825070182,0.02720062621354849,0.08099987352352783,0.5790593092043358,2.9670762842983063,0.27084084900387373,0.20580870615487631,-1.0336811327381552,0.27604078349891825,93650398794.71318,0.281498104822992,0.018315638888734182,-0.9999999999999999,8.672617004934883,1.8370666633396,8.32185106074281,5.895076909865502,11.135866058031953,353.1134689265164,21175.826625,23104.761555555553,43535.17270833333,43535.17270833333,1,0,0
1990-07-16 08:17:07.900,15.75,120.75,30424.479605324075,0.0,3.0,7.8,5.966666666666666,0.08100949068224433,0.5604173072226383,0.013897627072902256,0.09974266868310852,0.3889204315551513,2.382831369339904,0.3203246558647978,0.31886559960341454,0.8820783774478098,1.6732162776539452,10471426415508.967,0.5714411721546405,0.06811436391683265,-0.9999999999999999,8.672617004934883,5.6469355760527,6.987027121978777,1.656111464872605,8.83808169504024,-141.38086824172305,0.035107638890622184,0.035107638890622184,0.035107638890622184,0.035107638890622184,0,0,0
1990-07-16 08:30:32.900,16.17,120.18,30424.4889224537,5.0,3.0,5.4,5.133333333333334,0.7262227698167663,3.9439134456905913,0.21395641880714722,0.08026315845908437,1.132942126704134,5.915243462899506,0.5207161509397505,0.1567441227157246,-0.030721273977243335,0.17886528934389112,89305420258.26666,0.006627224619061294,0.00039918445425919067,-0.9999999999999999,6.539149811747721,1.16554439201962,10.964851382495317,10.44701111781753,12.85938196655385,-807.7591143733396,23098.625265046292,23098.625265046292,43535.17270833333,43535.17270833333,1,0,0
1990-07-16 08:32:00.900,16.75,120.47,30424.489940972217,5.0,3.0,5.3,4.933333333333334,0.2168732975998465,1.3306637571788535,0.03439849514103943,0.08274702250559429,0.6355529003462219,3.2099987262084166,0.2954137375879978,0.20274672851261874,-0.835673556428624,0.24928160274345768,76244280078.43507,0.22355279661380706,0.012397705021160662,-0.9999999999999999,7.410849195313975,1.8370666633396,12.383609200903502,10.095267188549839,16.647333613564196,1018.767362230772,21175.848251157404,23104.783181712955,43535.17270833333,43535.17270833333,1,0,0
1990-07-16 08:35:32.700,16.18,120.86,30424.492392361113,0.0,4.0,5.4,4.8999999999999995,0.7989743731516937,4.167794365843721,0.25430456881106966,0.14388791986945013,1.240841376866435,6.309930324913563,0.6133678341955734,0.19402635355574188,0.18356940360536278,0.3147969736080398,79445908256.96657,0.004009376869372399,0.0001894418252328926,-0.9999999999999998,8.867725110565202,1.16554439201962,12.627849943021337,9.945993766808716,10.1375264892656,502.46207293924925,1909.1375775462984,43535.17270833333,43535.17270833333,43535.17270833333,0,0,0
1990-07-16 09:03:01.800,15.98,120.43,30424.511479166667,0.0,4.0,5.4,4.949999999999999,0.84914603909569,4.4855482501556985,0.28322788642467056,0.07807051426235227,1.085736204758131,5.596446533215365,0.46304145607008734,0.12510321961838117,0.11757737346022878,0.24548225555204528,82916442920.17223,0.0028350575726657254,0.0005530843701478286,-0.9999999999999998,8.867725110565202,1.16554439201962,13.655557459082537,10.413092954566858,11.238951700471908,581.9979386022579,23098.64782175926,23098.64782175926,43535.17270833333,43535.17270833333,0,0,0
1990-07-16 09:28:33.200,15.53,120.96,30424.5292037037,0.0,6.0,7.8,5.316666666666667,0.10704708580604048,0.7383408739019122,0.013307617512443227,0.12261567826907742,0.4695075480035156,2.855696221744837,0.25599752670364867,0.3723446758693296,0.9026532077695393,1.7176777159641015,10471465455388.508,0.47737397906788226,0.03903708281352973,-0.9999999999999999,12.264932589646444,5.6469355760527,19.027192484942674,13.752180772975567,8.839492828443662,403.45566971938143,0.08470601851513493,0.08470601851513493,0.08470601851513493,0.08470601851513493,0,0,0
1990-07-16 09:39:21.700,16.52,120.93,30424.536709490738,4.6,6.0,4.8,4.583333333333333,,,,,,,,,,,39126133700.21106,,,-0.9999999999999999,11.27963597824045,1.16554439201962,7.469834469914648,7.485179018745965,6.309196878183316,-32.27003937583403,1909.181894675923,23104.829950231477,43535.17270833333,43535.17270833333,0,0,0
1990-07-16 09:47:08.400,16.76,120.81,30424.542111111114,4.9,6.0,5.0,4.616666666666667,0.8325371573615313,4.322803999891047,0.2075146464475741,0.11510232069290606,0.9650988486738925,4.820066073752179,0.27885927774086167,0.15293488079689874,-0.19232560573132318,0.005624470099349743,47857014450.64835,0.0031797174329121973,0.0012726338013398116,-0.9999999999999999,11.27963597824045,1.8370666633396,5.4700790319829915,6.695684728389812,3.694635554065491,7.50373786916499,1909.1872962962989,23104.835351851856,43535.17270833333,43535.17270833333,0,0,0
1990-07-16 10:37:22.100,16.06,121.16,30424.576991898146,0.0,9.0,7.8,5.033333333333333,0.16726214903363726,1.1471914981544569,0.023076100727966432,0.1733431991442113,0.5317891615141866,3.224381393348902,0.2332631007929998,0.40980168434398984,0.9413562196683785,1.7367297667970902,10471492439813.71,0.31492965172311715,0.025388235342336675,-1.0,14.187408503055094,2.85287403598926,9.869869354063976,6.4778104876079645,8.8384093693506,30.262537356354557,0.13249421296131914,0.13249421296131914,0.13249421296131914,0.13249421296131914,0,0,0
1990-07-16 11:00:14.900,16.36,121.36,30424.592880787033,0.0,6.0,4.9,4.633333333333334,1.3290587192642163,6.703236226282522,0.44090787103753304,0.15471003769446343,1.240841376866435,6.18584618722692,0.38431917003261856,0.17254276257642934,-0.14359674190581906,-0.08520302639196053,43954936441.452354,0.00010299682617188098,0.0001894418252328926,-0.9999999999999999,11.27963597824045,3.23740584111173,14.38007421928883,8.119027767565347,10.500255667803833,-4.700771203014594,43535.17270833333,43535.17270833333,43535.17270833333,43535.17270833333,0,0,0
1990-07-16 11:14:10.900,16.38,121.12,30424.602556712958,0.0,9.0,4.9,4.555555555555555,1.9311187105921852,9.593124184656771,0.6872344816562692,0.14082277246940228,1.7371779276130135,8.593078458347826,0.5561290783550615,0.19758975573116927,-0.06765120240329558,-0.04657359027997199,46707232511.70977,1.6093254089355697e-06,6.144212353327941e-06,-1.0,14.187408503055094,1.32376148697754,10.613089934755227,8.602872874347732,9.430919286925475,-16.691527801991665,1909.2477418981434,43535.17270833333,43535.17270833333,43535.17270833333,0,0,0
1990-07-16 11:18:02.600,15.68,120.39,30424.605238425924,0.0,5.0,4.8,4.6,,,,,,,,,,,32701575775.360657,,,-1.0,9.311630656989129,15.4125166701101,26.585259352893182,8.071559949090913,28.180749774049936,-128.75074888459548,11320.641037037036,11320.641037037036,43535.17270833333,43535.17270833333,0,0,0
1990-07-16 11:29:28.800,16.29,120.5,30424.613180555556,5.0,13.0,5.4,4.723076923076923,1.200347700703667,6.461808917422201,0.30519134553047955,0.05967146480576545,1.1980537431813878,6.414137205626329,0.30402597150834854,0.10760077106567258,0.016719044295112617,0.046202441141060646,104531581042.8179,0.0002505860543357779,0.0002545884930721257,-1.0,17.343404087127173,1.16554439201962,11.887745200617996,9.413131248658832,12.892071542110935,82.25154096720736,1909.2583657407413,23104.9064212963,43535.17270833333,43535.17270833333,1,0,0
1990-07-16 15:08:07.600,16.51,120.62,30424.765018518516,5.0,25.0,5.7,4.816,1.2986020797356133,7.300942285717255,0.2693541348869163,0.08441436568910461,1.5590058324732172,8.640127202380343,0.3882101969311246,0.28290643874581217,0.07784491520013681,0.1579250299060222,195405981076.08905,0.00012711410992256793,2.1036936817181474e-05,-1.0000000000000002,24.51034533791704,1.16554439201962,8.55149507869071,7.063261313856273,7.959595708239377,-7.984341730256542,1909.410203703701,23105.058259259255,43535.17270833333,43535.17270833333,1,0,0
1990-07-16 15:32:14.800,15.61,121.35,30424.781768518522,0.0,5.0,7.8,5.459999999999999,0.042839517719011976,0.29781703183505454,0.0025135431639810484,0.07064857977575768,0.29951343579534623,1.8285485182202472,0.12286546249540671,0.24504865632259362,0.8480769230769196,1.694936588188079,10471463974125.512,0.743843285077913,0.12631638626303002,-1.0,11.196300409382683,5.6469355760527,10.098365865760064,4.858246055537428,8.838508417903899,17.820622595961428,0.33727083333724295,0.33727083333724295,0.33727083333724295,0.33727083333724295,0,0,0
1990-07-16 20:35:07.300,17.3,120.86,30424.992098379626,4.9,3.0,4.8,4.5,0.5767855668282769,2.8144796765157767,0.159282349595363,0.08437908520728282,0.9650988486738925,4.434026534282621,0.4459462126284317,0.16453344498698833,-0.07959449469670243,0.2056244700993508,25515686023.046387,0.018605583705399303,0.0012726338013398116,-0.9999999999999999,6.539149811747721,7.18501907306168,13.893550143318928,5.80988613004075,14.098595324455548,11.560241448940577,43535.17270833333,43535.17270833333,43535.17270833333,43535.17270833333,0,0,0
1990-07-16 20:55:14.500,15.3,121.04,30425.006070601845,0.0,8.0,7.8,5.0375,0.11415069439410797,0.7863935196866414,0.012199321440597537,0.11764080555556537,0.3298439103062675,2.02738763315912,0.10185808340318617,0.25775715488559386,0.9109177753084952,1.653493819920322,10471456171574.295,0.45451468220708396,0.10243969319189963,-0.9999999999999998,14.162324264449978,0.939615543918778,15.867079102935426,11.729789136607259,8.839349156590512,-17.623078116196194,0.561572916660225,0.561572916660225,0.561572916660225,0.561572916660225,0,0,0
1990-07-16 21:28:42.700,15.4,121.58,30425.02931365741,0.0,3.0,4.8,4.533333333333334,1.0256360732154974,4.84650767413845,0.35153612104784815,0.07834514779044838,1.5328040537761787,7.06817868595723,0.7851572809991691,0.15465854124817952,0.07463220073369481,0.18872651821070185,24846779686.8195,0.0008377062976308241,2.521087033094951e-05,-0.9999999999999999,8.672617004934883,0.939615543918778,12.387070443724992,10.046937300601789,16.80476015907593,-104.54648903160052,7404.003341435189,7405.662922453706,7405.662922453706,43535.17270833333,0,0,0
1990-07-17 00:22:43.700,17.44,121.2,30425.15015856481,4.4,4.0,4.8,4.625,0.5809782158534152,3.082698173268857,0.0917200569629368,0.0446107228248284,1.1581186184086716,5.58197005048525,0.36446070072399417,0.17223870173556485,-0.5060477813967523,-0.019860385419958604,33444458788.600903,0.018074460892285687,0.0003354626279025119,-0.9999999999999998,8.867725110565202,6.47489218779034,9.63468992691577,5.121968519448095,10.717535991599059,-0.3863512926034949,1124.5983379629615,14809.888121527774,14809.888121527774,43535.17270833333,0,0,0
1990-07-17 08:00:11.300,16.35,121.8,30425.467839120367,0.0,3.0,4.7,4.466666666666668,1.255272505103308,5.804356523041614,0.4355663194183833,0.09948488590379301,2.0044360703226913,9.096196357107235,1.1106128044072798,0.18298087593575896,0.0760187533431882,0.16196733745524217,20652690255.961617,0.00017146776406035444,9.698214581499055e-07,-0.9999999999999999,5.887866499588108,1.32376148697754,8.994019004708026,10.281846099043854,13.946478780641817,-10.508937235354015,3759.8044467592554,8019.486687499997,8019.486687499997,43535.17270833333,0,0,0
1990-07-17 12:49:04.000,16.19,120.77,30425.668449074074,0.0,47.0,5.7,4.691489361702128,1.4896528103032867,8.371083542360122,0.23889291620304803,0.09663631773712121,1.7371779276130073,9.617207653495264,0.32487908753064376,0.39998016575780476,0.08051371134203666,0.16389025520838985,211620589287.77707,3.396577818435485e-05,6.144212353328218e-06,-1.5487026548495015,33.93892357368036,1.16554439201962,11.53516644907725,7.55414530722972,8.758727253851097,-4.855949729546866,1910.3136342592588,23105.961689814816,43535.17270833333,43535.17270833333,0,0,0
1990-07-17 18:06:35.300,16.43,120.84,30425.888950231478,4.6,38.0,5.7,4.707894736842106,1.3822328198582874,7.790036612202277,0.24936363335685782,0.08982631108875666,1.1821033235236482,6.799403124226376,0.18238183987863602,0.19484210402802452,0.06416463255376481,-0.05195330976527135,206267308654.41333,7.133481518830674e-05,0.0002842431644270542,-1.4201266762286784,30.435801600351645,1.16554439201962,8.923062721613116,6.1239832007028365,7.74765297930181,-1.314434424845584,1910.534135416663,23106.18219097222,43535.17270833333,43535.17270833333,0,0,0
1990-07-17 18:33:39.500,16.08,119.92,30425.907748842597,5.1,5.0,5.0,4.62,-0.0,0.0,0.0,0.0,,,,,,,39600804225.85609,1.0,,-1.0,9.311630656989129,17.720071917774902,22.01932428988882,4.766700616559209,20.7293613866147,-5.062201555975187,22595.160920138893,23100.04409143519,43535.17270833333,43535.17270833333,1,0,0
1990-07-17 21:47:28.900,17.28,120.87,30426.042348379626,4.9,8.0,4.8,4.3999999999999995,,,,,,,,,,,35747073549.65583,,,-1.5491933384829668,12.540857118757762,5.866404587397811,9.781868937364361,4.748758396924913,10.558591385807363,-5.382579071059596,43535.17270833333,43535.17270833333,43535.17270833333,43535.17270833333,0,0,0
1990-07-17 21:54:21.000,15.62,121.55,30426.047118055554,0.0,11.0,7.8,4.863636363636363,0.057833348920666355,0.4012744671264694,0.002388651655344596,0.07924570403536511,0.2801899883246786,1.7019799372873743,0.05606623114561073,0.2908189203631101,0.8615384615384656,1.725621870132085,10471486066088.324,0.6706562144903842,0.14435440301720168,-1.474331270308942,16.606797231426484,0.939615543918778,11.968906709959816,7.337442996857423,8.839265045665549,1.4600994419730566,1.60262037036955,1.60262037036955,1.60262037036955,1.60262037036955,0,0,0
1990-07-17 22:00:56.400,16.56,121.24,30426.051694444446,0.0,17.0,6.6,4.829411764705882,0.48524898423975155,3.1122589209187868,0.0879614758997548,0.08910545632974078,0.7004749708116974,4.222184865733809,0.18329409815024,0.171355071064536,0.18626391398877473,0.5723972423436923,918467667719.5385,0.03501491265070227,0.007917263287169669,-1.46312704190058,20.64495787630204,1.32376148697754,10.686743151481085,8.007755710928748,6.260941525065071,-4.922562247520267,0.0320902777784795,0.0320902777784795,43535.17270833333,43535.17270833333,0,0,0
1990-07-17 22:07:37.900,16.02,120.41,30426.056341435185,0.0,33.0,5.4,4.684848484848484,1.8002857361630422,9.773938269830627,0.39080418376027887,0.06779046411636407,1.7923264332515152,9.71711023191411,0.3873562279339791,0.44453249348544654,-0.02910387695559269,-0.0215069596926023,143878394145.5036,3.973221633929123e-06,4.1977899189220165e-06,-1.2375966910186265,27.86238901583754,1.16554439201962,12.09593932756031,8.367083212249803,10.578557983676214,-4.036434544980124,23100.192684027777,23100.192684027777,43535.17270833333,43535.17270833333,0,0,0
1990-07-17 22:26:13.200,16.34,121.06,30426.069249999997,0.0,31.0,6.6,4.670967741935484,0.5416432054038705,3.4532224535886638,0.06550296339650491,0.10484973023795732,0.8685889638065067,5.14163726918817,0.16844687678637488,0.24165513996198099,0.22454394491332064,0.6804713351923741,919892400280.5295,0.02371758052683272,0.0024787521766663043,-1.3877505912111203,27.404198322966153,1.32376148697754,10.261250556139526,7.778341529805763,6.279268305830183,-1.4413302930657508,0.04964583332912298,0.04964583332912298,43535.17270833333,43535.17270833333,0,0,0
1990-07-17 22:46:04.000,16.42,120.57,30426.08303240741,0.0,49.0,6.6,4.795918367346939,0.8078625909262234,5.099859964222589,0.09797163200253538,0.11770455126397843,0.9734186663348763,5.990041079744737,0.14224096386089607,0.17691468471389946,0.2872185672373515,0.4463876984211863,933311761526.2861,0.0037706153155634783,0.0012015559572645426,-1.354335482415816,35.04996433664377,1.16554439201962,9.192678142291635,6.621908371775069,6.5919428550347305,0.15140909431560162,0.06342824074090458,0.06342824074090458,43535.17270833333,43535.17270833333,0,0,0
1990-07-18 01:32:28.100,16.31,121.36,30426.19858912037,0.0,24.0,6.6,4.637499999999999,0.49681082288236306,2.992952370362886,0.05695492480500679,0.2629038219137562,1.013353791107587,5.706220095662379,0.2369580021222991,0.41362221716850134,0.5756699481734726,0.9689754301648881,874477589591.5123,0.032327158409175716,0.0009118819655545204,-1.5417170084844831,23.994318280111848,1.32376148697754,14.543544107217253,7.154232098433359,6.887446627432071,-1.459772479382394,0.17898495370172895,0.17898495370172895,43535.17270833333,43535.17270833333,0,0,0
1990-07-18 10:03:19.300,12.2,121.02,30426.553348379628,0.0,3.0,5.5,4.733333333333333,0.3149535427314968,1.6261111995128745,0.0896617016950303,0.10294186265637376,0.7445048261198607,3.6040415244230775,0.5010130245185166,0.23419915217432505,0.3369807641784117,0.6591428316102697,90030454257.98555,0.11353751166213913,0.005840977343195231,1.4411533842457844,7.410849195313975,33.583915990407704,44.09701808343306,9.141600509189564,48.42105409989205,24.978370401461834,43535.17270833333,43535.17270833333,43535.17270833333,43535.17270833333,0,0,0
1990-07-18 21:14:45.100,16.06,121.04,30427.019619212966,0.0,51.0,7.8,4.737254901960784,0.41127864715671947,2.964021031045904,0.03403778195927538,0.153736815802474,0.9510098143866859,5.851766400898418,0.1819947772227769,0.6615220449551603,0.5931560475191624,1.646786529040953,10512008344519.363,0.058366554738708804,0.001402718603495513,-2.0443659761016613,35.38492334322997,1.16554439201962,10.51899040804637,6.8189748492651185,8.792220871174075,-0.5473272838508773,1.0000150462983584,1.0000150462983584,2.575121527781448,2.575121527781448,0,0,0
1990-07-19 03:53:41.900,15.77,121.42,30427.29666550926,0.0,16.0,7.8,4.7875,0.057833348920666355,0.4012744671264694,0.0016497352586362587,0.07924570403536511,0.2801899883246786,1.7019799372873743,0.03872244750832904,0.3548898181649325,0.8615384615384656,1.725621870132085,10471556189710.441,0.6706562144903842,0.14435440301720168,-1.4160585906363063,20.02855104951072,0.939615543918778,13.277894136752108,8.791682144698427,8.839984999208944,5.3250919294735715,2.8521678240758774,2.8521678240758774,2.8521678240758774,2.8521678240758774,0,0,0
1990-07-20 02:41:12.200,15.82,120.41,30428.246321759256,0.0,18.0,5.0,4.622222222222222,2.5563025007672717,12.886627756081099,0.6605811458097189,0.11579156121238644,2.171472409516257,10.984071575110052,0.4766617635727877,0.2779785355776758,-0.04112003654230634,-0.05835189384561179,71530093967.63197,2.1433470507546882e-08,3.0590232050183034e-07,-1.4304949456302474,20.631073578697208,1.16554439201962,16.304431226335293,8.381126683417296,15.403986300936785,-0.819241456322993,11324.282120370368,11324.282120370368,43535.17270833333,43535.17270833333,0,0,0
1990-07-20 08:57:22.000,15.48,121.66,30428.507546296296,0.0,8.0,4.8,4.55,,,,,,,,,,,42618390315.76595,,,-2.065591117977289,14.162324264449978,1.15113647103934,20.78138044369128,9.790944349404448,23.166508763657724,4.790579353766377,7407.481574074074,7409.141155092591,7409.141155092591,43535.17270833333,0,0,0
1990-07-20 11:54:56.300,16.19,121.39,30428.630859953704,0.0,32.0,6.3,4.578125,0.3115613973443253,1.82643466155896,0.015260526387519626,0.17172915917774698,1.240841376866432,6.734189859342517,0.2420553924179216,0.44496690471494,0.437801803666785,0.8728841857701797,474609866900.27203,0.11622934970591875,0.00018944182523289666,-2.4212797070655276,27.857419850059824,1.32376148697754,15.282171243042463,6.882423305134459,10.91914034719001,-0.8803052558403957,1.6112407407381397,43535.17270833333,43535.17270833333,43535.17270833333,0,0,0
1990-07-20 13:59:33.900,16.51,121.72,30428.71740625,0.0,7.0,4.7,4.442857142857143,,,,,,,,,,,29880647552.455177,,,-2.6457513110645907,12.32142385258237,1.32376148697754,10.123530741920783,7.698460159823376,10.937366146270413,-1.2707433485145334,8022.736254629632,8022.736254629632,8022.736254629632,43535.17270833333,0,0,0
1990-07-20 15:11:17.800,16.39,120.94,30428.76721990741,0.0,60.0,6.6,4.705,0.7178080310465609,4.6808343682041365,0.07612821441102982,0.09319098584268773,1.004490638415686,6.1521358537544115,0.14908048763445875,0.2341613497039767,0.07898857946810445,0.47536765553360194,1041429666962.5719,0.007023860974582942,0.0009694559595989307,-2.2759297254326447,38.4403269171166,1.16554439201962,10.248925590408966,6.542228379949573,7.4081319878554535,0.270083005475854,1.747600694445282,2.7476157407436403,43535.17270833333,43535.17270833333,0,0,0
1990-07-20 22:49:45.700,16.22,121.12,30429.08559837963,0.0,51.0,6.6,4.686274509803922,0.6377347222379185,4.192243534208467,0.06876519213855906,0.08207345888951395,0.940971377457049,5.743441684273244,0.14970674251720179,0.23373596569008187,0.026352073951408705,0.49626313629778185,1038201502532.6842,0.012212254134123886,0.0015034391929775379,-2.305514063146839,35.38492334322997,1.32376148697754,11.11339529589416,6.982625356499844,7.336156720886727,0.170911242749851,2.065979166662146,3.0659942129605042,43535.17270833333,43535.17270833333,0,0,0
1990-07-21 01:01:26.800,16.33,120.03,30429.1770462963,5.1,20.0,5.4,4.705,1.5744394812806943,8.451351946981191,0.39559809187381634,0.09677298729664573,1.2815247006981179,6.977408602720479,0.26209347402821304,0.138739055457101,0.03215191980156806,-0.044614995652831446,118155775673.86476,1.8909565775398612e-05,0.00014302959137875435,-1.2874232262686236,21.265348438599453,2.1193502162484403,15.096069004654572,7.654748884292754,13.392887521492783,3.104141365677465,23103.31338888889,23103.31338888889,43535.17270833333,43535.17270833333,1,0,0
1990-07-22 02:21:09.200,15.38,120.61,30430.232398148146,0.0,8.0,4.9,4.6,,,,,4.3429448190325335,21.14716512702014,2.8399328151036403,1.1278988205629554,,0.030685281944005993,44447572097.71234,,9.357622968839192e-14,-0.9999999999999998,13.285795734172117,11.9086632210245,22.50240961451865,9.177695182840047,22.99304169396388,-23.388491693554396,11326.268196759258,11326.268196759258,43535.17270833333,43535.17270833333,0,0,0
1990-07-22 06:03:04.600,16.44,121.06,30430.386511574074,4.6,57.0,6.6,4.682456140350877,0.6913942172363781,4.533948131673565,0.07706459867817689,0.061771076450568216,0.8811772096587718,5.50057319577257,0.12517855903548178,0.15509736248871092,0.042311175530889145,0.35769920569936264,1043853465232.8475,0.008429801501093822,0.0022723141402201247,-2.2818261917224913,37.44953185900747,1.32376148697754,10.77961821386695,6.893502036518184,7.369782581727943,0.35500242872308846,3.3668923611076025,4.366907407405961,43535.17270833333,43535.17270833333,0,0,0
1990-07-22 07:22:01.300,15.5,121.45,30430.441334490737,0.0,17.0,7.8,4.747058823529411,0.057833348920666355,0.4012744671264694,0.0015597919141589888,0.07924570403536511,0.2801899883246786,1.7019799372873743,0.036611304876799367,0.35678531484231885,0.8615384615384656,1.725621870132085,10471537712450.064,0.6706562144903842,0.14435440301720168,-1.643452031377628,20.64495787630204,0.939615543918778,16.530707538089604,9.7459298421671,8.84088509829492,5.439600050339877,5.996836805552448,5.996836805552448,5.996836805552448,5.996836805552448,0,0,0
1990-07-22 09:53:38.000,15.95,120.94,30430.54662037037,0.0,46.0,7.8,4.728260869565218,0.40583892842044256,2.874823886400886,0.03498344206178097,0.18681252424617062,0.8891068133452414,5.5048646893589295,0.16790476043338973,0.5777075747335999,0.7163427037669114,1.608545152581816,10483507959462.215,0.06060147779108101,0.002151193911133911,-2.632514198321979,33.567709516667605,0.939615543918778,11.389749508982693,7.66583938341845,8.84646987700262,-0.21883172719300162,3.5270011574029922,6.10212268518444,6.10212268518444,6.10212268518444,0,0,0
1990-07-22 11:15:09.000,16.4,120.74,30430.603229166667,4.6,73.0,6.6,4.741095890410959,0.8289810210488038,5.3784118423612215,0.08988180707226602,0.08011423267824519,0.9796116133156075,6.159425935027139,0.12551350855553656,0.1614872377623279,0.11202053388797228,0.31237962953516085,1052849292768.9114,0.00325879421629312,0.0011512381158937017,-2.5923060084337877,42.467743361982706,1.16554439201962,10.01155673463316,6.011340117966545,7.433908292719706,0.7199741830677384,3.583609953700943,4.5836249999993015,43535.17270833333,43535.17270833333,0,0,0
1990-07-22 18:07:07.300,16.83,120.84,30430.889320601847,5.1,20.0,6.6,4.9,0.5503121842869118,3.507603492492255,0.09426683251927147,0.07859162581184147,0.6537766394242515,4.048603573193089,0.1330452746432167,0.1102653202646104,0.2261569475562899,0.40735968669897193,917215949387.0627,0.022338985546766513,0.010931256415981971,-2.8968272975116056,21.809359409176462,2.9416394831736996,8.58587183379547,4.81085598571749,6.415502221700981,0.16282392571286736,4.8697164351797255,4.8697164351797255,43535.17270833333,43535.17270833333,1,0,0
1990-07-22 21:54:40.700,16.1,121.58,30431.047346064817,0.0,15.0,4.8,4.473333333333333,,,,,,,,,,,48408570444.875694,,,-2.679711003789361,18.72683788479003,1.32376148697754,15.754515530824136,8.941636410642753,16.454063807810677,0.610425504727506,3765.3839537037056,7411.680954861113,7411.680954861113,43535.17270833333,0,0,0
1990-07-23 20:27:19.000,16.32,120.85,30431.98667824074,0.0,78.0,6.6,4.720512820512821,0.8289885314830457,5.380530718516863,0.0856295437951139,0.07806310568663347,1.0038967923391764,6.280683076441786,0.12557544290142236,0.1715212872345391,0.1095233357556955,0.343696439344936,1053814599940.8925,0.003258625153646804,0.0009734409748998902,-0.31663114130996334,43.91859721345402,1.16554439201962,10.348628419267381,6.249044047742874,7.432157520117046,0.08757353671298411,4.967059027774667,5.967074074073025,43535.17270833333,43535.17270833333,0,0,0
1990-07-23 22:20:42.000,16.1,119.64,30432.065416666668,0.0,4.0,4.3,4.15,1.982271233039556,8.571478427542056,0.583375749854642,0.05171799541411685,2.171472409516257,9.28794962939299,0.7000528796998192,0.09780999774127694,-0.024069423334568185,0.022741127776021663,11449853884.551477,1.1302806712963945e-06,3.0590232050183034e-07,-1.921537845661046,8.867725110565202,20.7735646569421,29.807116793146324,9.394724822353353,26.912821051674136,3.95904019898886,22601.318587962964,23106.20175925926,43535.17270833333,43535.17270833333,0,0,0
1990-07-24 17:34:34.300,16.08,120.2,30432.866716435186,0.0,31.0,5.4,4.654838709677419,1.7998582973955402,9.636265206386117,0.39066920416488865,0.10379724639753994,1.4085226440105494,7.699237672897207,0.2392545553463401,0.2394921392424868,0.04609785096407926,-0.06617955035129874,129159958107.12488,3.984970473125371e-06,5.948836981993088e-05,0.8747714365455355,26.95102314429482,1.16554439201962,15.130065891462621,8.168844350016029,12.913763344390466,3.2368269412524207,23107.00305902778,23107.00305902778,43535.17270833333,43535.17270833333,0,0,0
1990-07-25 17:34:30.800,16.3,120.3,30433.86667592593,0.0,45.0,5.4,4.6288888888888895,1.6015174022760397,8.87064696610215,0.2979952479343176,0.11976688076187395,1.284001076931351,7.265253982955624,0.19154763326372257,0.20387488409861598,-0.13890139032856563,-0.25829274872489805,165073834568.89908,1.5683673518668645e-05,0.0001406037064330695,1.4777011582226216,32.808211997848886,1.16554439201962,12.872848838330457,7.920485427905381,12.11123754775247,0.5702472454951704,21185.224986111112,23108.00301851852,43535.17270833333,43535.17270833333,0,0,0
1990-07-25 18:59:44.600,16.94,120.69,30433.925863425924,5.1,13.0,5.3,4.615384615384615,0.8430288108871838,4.686781232470479,0.18769789249920998,0.05699147349545951,1.0528351076442477,5.640847971391058,0.29274890477736165,0.15215390239886853,-0.25945558674112235,-0.05776963594293161,97712205846.04381,0.0029574238257529645,0.0006942160929985544,1.5661106929916233,17.343404087127173,1.8370666633396,8.0818377153508,5.014596321941661,11.841056890814395,-0.649731920694751,43535.17270833333,43535.17270833333,43535.17270833333,43535.17270833333,1,0,0
1990-07-28 01:37:46.700,16.47,120.89,30436.202276620374,4.5,67.0,6.6,4.719402985074628,0.7864090378834171,5.117233816633772,0.08799883552256174,0.07373324987103415,0.9814564562785374,6.116759690209235,0.1370635593678099,0.18198869431643525,0.09291072441567305,0.3676708415545864,1049724672037.609,0.004372933634425255,0.001136660141543155,1.6187659872479827,40.65849212055697,1.16554439201962,10.248663676195921,6.350214531418649,7.401364531735549,0.012304697725424557,9.182657407407532,10.18267245370589,43535.17270833333,43535.17270833333,0,0,0
1990-07-29 03:56:13.700,16.49,121.35,30437.298422453703,0.0,38.0,6.6,4.634210526315789,0.5398334428733612,3.3410345711427127,0.05139134731635763,0.15369375401757593,0.8985403073860397,5.267235984892316,0.14237887587019468,0.24451770680853785,0.41099000951209774,0.738008120954162,884450287529.6278,0.024015944506568337,0.00201548271450702,2.3594512729188435,30.866070137195727,1.28623057722023,13.039676096290924,6.7799957923671,6.94269000416139,-0.5530121741335383,11.278818287035392,11.278818287035392,43535.17270833333,43535.17270833333,0,0,0
1990-07-29 22:17:35.600,16.36,121.05,30438.06325925926,0.0,69.0,6.6,4.671014492753624,0.7535335308337878,4.916521554894565,0.08008077448495342,0.06933060189256597,0.9650988486738964,5.9957572046672105,0.13136107534037889,0.17965998500380512,0.07537786479864383,0.38741647769475573,1048082328611.1329,0.005487814305967792,0.0012726338013397777,2.4133621335197444,41.27038220505827,1.16554439201962,10.569515466373998,6.706926823316167,7.397143135876882,-0.13036055395263674,11.043640046293149,12.043655092591507,43535.17270833333,43535.17270833333,0,0,0
1990-07-30 17:16:28.400,16.5,120.77,30438.854148148148,4.5,50.0,6.6,4.684,0.7341226391059374,4.638256632230634,0.08898884249985953,0.11641985785479725,0.9405103429751965,5.7448985676592175,0.1460580423251985,0.1691557385744491,0.2819049227532249,0.49172207347992547,926192396504.6794,0.006275265176184097,0.0015082348482255486,2.134028982088736,27.320886896399625,1.28623057722023,10.062284941227588,5.368111527303455,6.576827985566672,-0.18889038427798877,12.834543981480238,12.834543981480238,43535.17270833333,43535.17270833333,0,0,0
1990-07-31 04:58:00.100,15.77,121.62,30439.341320601852,0.0,8.0,4.8,4.4875,3.0102999566397837,14.449439791870958,1.6912950651903225,8.344140375468994e-15,3.4743558552260394,16.584096925367746,2.252933815305671,0.9745552656962309,8.881784197001252e-16,0.026713204860014272,36760118293.36207,9.313225746156613e-10,3.775134544278459e-11,2.8284271247461903,9.614845731745175,9.84198172900811,22.101857604895315,8.931334500555627,24.72714711985893,-1.0136152146449793,14.896822916667588,14.896822916667588,14.896822916667588,14.896822916667588,0,0,0
1990-08-01 04:24:37.900,16.59,120.48,30440.318146990743,5.5,15.0,5.3,4.553333333333333,1.4474337484713946,7.5051659222723375,0.43321067289514403,0.1282375827924367,1.3249662159760236,6.916590481331431,0.3630039646278822,0.20265638040992387,0.11484666901100571,0.07979861076201722,81106669495.4963,4.546725702074056e-05,0.0001059500953940964,0.9231861823449956,10.30314823997324,1.28623057722023,7.96313942415314,5.164398563272352,7.393835738845268,-0.1770411121420553,14.429196759265324,23120.611387731486,43535.17270833333,43535.17270833333,1,0,0
1990-08-01 12:22:06.400,15.73,121.43,30440.649726851854,0.0,6.0,4.7,4.466666666666666,,,,,,,,,,,29050534657.357834,,,1.7888543819998315,5.723882402952541,12.8185110582311,22.23126108983155,8.304730221373983,22.640288461540077,-1.0585056654384308,16.205229166669596,16.205229166669596,16.205229166669596,16.205229166669596,0,0,0
1990-08-02 02:41:37.100,17.16,121.0,30441.24660995371,5.1,3.0,4.9,4.633333333333334,1.0256360732154972,4.94907128146,0.35153612104784815,0.07834514779044847,1.5328040537761836,7.221459091334871,0.7851572809991744,0.1549326973968787,0.07463220073369392,0.18872651821070274,30568217103.949467,0.0008377062976308258,2.5210870330948685e-05,0.6123724356957945,3.427505006446984,4.33822728926123,10.591916404881486,10.214960590861494,6.9009753888733885,1.8849346058172514,1140.694789351859,43535.17270833333,43535.17270833333,43535.17270833333,1,0,0
1990-08-02 04:29:33.500,15.48,120.68,30441.321568287043,0.0,3.0,4.5,4.266666666666667,0.9396275030257824,4.223452094811509,0.2950494586047577,0.07415822971415348,1.3714562586418488,5.962946289287058,0.6285608149827187,0.15177028646746057,0.005184680938802089,0.15210610858843232,14024819445.889153,0.0015174608349343478,7.684776196487846e-05,2.1213203435596424,3.6122809875741004,14.0352721269559,17.138341771037535,2.733573458979332,18.04816374234467,-1.1184550895810341,10748.31144097223,11337.357366898155,43535.17270833333,43535.17270833333,0,0,0
1990-08-03 08:17:20.200,17.21,120.63,30442.47974768518,4.7,5.0,4.9,4.5,0.9030899869919392,4.364934937127704,0.21387576024603588,0.08244045955542259,1.4476482730108402,6.815447224212762,0.5495733002038224,0.13638424367956975,0.0666666666666691,0.19205584583201674,32316003337.134968,0.0019531250000000594,4.539992976248456e-05,-0.40824829046386296,6.210684822583022,4.33822728926123,10.87204584664994,7.473628965246479,7.520589017269248,1.0624538621702107,43535.17270833333,43535.17270833333,43535.17270833333,43535.17270833333,0,0,0
1990-08-03 13:42:03.900,16.27,120.75,30442.705253472224,0.0,22.0,5.5,4.554545454545455,0.9265260225074741,5.227536363964056,0.18313266913271642,0.09492134038131152,1.0635783230283722,5.8652836996753,0.2413178997784281,0.1385813150275738,-0.1420826150318799,-0.014670215330100156,140579920852.92157,0.0016612000384025412,0.0006445624937978777,1.4291792020209926,10.180048284651086,1.28623057722023,9.895000317839251,6.275947634489855,7.689557732599529,-0.3544395320797614,15.685634259258222,16.68564930555658,43535.17270833333,43535.17270833333,0,0,0
1990-08-04 13:57:54.900,16.42,120.91,30443.716260416662,0.0,18.0,5.3,4.5166666666666675,0.6020599913279615,3.1307119549053994,0.06646705882629307,0.09519404303287926,1.7371779276130135,8.813201840967748,0.5533698979988911,0.2868938558742998,0.10000000000000053,0.22671320486001356,81610146700.84721,0.0156250000000001,6.144212353327941e-06,0.0,8.467984622221822,1.28623057722023,8.311225686871785,5.170535015460613,8.725566940136735,-0.2534898389019155,16.696641203696345,17.696656249994703,43535.17270833333,43535.17270833333,0,0,0
1990-08-05 23:46:10.400,16.38,120.57,30445.12477314815,5.5,15.0,5.3,4.393333333333333,0.6450642764228162,3.3543342373986444,0.0868487411356556,0.08045365049404743,0.9650988486738945,4.836994584431285,0.19440218416719615,0.2053795345584733,0.09999999999999964,0.28808376874802466,71004650079.64545,0.011609330383882467,0.0012726338013397947,-0.866025403784439,6.691295753643278,1.28623057722023,8.142578009441653,5.012327184242026,7.8714705006797905,-0.4346306779648188,19.105168981481256,19.105168981481256,43535.17270833333,43535.17270833333,1,0,0
1990-08-06 03:35:22.800,17.25,120.91,30445.283944444447,4.3,5.0,5.1,4.6,0.5375535636856803,2.7952785311655375,0.11121166488506627,0.08994991577134982,0.7896263307331853,3.854348483963315,0.239966211623577,0.18816899807414178,-0.10000000000000053,0.21876905069203012,48655310587.08384,0.02439716194236601,0.004276820349208924,-1.299038105676658,5.490790707171333,5.05770160446453,11.618582529008664,6.81523124540099,8.170884414103845,0.8762712696817777,43535.17270833333,43535.17270833333,43535.17270833333,43535.17270833333,0,0,0
1990-08-07 02:37:09.200,16.13,120.26,30446.243509259257,5.5,5.0,4.5,4.3,2.3856062735983126,10.75605135396046,0.925572354934006,0.03606670660650687,2.895296546021689,12.926896402612924,1.3633235685619385,0.3453178522330481,-0.008728650238098545,0.03520815669978461,18008862827.581673,6.969171937625622e-08,2.0611536224384135e-09,0.34641016151377546,2.6605697758412394,2.72957664680104,11.960195010490969,6.110105722008337,10.899135380628156,-0.7133152652704697,21197.60181944444,23120.37985185185,43535.17270833333,43535.17270833333,1,0,0
1990-08-07 04:23:56.000,16.02,121.32,30446.317662037036,0.0,3.0,4.8,4.333333333333333,0.5689391661997594,2.6232413586175665,0.1789533847146712,0.1032376928784224,1.1329421267041366,5.008889761536209,0.7096164988462471,0.21183916477146073,0.1892410393547692,0.3788652893438913,22105939691.444683,0.01964185503295964,0.00039918445425918335,-0.6123724356957945,0.9485932936647604,17.485242111015502,21.8255788439636,6.771110485136858,18.868499570962918,4.374435325254851,19.298042824069853,21.8731643518513,21.8731643518513,21.8731643518513,0,0,0
1990-08-08 18:07:17.800,16.34,120.83,30447.88944212963,0.0,13.0,4.9,4.392307692307693,1.5051499783198898,7.4254065597114565,0.4064536181594948,0.08689987451537545,2.1714724095162667,10.506950320390436,0.8459799530546942,0.35283581312636103,-0.033333333333333215,0.0613705638880111,44317880403.93849,3.0517578125003436e-05,3.059023205018097e-07,0.2581988897471612,5.14147691044649,1.28623057722023,7.001948912451026,4.667162499730751,7.535182002299787,0.03231307282398318,20.869822916665726,21.869837962964084,43535.17270833333,43535.17270833333,0,0,0
1990-08-08 20:37:23.900,16.36,120.51,30447.99367939815,5.5,14.0,4.9,4.357142857142858,-0.0,0.0,0.0,0.0,,,,,,,40812855275.68057,1.0,,-0.6666666666666666,6.490005352782371,1.28623057722023,7.088255879965371,4.998647593660577,5.752944838628411,0.6603928993051992,22.10472916667277,23128.28692013889,43535.17270833333,43535.17270833333,1,0,0
1990-08-08 23:27:46.400,16.83,120.64,30448.11199537037,0.0,7.0,5.1,4.385714285714285,0.7891125051937975,3.9051934628084517,0.2059604404920802,0.11174679265649048,1.1329421267041366,5.462066612217864,0.42454273341410353,0.13660989325836165,0.15115755091299832,0.27886528934389077,44073265518.68796,0.004292027386268136,0.00039918445425918335,0.39735970711951313,5.560574655853819,1.28623057722023,7.3195067607368385,3.1719704008283416,7.855379676969995,0.9263000624820288,22.223045138893212,23128.40523611111,43535.17270833333,43535.17270833333,0,0,0
1990-08-10 00:53:45.100,17.59,120.89,30449.1717025463,4.6,4.0,4.7,4.425,1.5051499783199083,6.953792899837975,0.4931749378082016,0.12592988207988953,2.48168275373287,11.273295832379304,1.3407072885072449,0.2229028636218117,0.08000000000000096,0.15739848680401902,21942828035.475563,3.0517578124999502e-05,3.588820514756982e-08,0.0,5.0564020833731655,0.28424238624512704,11.312135681442266,9.278110468527213,7.483274259324435,-3.839379048574468,19504.38054513889,19504.38054513889,43535.17270833333,43535.17270833333,0,0,0
1990-08-10 09:01:46.500,17.21,120.94,30449.510607638884,4.6,6.0,5.1,4.516666666666667,0.645064276422817,3.2253213821140854,0.12700686534742828,0.08045365049404728,0.9650988486738925,4.643974814696498,0.2842921118361756,0.17839305207714432,0.09999999999999964,0.28808376874802377,45276959239.953674,0.011609330383882396,0.0012726338013398116,0.6928203230275509,6.296666491975481,0.28424238624512704,12.822725457415736,9.016334735222085,8.532959390775789,0.5861600915580472,1148.9587870370342,43535.17270833333,43535.17270833333,43535.17270833333,0,0,0
1990-08-10 14:32:21.900,16.47,121.03,30449.740184027778,0.0,11.0,4.9,4.3909090909090915,1.3396200136274892,6.612738062645154,0.34061362087036084,0.10243728843311747,1.4975671789767302,7.288265591833632,0.42566837305087885,0.1341090843927635,-0.036278941323708125,0.033263005394110756,41069953323.362816,9.575025938117521e-05,3.215869842902224e-05,1.0000000000000002,4.668878793083532,1.28623057722023,7.631459432693092,5.478531504949389,8.0147624713966,-0.2471458411064917,22.72056481481195,23.72057986111031,43535.17270833333,43535.17270833333,0,0,0
1990-08-11 21:09:39.600,16.35,120.41,30451.016083333332,5.5,13.0,4.9,4.353846153846154,1.7967703601686453,8.651340716514808,0.5017466754898889,0.13620574872436758,2.0044360703227078,9.597669959803559,0.6244300182986674,0.222768815599236,0.08506042380241041,0.11178544833392223,39396904584.764626,4.070885801379872e-06,9.698214581497943e-07,-0.3535533905932739,6.561615990012876,2.72957664680104,7.825748180950049,4.956072594330559,6.001968015839243,0.33832040399188434,25.12713310185427,23131.30932407407,43535.17270833333,43535.17270833333,1,0,0
1990-08-12 21:09:38.300,16.36,120.16,30452.01606828704,4.0,8.0,4.6,4.324999999999999,1.5051499783199305,7.233245316343558,0.4263919626068062,0.014766461302361977,2.48168275373287,11.52146410775259,1.1591562510627031,0.39734825702084475,-0.2056641667147403,-0.042601513195981155,26506865788.90761,3.051757812499482e-05,3.588820514756982e-08,-1.4770978917519928,4.869805876065783,2.72957664680104,8.757918897028883,5.561366564469152,8.323982610692724,0.0382851990445447,21203.374378472225,23126.152410879633,43535.17270833333,43535.17270833333,0,0,0
1990-08-13 05:26:15.300,16.34,120.41,30452.36094097222,0.0,15.0,5.5,4.446666666666667,0.8553693048010931,4.505189559209252,0.16246428648765424,0.14641450366872857,1.286798464898526,6.565003232545458,0.36768139353313883,0.20942832073720527,0.2330474288449187,0.39818847968305615,98417196210.31772,0.0027157643661691513,0.00013791280933656,0.8660254037844389,7.664134187636311,2.72957664680104,9.450675863598715,8.057561391160638,25.47600724489932,0.9194163461631086,26.471990740741603,23132.654181712962,43535.17270833333,43535.17270833333,0,0,0
1990-08-15 22:24:07.700,16.42,120.28,30455.067797453703,4.0,10.0,5.5,4.4799999999999995,0.6592761789509567,3.4617680226165355,0.13228769702658857,0.12294067831015267,1.0592548339103722,5.359691273541657,0.34149598109140505,0.181400982322003,0.2491383229939892,0.44013045590202005,94695717973.8132,0.010523772792959732,0.0006641030858712658,0.0,5.539793379658729,0.9605189646382291,10.826958507866205,9.728429308365769,27.956315238415264,0.13314013701122188,21206.426107638887,23135.361038194445,43535.17270833333,43535.17270833333,0,0,0
1990-08-17 01:23:44.500,16.11,120.0,30456.19252893518,0.0,4.0,5.5,4.6,0.4061156700032383,2.0849167997146743,0.11692008781171896,0.14831249318012774,0.7896263307331853,3.8395279473340223,0.44201080135849774,0.2363010449100507,0.3661995738848258,0.6375381013840604,90186603387.93945,0.06048573884258349,0.004276820349208924,-1.1547005383792517,3.166907644580755,20.8244791912945,32.5055140674213,15.857292249889719,33.46195575095465,-0.2974098186323752,23130.32887152777,23130.32887152777,43535.17270833333,43535.17270833333,0,0,0
1990-08-17 08:06:13.100,16.58,120.95,30456.472026620373,4.0,8.0,4.7,4.375,,,,,,,,,,,28594384088.154263,,,2.121320343559643,3.080302715902798,2.91343252077335,8.890929703387263,4.3307578615377835,9.686343329844348,1.0218289773237754,30.452422453705367,30.452422453705367,43535.17270833333,43535.17270833333,0,0,0
1990-08-19 10:12:07.200,16.17,120.21,30458.55945833333,0.0,11.0,5.5,4.427272727272727,0.7091456725519077,3.717764756434752,0.14966690760503776,0.12344191276996129,1.0022180351613499,5.087688801577448,0.2989367432397575,0.16299266043072777,0.257403308891206,0.42357089666784287,94714351912.54674,0.007456980069573734,0.0009847951351168668,0.3692744729379981,6.502501427248668,0.9605189646382291,12.035282077864542,9.79356039596543,27.99770311130753,0.6411222712173918,21209.917768518513,23132.69580092592,43535.17270833333,43535.17270833333,0,0,0
1990-08-20 22:10:30.800,16.33,120.6,30460.058342592594,0.0,12.0,5.5,4.583333333333333,0.5780259120704304,3.329469509135012,0.10694796871422768,0.1009354861438795,0.8985403073860382,4.817965831199289,0.25843602503340535,0.1678386229590191,-0.2600696432607812,0.1380081209541606,131168941848.87418,0.018446852015987263,0.00201548271450704,3.1333978072025612,4.051172755846754,0.9605189646382291,12.217353445130293,9.715855350194287,24.221239848049514,0.3392819180394557,34.03873842592657,34.03873842592657,43535.17270833333,43535.17270833333,0,0,0
1990-08-21 03:01:28.500,15.97,120.86,30460.26039930555,0.0,5.0,4.8,4.340000000000001,-0.0,0.0,0.0,0.0,,,,,,,24631689785.292828,1.0,,1.7320508075688772,1.5458545992121144,0.9605189646382291,12.27264446557416,14.003224991777207,6.665253342808923,-1.2215406420017147,33.24078009258301,35.81590162036446,35.81590162036446,35.81590162036446,0,0,0
1990-08-24 07:56:52.800,16.47,120.9,30463.46554166667,4.0,6.0,5.1,4.666666666666667,,,,,,,,,,,53149571339.74661,,,-0.8164965809277259,1.369800124779848,0.9605189646382291,4.976034188861832,4.570079334889577,3.25165243351023,-0.47657476180249714,36.445922453702224,37.44593750000058,43535.17270833333,43535.17270833333,0,0,0
1990-08-28 11:04:03.600,16.34,120.79,30467.595527777776,0.0,6.0,5.1,4.5,0.8614437414558441,4.335933498661082,0.27521262345546516,0.06811554648149257,0.9650988486738945,4.7519850406257085,0.3454284509628389,0.10070907455294237,0.06666666666666643,0.17616753749604985,46980024024.541046,0.002604166666666658,0.0012726338013397947,0.6123724356957945,1.0023520220651763,0.5633947902413831,3.753945770600737,2.7662323366012584,2.1834128750712414,-0.45233875087568626,40.57590856480965,41.57592361110801,43535.17270833333,43535.17270833333,0,0,0
1990-08-31 01:46:39.800,16.87,120.89,30470.20844675926,5.3,3.0,4.6,4.5,2.3856062735983508,10.994611981320464,0.7557266632048603,0.03606670660650738,2.895296546021689,13.216426057215095,1.113149032429004,0.1078416351329146,-0.008728650238097657,0.03520815669978283,19990372434.900024,6.969171937623769e-08,2.0611536224384135e-09,0.6123724356957945,1.4051369504108304,0.5633947902413831,4.741319830760774,4.753949073553073,5.816174754045834,-0.04534426705752157,44.18884259259357,44.18884259259357,43535.17270833333,43535.17270833333,1,0,0
1990-09-02 07:03:08.900,16.52,121.03,30472.428228009256,0.0,3.0,4.4,4.133333333333334,0.954242509439323,4.103242790589088,0.2792441551584575,0.15087898849914982,2.3688789921995523,9.952637223517872,1.7208868884365407,0.28877761194895746,0.10000000000000053,0.19858774707751348,10717940145.358585,0.0013717421124828711,7.822814343740164e-08,-0.6123724356957945,0.004845698371913084,0.5633947902413831,2.8160540764811106,2.361760204325756,1.693288928187471,0.3792962513365642,46.408623842587986,46.408623842587986,43535.17270833333,43535.17270833333,0,0,0
1990-09-03 05:13:29.500,16.33,120.75,30473.3520775463,0.0,7.0,5.1,4.457142857142857,0.8907922846317906,4.513003042489293,0.2895495700396624,0.08963495475316233,0.8685889638065036,4.336992535695928,0.27529520344263864,0.1038524825107087,0.033720104732670286,0.10685281944005443,48841398407.54265,0.0021262931794992835,0.0024787521766663602,0.9332565252573828,1.3805499469117934,0.5633947902413831,4.863867459945581,3.437907227823213,3.2138349696932123,0.3659347779725077,46.332458333334216,47.332473379632575,43535.17270833333,43535.17270833333,0,0,0
1990-09-03 06:42:13.000,17.27,120.86,30473.41369212963,4.1,4.0,4.6,4.25,1.15626562076531,5.194271097971871,0.38692718111097396,0.12741565632166107,1.4476482730108402,6.392653083371323,0.6065130176822616,0.15385152036415461,0.10771811884030313,0.1841116916640324,16703610827.45157,0.0003397841667012663,4.539992976248456e-05,-1.1547005383792515,3.2729782124317675,2.61119783182073,6.948562959417362,3.3615426554005157,8.646032198234806,-0.4103393367113849,43535.17270833333,43535.17270833333,43535.17270833333,43535.17270833333,0,0,0
1990-09-04 20:51:06.300,17.52,120.96,30475.00319791667,0.0,4.0,5.3,4.575,0.4841741189001094,2.4503420626075085,0.13986582787393925,0.10351466551658943,1.0218693691841223,4.893911341901276,0.6230160586005453,0.2482269175949325,0.23913043478261198,0.5108248965240465,61078066335.43381,0.03527586267705891,0.0008597890156869469,-1.1547005383792515,3.6297049773194057,5.79499355403756,7.74451188997157,2.151259661606572,6.191381986104203,-0.2891767283478645,43535.17270833333,43535.17270833333,43535.17270833333,43535.17270833333,0,0,0
1990-09-10 07:02:17.600,16.44,120.39,30480.427634259257,4.8,3.0,5.0,4.5,0.49053693002164767,2.3876226608282836,0.15976462726329005,0.07670250492469737,0.7896263307331853,3.635626577652404,0.41398104511822353,0.1620671755187227,0.13263423260932328,0.39576324123253936,33789665181.887074,0.03375897173202931,0.004276820349208924,0.6123724356957945,0.05072678306944903,3.6825069157312202,13.50716656188528,15.659129724017218,7.823788021693017,2.2439173014546165,54.5386840277788,23160.720875,43535.17270833333,43535.17270833333,0,0,0
1990-10-20 07:45:45.500,16.4,120.49,30520.457818287043,4.8,3.0,5.0,4.533333333333333,0.5521558317030709,2.6804331579865326,0.1825554595623905,0.0788394736782782,0.8985403073860382,4.161136515002418,0.48344450290865243,0.15934510993715578,0.14551326983363122,0.36900406047708056,33909893399.561302,0.022056292111443537,0.00201548271450704,-0.6123724356957945,-0.41721298405811164,2.06381673101323,9.854715074206343,7.640732619037391,10.91165277895651,-1.4386899030896003,94.56886805556496,23200.75105902778,43535.17270833333,43535.17270833333,0,0,0
1990-11-18 17:24:56.500,16.25,120.8,30549.860028935178,0.0,3.0,5.1,4.566666666666667,0.47917886305725704,2.336099837821007,0.14409180714116054,0.1069731930549739,1.0423067565678037,4.8548096323044385,0.6817656070974007,0.227126424581727,0.2247852985079044,0.44224487972161963,40410956818.95546,0.03651433627468981,0.0007465858083766833,-0.6123724356957945,-0.7618117502750552,3.84603290520909,5.782788607814809,2.3375379674715493,4.1250135046593535,0.2172185326255298,122.84040972221192,123.84042476851027,43535.17270833333,43535.17270833333,0,0,0
1991-02-18 09:11:09.500,8.73,126.67,30641.517123842597,5.8,3.0,6.2,5.0,0.20654045036011184,1.1788067846640276,0.06307950701979417,0.08499158625303732,0.41361379228881134,2.131576423874908,0.2529694495215066,0.19520492124677058,0.4926105631670259,1.046457096898485,380783851861.8637,0.24009253047470128,0.0574326192676173,-0.9999999999999999,4.308100197271101,11.958300787197501,37.80195038398047,22.674814937337864,54.282242995144784,-211.24390491857957,0.27337962963065365,429.6023668981543,24278.254311342596,43535.17270833333,1,0,0
1991-02-18 17:44:31.500,8.64,126.43,30641.87362847223,5.2,4.0,6.2,5.325,0.2976547862398574,1.872659979279168,0.08209216073636746,0.08009396349773258,0.4963365507465735,2.8355744696875433,0.2282592903481368,0.1681085168203836,-0.09138205011134382,0.4869924340200953,415510135233.0584,0.12794863035550913,0.032433240894795524,-0.9999999999999998,4.6041218342485815,25.4605722628832,41.897263879598576,12.300569419020889,48.53178055867899,-57.29907642893625,0.6298842592623259,10570.934322916673,24278.610815972228,43535.17270833333,1,0,0
1991-02-19 11:11:44.700,8.92,126.57,30642.600864583335,5.2,5.0,6.2,5.12,0.2976547862398574,1.872659979279168,0.07608253308889958,0.08009396349773258,0.4963365507465735,2.8355744696875433,0.21154937152320974,0.15582043575002222,-0.09138205011134382,0.4869924340200953,415576258427.7162,0.12794863035550913,0.032433240894795524,-1.5075567228888183,7.18724635423819,20.192419824787603,37.55629506863638,14.411733313964929,48.50009495770158,-54.47730005778857,1.3571203703686479,10571.66155902778,24279.338052083334,43535.17270833333,1,0,0
1991-02-19 20:19:10.800,8.72,126.87,30642.98102777778,4.9,5.0,5.8,4.540000000000001,0.2565722738504591,1.374408575179783,0.049434014949033246,0.11870885631829273,0.6059923003301187,3.0222889161061612,0.2757659561065564,0.2242569633918607,0.4431913528550444,0.8126611931211878,166622240181.38022,0.16993513405457186,0.015206284059065848,-1.2632278815997786,9.311630656989129,11.958300787197501,30.579428845172504,17.03014675859669,25.652759625703435,26.509682840353616,431.0662708333366,431.0662708333366,24279.71821527778,43535.17270833333,0,0,0
1991-03-02 03:29:27.500,8.73,126.73,30653.279832175933,0.0,9.0,6.2,4.766666666666667,0.40053793911199115,2.4863728774911995,0.0993537256128561,0.06091973834105125,0.4416554053253408,2.633103952750075,0.12079916696518121,0.09292143464012051,-0.007583938249617006,0.23810318859241253,418389986035.2628,0.0628617088270191,0.047318806710871575,1.7214571252710136,12.27700756236849,11.958300787197501,37.05668366012207,16.587050605566652,48.61551555999086,2.790456732425243,12.036087962966121,441.36507523148975,24290.01701967593,43535.17270833333,0,0,0
1991-05-03 16:04:06.700,10.17,125.13,30715.803896990743,5.7,4.0,4.4,4.2,2.1072099696478648,9.181414867751414,0.7221517415010781,0.09519404303287918,2.895296546021672,12.472775830016817,1.3633235685619247,0.19718417994809256,0.04285714285714182,0.0920558458320162,12940666171.711067,4.768371582031373e-07,2.061153622438658e-09,-1.3333333333333333,8.867725110565202,6.22006100837071,13.205258571584615,9.473451880505502,11.029167953961506,-16.6988124898449,15582.686998842595,15582.686998842595,15582.686998842595,43535.17270833333,1,0,0
1991-05-04 17:58:24.800,10.45,125.2,30716.88327314815,5.7,8.0,4.5,4.2,1.5051499783199047,6.823346568383569,0.31139266167818574,0.08689987451537623,2.171472409516257,9.638361356583886,0.6481230269297492,0.13148190332099763,-0.0333333333333341,0.0613705638880111,19222342436.313515,3.051757812500025e-05,3.0590232050183034e-07,-1.3787639750914227,12.540857118757762,3.09560365363344,11.710344471228975,8.144956411937128,12.98077613133721,-14.508408133688906,43535.17270833333,43535.17270833333,43535.17270833333,43535.17270833333,1,0,0
1991-05-05 05:08:58.200,9.99,124.81,30717.3489375,5.3,6.0,4.4,4.166666666666666,,,,,,,,,,,14819499936.54606,,,-0.9999999999999999,11.27963597824045,3.09560365363344,7.74789902115835,3.5533310822272774,7.895984210915913,12.640045990588625,450.89025578703877,450.89025578703877,43535.17270833333,43535.17270833333,1,0,0
1991-05-06 00:10:20.400,10.27,125.4,30718.141555555558,5.7,13.0,5.1,4.292307692307693,0.9745054232985769,4.788515629880167,0.17913051175100783,0.17475547444036643,1.3160438845553082,6.357958707923844,0.326694474148075,0.1758456693854598,0.1862093576948487,0.26888548889674624,46261271857.19368,0.0011925695879998807,0.00011268558050780106,-1.930787708804515,16.703754014653853,3.09560365363344,11.604926216871696,6.362064544312309,9.944332081437592,-2.1883157294934987,5734.377562500002,15585.02465740741,15585.02465740741,43535.17270833333,1,0,0
1991-05-06 01:04:55.000,10.4,125.17,30718.17945601852,5.3,15.0,5.7,4.46,0.5737837811916627,3.2792511459366103,0.10234202929939391,0.0875212879757782,0.7153085584288857,3.9209248412584654,0.15905390291476304,0.12567017675942863,-0.015133911812735157,0.2185545523592749,159953707248.19904,0.01899540932427476,0.00714618614709694,-2.0287566780017223,18.11926334811359,3.09560365363344,13.65095998938139,7.990786158995065,24.555079000706,1.8038581567426695,15585.062557870371,15585.062557870371,15585.062557870371,43535.17270833333,1,0,0
1991-05-08 18:00:28.000,10.33,125.17,30720.884699074075,5.3,19.0,5.7,4.463157894736843,0.7168758121379548,4.048225930126361,0.12757740872152812,0.07625266303226212,0.8351816959677912,4.5912812926615025,0.17316011182123245,0.09862127937519084,0.05296063616200719,0.20265575164309535,161813540432.00137,0.00706923735359645,0.00312215825087934,-3.137746730610128,20.673131007185397,1.7005573067125699,12.477045056936545,7.647428900720223,23.893532814431225,-0.1320861200817136,15587.767800925927,15587.767800925927,15587.767800925927,43535.17270833333,1,0,0
1991-05-10 05:30:57.100,10.4,125.22,30722.3642025463,5.3,20.0,5.7,4.500000000000001,0.7644906200045712,4.352480954915358,0.14628056089491856,0.07885053823473055,0.7767868782009376,4.381576261422257,0.15102403032963177,0.08093719693736046,0.006691487085436876,0.05935855202636464,168743857724.97528,0.00508777784687208,0.004673468990519302,-2.5627265885317474,21.265348438599453,1.7005573067125699,12.259066562640186,7.507023361875148,22.349967684439957,-0.4670955480712214,15589.247304398154,15589.247304398154,15589.247304398154,43535.17270833333,1,0,0
1991-05-11 22:12:15.000,10.25,125.08,30724.059548611112,4.7,22.0,5.7,4.486363636363636,0.8007335150874838,4.54660719258704,0.14820095344438372,0.07761697319940225,0.8017744281290798,4.526811287002668,0.14858651136147633,0.07721326393521129,0.021947181029005947,0.05400889803149944,169378345489.89163,0.0039609508618771525,0.003932572297987309,-0.21650635094610957,22.927685291131933,1.7005573067125699,13.69846878893677,9.662615270604576,22.579159268032257,-0.22789275386541527,15590.942650462965,15590.942650462965,15590.942650462965,43535.17270833333,0,0,0
1991-05-14 05:35:06.500,10.25,125.11,30726.367089120366,4.7,23.0,5.7,4.521739130434782,0.8209433413681704,4.710397986910515,0.15862851247975474,0.10281926504767099,0.7477918231446712,4.329448191828923,0.13161830885773246,0.10101421779675912,-0.037786945272306305,-0.08964366529497081,179322035526.64273,0.0034448473018138556,0.005709847781462595,2.3574758339572237,23.46702083094983,1.7005573067125699,13.658713295798762,9.442381594402553,21.404769251206247,-0.19318100516087167,15593.250190972218,15593.250190972218,15593.250190972218,43535.17270833333,0,0,0
1991-05-17 09:08:52.600,10.26,124.89,30729.51553935185,0.0,21.0,5.3,4.414285714285715,0.8939793206322949,4.879847737346535,0.1539406964598837,0.08712669634497604,1.0057345896706888,5.366051420742187,0.19483423693521584,0.0965831973799183,-0.15856892293113667,-0.03545477689020515,92953594782.7054,0.0020799937888595194,0.0009611612000701343,2.2699497253739325,22.94558781116753,1.7005573067125699,11.299510548500292,7.982205888823684,11.150985544916464,0.18286108369174853,22517.593398148147,43535.17270833333,43535.17270833333,43535.17270833333,0,0,0
1991-06-15 07:39:12.900,15.42,120.54,30758.45327430555,0.0,4.0,4.6,4.3,0.7708437471768732,3.640814002675346,0.20116693304425354,0.08310685080441955,1.240841376866435,5.565425498793703,0.5212624259288948,0.16748797001370214,-0.12315435652090301,0.11479697360803875,18875271497.13477,0.004869324957922702,0.0001894418252328926,-0.9999999999999998,4.407993072862402,10.1691301972396,18.08094090545335,7.668330238563767,20.9360437661112,-96.81044022103504,11654.489072916662,11654.489072916662,43535.17270833333,43535.17270833333,0,0,0
1991-06-15 10:41:16.700,15.18,120.44,30758.57970717593,4.7,4.0,4.6,4.375,0.7708437471768722,3.7162816851277762,0.17971278369637933,0.1064729154494979,1.0218693691841223,4.689537468064452,0.3158181069643543,0.1656019605818213,-0.22105705434886946,0.010824896524046501,20382932124.957428,0.004869324957922732,0.0008597890156869469,-1.3333333333333333,6.34332552232842,13.3238902181105,18.869630910671077,6.682178307633828,20.122152843046628,-7.182440548157679,11654.615505787042,11654.615505787042,43535.17270833333,43535.17270833333,0,0,0
1991-06-15 11:15:35.900,15.43,120.78,30758.60354050926,0.0,3.0,4.5,4.3,0.6816017924566571,3.177014490836723,0.16322161714127753,0.08686069254313906,1.240841376866435,5.440486762185403,0.5409395838292619,0.1841036717979473,-0.16110055166668147,0.1154856989661619,14997261423.816563,0.009019752538805614,0.0001894418252328926,-0.44721359549995787,2.299312497411129,4.28712383946392,12.512898646787974,7.8517542290386455,15.973625994444374,1.1101167295777392,11065.593413194445,11654.639339120371,43535.17270833333,43535.17270833333,0,0,0
1991-06-15 19:48:55.400,15.05,120.01,30758.960016203706,4.7,4.0,4.6,4.4,0.6450642764228147,3.2005858550361412,0.12958494125446027,0.13479937531696382,0.9650988486738925,4.4624553860235325,0.2900628758187322,0.19541471352811024,-0.3616541669070523,-0.023832462503951213,21405141580.46543,0.01160933038388258,0.0012726338013398116,-1.3333333333333333,10.01427552475536,14.1362415546155,20.520578826840826,5.58021017369698,21.408464898098202,-1.425497464624556,43535.17270833333,43535.17270833333,43535.17270833333,43535.17270833333,0,0,0
1991-06-16 13:26:47.500,15.05,120.32,30759.694646990745,4.5,11.0,5.8,4.545454545454546,0.6779315733559989,3.71100216206639,0.16274079977822292,0.13163624901606713,0.8405699649740359,4.484636362330276,0.25019144766784374,0.153730158999314,0.32599302360910976,0.4647673017096192,171694954706.5129,0.009251353585105712,0.0030080850072550297,-1.8083888603589302,15.165249753966622,5.40323852781924,15.242814277142072,7.848090331472958,8.617212799458237,-4.173692138950779,43535.17270833333,43535.17270833333,43535.17270833333,43535.17270833333,0,0,0
1991-06-16 15:01:19.600,10.54,125.05,30759.760296296296,5.5,3.0,4.9,4.733333333333333,0.2515589415081158,1.5001276168526667,0.02425806207019539,0.05434294234266837,1.1329421267041366,5.462066612217864,0.49203051394334185,0.22912610735003877,-1.0633245706126866,0.07886528934389148,37477503560.47565,0.17592322403758834,0.00039918445425918335,0.6123724356957945,1.9684287409111465,4.500596618611881,8.343238832368217,3.772949865510272,9.79391039433426,-0.32567690922253495,43535.17270833333,43535.17270833333,43535.17270833333,43535.17270833333,1,0,0
1991-06-16 20:40:41.500,15.15,120.69,30759.99596643519,0.0,10.0,5.8,4.62,0.6734713675208035,3.7344747358541563,0.1812215068168011,0.10392394346706606,0.6948711710452029,3.821548905381796,0.19292124325671287,0.1022030304422405,0.2548871474646637,0.30034903645010225,175122836215.94946,0.009540824284804293,0.00822974704902003,-2.085144140570748,11.805027027642462,7.14391629282535,18.856429175085033,8.82779905206223,9.526967985199583,-2.2182808493628663,11656.031765046304,11656.031765046304,43535.17270833333,43535.17270833333,0,0,0
1991-06-17 14:31:34.300,14.94,120.43,30760.739633101854,4.4,14.0,5.8,4.4785714285714295,0.7012065189856156,3.88579810053622,0.15912946382676774,0.10794087938258778,0.7445048261198607,4.08116277914274,0.17938814713142667,0.10654354820235618,0.25841133057701526,0.3182856632205393,175691125152.98157,0.007877355458285972,0.005840977343195231,-2.2228757209048453,18.04815759025444,5.40323852781924,18.976026941206435,8.859543139565217,9.813738923140413,0.3470725132854393,43535.17270833333,43535.17270833333,43535.17270833333,43535.17270833333,0,0,0
1991-06-17 16:37:52.100,15.26,120.15,30760.82733912037,4.5,17.0,5.8,4.505882352941177,0.7796781544719505,4.368859373628345,0.17434684815326806,0.09602649917104114,0.7778408631103014,4.346112871110891,0.17352612863894276,0.09205869100634549,0.19658614446210265,0.2125937872016994,182689847477.6087,0.004581055323315918,0.0046395665717947525,-2.3278208693969558,19.43653965480373,5.40323852781924,17.78774123420763,8.5918594956538,10.217088753139587,1.0393673448069498,11656.863137731481,11656.863137731481,43535.17270833333,43535.17270833333,0,0,0
1991-06-17 23:10:08.700,15.28,120.6,30761.099753472226,0.0,17.0,5.8,4.494117647058823,0.7651428964783388,4.288259638136907,0.1686989993500705,0.09956486835919819,0.729349511593247,4.104660633849862,0.15328469645121406,0.09605199083939371,0.1954787296933258,0.17216236028824206,182388058316.84515,0.005064905077509531,0.00648561949158874,-2.5628464289109907,15.997258400682357,3.66730571275003,20.233654281815532,10.1212305026147,10.656040089196505,-0.1318341628885652,11657.135552083339,11657.135552083339,43535.17270833333,43535.17270833333,0,0,0
1991-06-18 20:17:49.000,15.04,120.17,30761.98008101852,4.5,18.0,5.8,4.522222222222222,0.8023959194552375,4.518504041707019,0.18413066408122153,0.1213901387687188,0.7042613220052737,4.037078798469775,0.14184576433863208,0.12422399730059354,0.16873501952163306,0.06764089929740003,186627847793.1633,0.00391572552098021,0.0077128704008256055,-2.8700676186447627,20.631073578697208,3.66730571275003,16.95334976353864,8.999365209577066,10.322693351601073,-0.46015977923994145,43535.17270833333,43535.17270833333,43535.17270833333,43535.17270833333,0,0,0
1991-06-20 09:12:47.800,15.13,120.16,30763.518261574078,4.5,19.0,5.8,4.510526315789473,0.8163137049008568,4.592572662547908,0.18115371610259765,0.11913700344863265,0.7477918231446724,4.254669009514461,0.15201781838944628,0.11714740046710771,0.1740100956584003,0.11035633470503114,186775018830.92935,0.0035567954132247515,0.005709847781462548,-2.955312329981712,21.228313169356625,3.66730571275003,16.9963651537944,8.747820591185022,10.351365698253495,-0.3125906261050933,21293.286918981485,21293.286918981485,43535.17270833333,43535.17270833333,0,0,0
1991-06-21 13:00:07.000,14.99,120.08,30764.676122685185,4.5,17.0,5.8,4.605882352941176,0.8520523800520093,4.788114683126638,0.2017153964299402,0.11938339751194606,0.7506324378574727,4.298784274679623,0.1565528998315351,0.1251082499463742,0.18049256686030102,0.07311683072260067,187396970670.73196,0.002778707669990616,0.005598899686024291,-1.934494259809812,20.64495787630204,3.66730571275003,16.090181468454837,8.611661277360982,10.292491722727585,-1.0896195794587278,43535.17270833333,43535.17270833333,43535.17270833333,43535.17270833333,0,0,0
1991-06-21 14:43:08.900,15.28,120.44,30764.7476724537,0.0,23.0,5.8,4.5,0.9017819550212324,5.055975994069163,0.1866684525059431,0.11728282514698016,0.7807541247698904,4.483287306689465,0.13992535597597525,0.12877099787064353,0.19334978270870273,0.057747523254120026,188365412091.35657,0.0019708525560356185,0.0045471326705409845,-2.534210374499762,21.162932470454585,3.66730571275003,18.07193859779404,9.81982587613995,10.701597632350435,-0.8238506614602963,11660.783471064813,11660.783471064813,43535.17270833333,43535.17270833333,0,0,0
1991-06-24 16:01:50.300,14.64,120.17,30767.80231828704,4.5,6.0,5.2,4.5,0.20068666377598696,1.2308782044927202,0.01943082323001822,0.08395325471992636,0.5428681023790649,2.689649646131867,0.14218141199893358,0.23305321936608822,-0.9333333333333345,0.2454822555520444,62831898996.19747,0.2500000000000009,0.02351774585600909,0.6928203230275509,12.264932589646444,17.056673511802497,23.162700352569534,7.251110310281576,18.365287021795428,0.7216702902680402,20664.16141550926,43535.17270833333,43535.17270833333,43535.17270833333,0,0,0
1991-06-24 19:48:10.800,14.97,120.55,30767.9595,0.0,19.0,5.8,4.557894736842105,0.8677385540152853,4.88184647655994,0.20615716123265238,0.12859151014483788,0.6603307911979273,3.887332675338131,0.11938334290155056,0.1621121141528901,0.17405834514303908,-0.08694746202277859,188776973937.42053,0.0024933562680873435,0.01044738565138293,1.3619698352243592,20.673131007185397,7.14391629282535,18.941017225779106,8.678570419056427,10.63545173293832,-1.18778274057713,43535.17270833333,43535.17270833333,43535.17270833333,43535.17270833333,0,0,0
1991-06-26 19:56:44.000,10.22,125.01,30769.965439814816,4.1,3.0,5.2,4.466666666666667,0.30615370820295645,1.4913209997372627,0.08001961767425275,0.11132046441425059,0.8405699649740359,3.8394011146158062,0.6032053150248233,0.2624360477011648,0.32884881097493945,0.63238365085481,48404797181.36824,0.12065320847510107,0.0030080850072550297,-0.44721359549995787,1.571915382874654,1.30940138763099,8.72442185974175,8.434964123071776,17.234692312051468,1.3288762843153654,22558.043298611112,43535.17270833333,43535.17270833333,43535.17270833333,0,0,0
1991-06-27 04:47:09.000,15.1,120.62,30770.33378472222,0.0,22.0,5.8,4.545454545454546,0.9260972732398818,5.197238620267247,0.20427817430000042,0.12426962321726275,0.7314433379423189,4.276182002013664,0.12742954550365337,0.15816302667372512,0.18802081547535732,-0.04622455382987045,189903342529.24112,0.0016661272991979979,0.006392488952820672,2.6544060653247894,21.44690187883484,7.14391629282535,20.551793221216077,10.237138548762449,11.21184223935382,0.6296674671220334,11666.369583333333,11666.369583333333,43535.17270833333,43535.17270833333,0,0,0
1991-06-30 08:38:33.600,14.78,120.59,30773.49448611111,0.0,10.0,5.2,4.53,0.7002374049809961,3.8487334671020017,0.16390350910821064,0.08871258170917594,0.7325449092344011,3.9217866587987418,0.17937674911583418,0.11122082718636123,-0.2963265882753774,-0.15364673122564998,73881990355.8347,0.00793026655189933,0.006344030646632209,0.7302967433402214,12.670543287852098,17.056673511802497,32.26018013281725,13.251486253305334,22.956245691908478,2.1539002271765897,43535.17270833333,43535.17270833333,43535.17270833333,43535.17270833333,0,0,0
1991-06-30 09:27:37.900,14.85,119.96,30773.528563657408,4.1,8.0,5.2,4.475,0.5925430745933855,3.2063600639357226,0.1362868706089082,0.06734872539832842,0.7360923422089015,3.7905578416134054,0.2103191246321628,0.11595790483442639,-0.21118477527728885,0.05043163166388087,65472503457.956314,0.016686712222995077,0.006190460736207604,2.520504151250418,10.832886466569427,3.66730571275003,20.8853320678207,17.834884363737196,18.382174027926908,5.330946636190383,43535.17270833333,43535.17270833333,43535.17270833333,43535.17270833333,0,0,0
1991-07-01 14:36:20.400,15.06,120.6,30774.742944444446,0.0,9.0,5.2,4.5777777777777775,0.7510116956670526,4.079062114920591,0.19431929993190167,0.08922051339106497,0.7325449092344011,3.9217866587987418,0.1848804738401283,0.10854515376683524,-0.23142289055504772,-0.15364673122564998,71996768597.33115,0.005584250773023307,0.006344030646632209,0.9486832980505139,7.79923204709599,8.87669558346008,24.247798935003438,16.12479736903921,16.722969139914174,3.010948186276905,43535.17270833333,43535.17270833333,43535.17270833333,43535.17270833333,0,0,0
1991-07-01 20:18:49.200,10.38,125.08,30774.980777777775,0.0,3.0,5.5,4.8999999999999995,0.21149321642250724,1.260185353174874,0.047144427641582894,0.08860115329105236,0.45715208621394965,2.305729599575461,0.22027179729335583,0.19295820434901664,-0.4585142941765019,0.4563183257652961,101242278381.78642,0.2320172904684861,0.04251515251442971,-1.4411533842457844,1.571915382874654,6.96277098040276,14.58128308094462,6.6159543739512925,18.575421582921717,3.2838060606093804,22563.05863657407,43535.17270833333,43535.17270833333,43535.17270833333,0,0,0
1991-07-03 03:49:45.000,15.21,120.44,30776.293923611112,0.0,6.0,4.9,4.383333333333334,0.6816017924566566,3.4591290967175325,0.18593077619107443,0.14458957485450322,0.7042613220052737,3.4350188071418124,0.19849862823918835,0.184582659612518,-0.17499999999999982,0.022522421987999586,35847545863.095795,0.009019752538805633,0.0077128704008256055,0.8164965809277259,4.193279230058232,8.87669558346008,26.923446202595787,14.685588958669292,18.61193775734676,2.47739005898422,11672.329722222225,11672.329722222225,43535.17270833333,43535.17270833333,0,0,0
1991-07-04 13:45:15.100,15.27,120.76,30777.70746643519,0.0,5.0,5.8,4.680000000000001,0.4080414557044318,2.2440183090895665,0.12781417112022547,0.10050908139160046,0.4416554053253408,2.3320739570860938,0.1497398975040646,0.12798852113886908,0.30051391171626474,0.5196979161430253,168887777815.77597,0.05968643405375919,0.047318806710871575,0.5222329678670935,3.7589436945268564,8.87669558346008,28.313765325494217,14.764815453379315,16.916791833642677,0.4978461940852505,11084.697339120376,11673.743265046302,43535.17270833333,43535.17270833333,0,0,0
1991-07-04 23:02:31.400,15.01,120.96,30778.09446064815,0.0,5.0,4.7,4.34,0.4024943064129853,2.150826745553659,0.05844062773371493,0.05097819863984551,1.042306756567806,4.854809632304447,0.39191013580222156,0.17674943238368734,-0.6437445232995946,0.04224487972162194,25757683355.85148,0.062017903475712205,0.0007465858083766711,-0.5222329678670936,7.18724635423819,35.120526836978,41.372002804957404,7.804766395579014,41.110184123842195,-0.2619006875287705,43535.17270833333,43535.17270833333,43535.17270833333,43535.17270833333,0,0,0
1991-07-05 23:09:59.400,15.02,120.27,30779.099645833336,0.0,7.0,5.8,4.528571428571429,0.45563054549642773,2.4592810360731754,0.1111095440771265,0.14657454864046737,0.7360923422089015,3.7905578416134054,0.28999486099739,0.2049210904923523,0.4024667126000292,0.6504316316638805,167709305207.6084,0.04296436164359695,0.006190460736207604,-0.33968311024337877,5.313393380554861,16.6095897816488,41.83411160210418,14.405765456699257,18.08869692948465,-2.582088339672193,43535.17270833333,43535.17270833333,43535.17270833333,43535.17270833333,0,0,0
1991-07-06 04:00:06.800,15.16,121.09,30779.30112037037,0.0,4.0,4.7,4.3,0.6809011806685282,3.2253213821140814,0.1897567291461007,0.09695853096714897,1.240841376866435,5.565425498793703,0.6301755443476573,0.1966360379999962,-0.03684210526315823,0.2147969736080393,21118559499.67468,0.009063510829376311,0.0001894418252328926,-0.9999999999999998,4.407993072862402,14.3585651369182,23.168172440873228,9.989303544941123,28.888501488389487,-42.486827971817014,11086.290993055558,43535.17270833333,43535.17270833333,43535.17270833333,0,0,0
1991-07-10 05:48:11.000,15.14,120.95,30783.376168981482,0.0,7.0,4.7,4.185714285714285,0.6880685615176699,3.262591762529619,0.11982366519813845,0.0871478061875734,0.9650988486738945,4.354445160094338,0.23573429276150865,0.2070687332511467,-0.04166666666666785,0.1880837687480259,22398208597.580257,0.008625699325576743,0.0012726338013397947,-0.7205766921228922,6.291019239910419,14.3585651369182,26.320885559627506,10.046803817178569,28.92002222778709,-2.076111571163845,11090.366041666668,43535.17270833333,43535.17270833333,43535.17270833333,0,0,0
1991-08-02 15:00:52.200,15.02,120.56,30806.759979166665,0.0,3.0,4.6,4.233333333333333,0.7262227698167678,3.2339223745526215,0.22512677568207215,0.11838434572598888,1.5328040537761836,6.608337469824397,1.0029071068146285,0.2337910964261923,0.14692787260227647,0.2887265182107015,15178383738.433117,0.006627224619061219,2.5210870330948685e-05,-0.6123724356957945,1.571915382874654,12.3674518590015,28.673144588850036,16.852202824390123,40.26430625505068,-4.257003985675973,43535.17270833333,43535.17270833333,43535.17270833333,43535.17270833333,0,0,0
1991-08-02 17:24:09.000,15.1,120.85,30806.859479166666,0.0,4.0,4.6,4.175,0.8600857018970895,3.827381373442047,0.24434770853517315,0.14688759736408788,1.930197697347789,8.322850780719119,1.2306325587713864,0.29686275581784527,0.15000000000000124,0.28808376874802466,15691789726.979593,0.002628711313735063,1.6195967923125758e-06,-0.8660254037844386,2.8792187439676864,12.3674518590015,31.515042595622276,14.887467788260897,40.2446185846543,-2.6756742481001665,43535.17270833333,43535.17270833333,43535.17270833333,43535.17270833333,0,0,0
1991-08-05 11:35:12.700,10.27,125.23,30809.617160879632,5.1,3.0,4.8,4.366666666666667,0.6191108321437562,2.877444466067151,0.20570337939638395,0.08504274464741028,1.0423067565678037,4.646348280990877,0.5830364778023001,0.17443521783066057,0.15229507113676988,0.34224487972162,22523739732.79174,0.013888888888888886,0.0007465858083766833,-1.4411533842457844,1.35318562330204,5.27630168455357,8.033723996937063,2.4199545927984367,9.461834733159877,0.5861364321777819,15676.500262731484,15676.500262731484,15676.500262731484,43535.17270833333,1,0,0
1991-08-08 14:52:57.200,15.04,120.58,30812.75448148148,0.0,6.0,4.6,4.133333333333333,-0.0,0.0,0.0,0.0,,,,,,,16913589978.19648,1.0,,-0.6123724356957944,3.921189535807645,12.3674518590015,30.6409085540345,13.083924317721362,37.96976615544421,-2.417272180643136,43535.17270833333,43535.17270833333,43535.17270833333,43535.17270833333,0,0,0
1991-10-24 05:56:34.600,10.27,124.19,30889.381997685185,0.0,3.0,4.2,4.133333333333333,0.8804562952784059,3.9695978926573394,0.11886450414395767,0.050833167908869104,2.368878992199564,9.952637223517918,0.8604434442182788,0.21483984318983565,-0.3085689249369583,-0.0014122529224858127,9405559147.580307,0.002283658260521173,7.822814343739539e-08,-0.9999999999999999,7.410849195313975,37.0621829129611,41.26339163422204,3.6383936237584034,40.84105869151419,-14.158470959512302,18523.661997685187,18523.661997685187,43535.17270833333,43535.17270833333,0,0,0
1992-03-19 23:14:22.500,17.22,120.81,31037.102690972217,0.0,3.0,5.9,5.366666666666667,0.47917886305725665,2.7194429282668118,0.14409180714116043,0.1069731930549739,1.0423067565678037,5.688655037558681,0.6817656070974014,0.22712642458172716,0.22478529850790263,0.4422448797216205,212079716144.19278,0.036514336274689904,0.0007465858083766833,-0.9999999999999999,7.410849195313975,6.299012672183101,7.400081260474553,1.180927326599919,6.466594110540699,42.482103497860464,43535.17270833333,43535.17270833333,43535.17270833333,43535.17270833333,0,0,0
1992-05-08 21:02:40.100,7.8,124.84,31087.011228009258,5.0,3.0,5.6,4.7,0.2513354217309752,1.305239998002205,0.0665801674378101,0.10509175173872427,0.6681453567742331,3.2165172174940184,0.47052141315326157,0.24434817720430585,0.406780560364826,0.7859020123657281,110135412345.32417,0.1761950628082142,0.009898375607203939,-0.44721359549995787,6.539149811747721,45.9690384162973,47.20585360099263,1.0832842840089703,47.97006041987341,0.17175061238787692,13543.141991898148,13543.141991898148,43535.17270833333,43535.17270833333,1,0,0
1992-05-19 12:55:06.400,7.96,126.55,31097.67264351852,0.0,3.0,4.8,4.5,0.9396275030257883,4.404997013831276,0.3101899115637165,0.11210386476092943,1.7371779276130073,7.946986343455594,1.0602415843053505,0.20396188323730755,0.11197522460091314,0.22534692783297228,23971781259.142967,0.0015174608349342842,6.144212353328218e-06,-1.4411533842457844,5.375620014486486,30.1457143757865,44.44270717721137,14.241377212450413,52.60972445166805,4.2909279760228545,388.8041921296317,21099.545768518517,25756.763175925927,25756.763175925927,0,0,0
1992-05-19 17:36:32.900,7.41,126.97,31097.868089120366,0.0,4.0,7.3,5.699999999999999,0.18929236601581242,1.3141423416735296,0.05168617712706197,0.08435696153013368,0.4136137922888117,2.546044815085377,0.24677333863812578,0.228735183565635,0.35760517799353053,1.144390920824116,3728259474732.3594,0.27047236715283873,0.05743261926761719,-1.9215378456610455,8.867725110565202,15.9047180176533,34.63827417919018,17.009468927679663,39.47629195660875,15.819230689632558,2.3062650462925376,2.3062650462925376,2.3062650462925376,43535.17270833333,0,0,0
1992-05-22 18:06:38.800,7.33,127.29,31100.888990740743,0.0,4.0,7.3,5.625,0.19345760482058177,1.3399884446931598,0.057676974051468266,0.07695637663020334,0.3406231230613741,2.1008017327980086,0.1788047730013398,0.18186136277918882,0.3734775407981292,1.1324746895721391,3728231951496.376,0.2628011041336737,0.09508907677188679,-1.921537845661046,10.01427552475536,15.9047180176533,29.674513351987752,10.561850608793824,39.47413694060459,3.4518753198624683,5.327166666669655,5.327166666669655,5.327166666669655,17894.79100462963,0,0,0
1992-05-26 20:19:12.700,7.25,127.06,31104.98104976852,0.0,6.0,7.3,5.199999999999999,0.1806179973983887,1.2583053818754406,0.038259259091967014,0.07674789110336956,0.2347537740017579,1.451323488272595,0.06463082145140575,0.18468091220131289,0.3333333333333375,1.1176777159641018,3728272755075.8228,0.2871745887492587,0.19757804233651488,1.4770978917519928,12.264932589646444,10.1052978022666,30.719551034018735,16.605639908797347,39.4757998433999,-2.9229263192547146,9.41922569444796,9.41922569444796,9.41922569444796,43535.17270833333,0,0,0
1992-05-27 01:59:05.100,7.36,126.58,31105.217072916672,0.0,4.0,7.3,5.300000000000001,0.1325149360654709,0.8530275010213694,0.027143542016567233,0.13892541721694854,0.4571520862139492,2.6135291706693393,0.32304146287821933,0.34764449359498273,0.8627822315824165,1.5830203569361023,3715461040219.445,0.40036415875352543,0.04251515251442983,1.9215378456610455,10.01427552475536,35.6589116850851,47.41251703667787,11.354355707526926,39.85451440638854,-0.6746414416930213,9.655248842598667,9.655248842598667,9.655248842598667,43535.17270833333,0,0,0
1992-05-28 22:31:40.900,7.35,126.75,31107.07304282407,0.0,7.0,7.3,4.957142857142857,-0.0,0.0,0.0,0.0,,,,,,,3715530379153.9834,1.0,,1.0606601717798212,13.247641299491772,27.2850317113113,41.369320136628176,12.281304031543433,39.85201676996754,-0.7335582646179927,11.51121874999808,11.51121874999808,11.51121874999808,43535.17270833333,0,0,0
1992-07-31 15:27:14.200,10.06,126.15,31170.77828935185,5.5,3.0,4.9,4.7,0.18866920613108729,1.1940642380177942,0.016374191897381978,0.05261732766926607,0.9650988486738925,4.627046304017401,0.4284512623473699,0.21685424137282946,-1.4288772052613545,0.10562447009935028,37099069845.49548,0.27163916174827557,0.0012726338013398116,-0.9999999999999999,4.047396061842092,25.6026560076402,47.671349689719534,19.149460639933388,56.74537830606256,-58.35745308300564,6187.014296296293,12954.04272222222,43535.17270833333,43535.17270833333,1,0,0
1992-07-31 17:44:42.200,10.23,126.43,31170.873752314812,5.5,4.0,4.9,4.575,0.35567455534836606,1.9789893793390039,0.05491751369628963,0.0756304547754268,1.0218693691841223,4.893911341901276,0.4533107675410681,0.21862611372368118,-0.6640454161830025,0.11082489652404703,37585220351.5952,0.08569911438686946,0.0008597890156869469,-0.9999999999999998,5.9546515815684335,25.6026560076402,53.67720142740913,19.71671665315184,57.34689258994805,-12.730166987588307,12954.787386574073,12954.787386574073,43535.17270833333,43535.17270833333,1,0,0
1992-08-03 15:24:06.500,10.08,126.23,31173.77611689814,5.5,5.0,4.9,4.46,,,,,,,,,,,37795472226.2149,,,-1.5075567228888183,5.948525409849168,25.6026560076402,50.16578676189214,18.793931239938736,56.927292369541554,-32.90863516766229,12957.040549768513,12957.040549768513,43535.17270833333,43535.17270833333,1,0,0
1992-08-04 11:41:02.200,10.2,126.63,31174.621206018517,5.5,7.0,4.9,4.528571428571429,0.3893012054457776,2.359979229900266,0.05470096033073165,0.07956321147101236,0.7360923422089015,3.7905578416134054,0.1955636134747252,0.17444213261550337,-1.1620907330557104,-0.24956836833611895,47760553930.31483,0.06793543860836768,0.006190460736207604,-1.8708286933869707,9.829789549278047,25.6026560076402,49.295800849335016,13.977097211663828,57.634279783310944,2.4941277977437277,12958.534840277778,12958.534840277778,43535.17270833333,43535.17270833333,1,0,0
1992-08-04 16:29:46.800,10.08,126.26,31174.821722222223,5.5,9.0,4.9,4.455555555555557,0.5110745685109765,2.9323140363067006,0.07762873421087918,0.08382459996404934,0.9967414338763151,5.03141206229478,0.2952697711183017,0.17137855284003162,-0.83754637185341,-0.14786085065981514,48514803129.40101,0.029293839278933496,0.0010227646249339661,-2.1213203435596424,9.880268263655912,19.2521516546423,48.446390471162815,17.923434639942126,57.06524372928482,-1.686907939394166,12958.086155092595,12958.086155092595,43535.17270833333,43535.17270833333,1,0,0
1992-08-08 02:50:15.400,10.06,126.23,31178.252608796298,0.0,11.0,5.1,4.4727272727272736,0.8899462050724131,4.7035711049642535,0.23442910007782916,0.16406172363695617,0.8685889638065036,4.551163634979259,0.22331228909719358,0.15943463085806436,-0.1852308130035052,-0.13972077083991863,62314495127.90217,0.002138756708539508,0.0024787521766663602,-0.14237369936287478,12.652617807959462,19.2521516546423,51.58807110349357,17.681616582993612,62.02753189943388,0.5677429915235366,12961.51704166667,12961.51704166667,43535.17270833333,43535.17270833333,0,0,0
1992-09-05 02:26:16.100,9.92,127.22,31206.23595023148,0.0,3.0,4.5,4.266666666666667,0.9396275030257824,4.223452094811509,0.2950494586047577,0.07415822971415348,1.3714562586418488,5.962946289287058,0.6285608149827187,0.15177028646746057,0.005184680938802089,0.15210610858843232,14024819445.889153,0.0015174608349343478,7.684776196487846e-05,2.1213203435596424,6.539149811747721,0.8653336860062221,30.277872706291276,29.476531398820878,21.564372665853277,-15.02235476872367,43535.17270833333,43535.17270833333,43535.17270833333,43535.17270833333,0,0,0
1993-11-29 17:01:58.100,12.23,126.2,31656.844075231482,0.0,3.0,5.4,4.633333333333334,0.3149535427314969,1.5946158452397243,0.0896617016950304,0.10294186265637367,0.7445048261198595,3.529591041811086,0.5010130245185153,0.22655542238842993,0.33698076417841527,0.6591428316102697,73179500605.00674,0.11353751166213905,0.0058409773431952845,-2.1213203435596424,8.672617004934883,12.6685871482319,16.6644993190867,5.317694354811776,14.848656787318976,-1.2934166917171916,6604.3569837963005,43535.17270833333,43535.17270833333,43535.17270833333,0,0,0
1994-05-17 20:33:59.000,7.68,123.06,31825.991307870372,4.2,3.0,5.7,4.866666666666666,0.2090968409595476,1.111521279015975,0.04200019923703056,0.11620471964680332,0.8405699649740374,4.175629100605427,0.6787410925908086,0.3163349752467938,0.38417947437564237,0.7323836508548114,135668999791.3654,0.23588997106898957,0.003008085007254999,-2.1213203435596424,7.410849195313975,6.48547827205992,10.161889862377473,3.339730701212466,6.63536427644667,1.5362479583931146,23881.260000000002,23881.260000000002,43535.17270833333,43535.17270833333,0,0,0
1994-05-19 18:18:40.000,7.98,123.33,31827.897337962964,0.0,4.0,5.7,4.65,0.3637156867777817,1.9202196923094963,0.11144849688764642,0.12915318150616015,0.6204206884332167,3.0837427450608295,0.32428188854200385,0.20613984444192665,0.420547498731648,0.7295939472160766,135727397515.4394,0.08106864975753567,0.013763786733050419,-2.8284271247461903,10.01427552475536,6.48547827205992,11.36698745190923,3.639355470262339,6.658206388268749,1.7938875277713988,43535.17270833333,43535.17270833333,43535.17270833333,43535.17270833333,0,0,0
1994-10-12 06:24:20.400,14.1,124.78,31973.40127777778,6.6,3.0,5.3,4.933333333333334,0.3879576522499899,2.1400277358492046,0.09445231953166881,0.08814736496812876,0.7445048261198607,3.75294248964705,0.34783959545785836,0.18563889664955321,-0.21613745324509281,0.2591428316102684,71162533190.37904,0.06856887802120461,0.005840977343195231,-0.9999999999999999,6.539149811747721,42.2687540176551,48.728437924380934,6.424501811462674,50.76898441706165,23.531681297537208,43535.17270833333,43535.17270833333,43535.17270833333,43535.17270833333,1,1,0
1994-10-12 06:34:21.700,14.15,124.47,31973.408237268515,6.6,4.0,5.3,4.800000000000001,0.4561060540363352,2.4830413581738098,0.11221240082929484,0.10064694326833333,0.9650988486738925,4.84849492549309,0.5024036383075858,0.21378258988672671,-0.1440000000000019,0.2761675374960486,71744564304.07857,0.04282346827250384,0.0012726338013398116,-0.9999999999999998,8.01355519627422,42.2687540176551,48.195975758631974,5.352589359254803,50.6518628178291,-13.731991379104706,43535.17270833333,43535.17270833333,43535.17270833333,43535.17270833333,1,1,0
1994-10-12 08:14:59.700,13.86,124.54,31973.478121527776,4.3,6.0,6.6,5.166666666666667,0.38836720280037507,2.3839282975083576,0.1142395764547721,0.1438409557215166,0.4342944819032526,2.5998146080829247,0.14285653522156042,0.14705060211661666,0.4616642179908208,0.6137056388801101,875223243058.0964,0.06837516566682064,0.04978706836786368,-0.9999999999999999,10.480523440714762,42.2687540176551,55.60843415184103,13.241939319288523,62.24841970577586,311.49683436512333,0.0634456018487981,0.0634456018487981,43535.17270833333,43535.17270833333,0,0,0
1994-10-24 06:17:25.600,13.69,124.75,31985.39647685185,0.0,6.0,6.6,5.033333333333333,0.3673565763581182,2.245268461686111,0.11409037473820023,0.11461445549411213,0.3984353044983962,2.372398283229283,0.13421127293868368,0.11942528518251462,0.48804064991800455,0.6457126754468296,874124731330.3868,0.07905516891015539,0.06378140568960687,1.4411533842457844,11.27963597824045,42.2687540176551,57.86178245470669,13.12659510804609,62.12932953039739,31.638354830856404,11.981800925921561,11.981800925921561,43535.17270833333,43535.17270833333,0,0,0
1994-11-15 01:17:45.400,13.67,121.2,32007.188372685185,0.0,3.0,7.1,5.7,0.13745740107973936,0.9659423624925312,0.03943228482185142,0.08135862432360917,0.24816827537328676,1.4697943562128095,0.1285310959047061,0.17329377240569863,0.072787533410545,1.1774284948308074,2467530636916.9067,0.3869258958251112,0.1800923121479524,-0.9999999999999999,7.410849195313975,6.90727133357489,11.748831523525965,4.577065785105439,7.106600852047537,31.77870207900139,0.02904976851277752,0.25159259259089595,0.25159259259089595,43535.17270833333,0,0,0
1994-11-15 10:16:05.000,13.47,121.07,32007.56221064815,0.0,6.0,7.1,5.25,0.28017514654384695,1.8857246577182953,0.0880487942170356,0.08318740453140847,0.2517649170453634,1.6594726429184887,0.07109754768091602,0.10849383418452367,0.36947917765010363,0.5086422270681883,2468542935176.218,0.14436920347862825,0.17567309343087442,-0.9999999999999999,10.480523440714762,2.29428893309772,12.675972974281185,7.159639953837671,7.131492949813266,0.1390971587816533,0.4028877314776764,0.6254305555557949,0.6254305555557949,43535.17270833333,0,0,0
1994-11-15 19:03:25.900,13.68,120.95,32007.92842476852,0.0,7.0,7.1,4.942857142857143,0.2245850523910995,1.529994380219172,0.05399050549650045,0.0803964872331813,0.21897200768231193,1.3968036869853726,0.051325465716755794,0.14392589846329726,0.28746121378197653,0.721085627474916,2468246065168.2095,0.21195557434736423,0.22033524710889094,-1.0,10.327096646634287,5.66549057379051,12.500875401342428,6.035816096108484,7.1361985186571255,-6.487304580973318,0.7691018518489727,0.9916446759270912,0.9916446759270912,43535.17270833333,0,0,0
1994-11-18 01:13:05.700,13.42,121.25,32010.185135416665,0.0,10.0,7.1,4.75,0.2673446094173309,1.7912088830961168,0.054535171667220626,0.07312835769379294,0.2895296546021679,1.8470375061172843,0.0639616893433833,0.12245878439252653,0.40000000000000036,0.7205584583201636,2467950899618.785,0.1577488390511653,0.1353352832366127,-1.4002800840280099,15.833959887352426,2.29428893309772,10.475338441119957,4.716278899570159,7.103508373820899,0.6627806215057775,3.025812499992753,3.2483553240708716,3.2483553240708716,43535.17270833333,0,0,0
1994-11-20 05:30:00.300,13.58,121.15,32012.36354513889,0.0,11.0,7.1,4.763636363636364,0.3052081601090662,2.031389701854754,0.06435747216023713,0.08578914122227517,0.3265372044385352,2.10307998342172,0.07366683926682085,0.11151297173781904,0.4442483938540942,0.6594475764626457,2468084750647.1885,0.12144384802738334,0.10480654070406589,-1.7041126723312634,15.165249753966622,2.29428893309772,10.533187496548708,4.478366849425315,7.105469316324878,0.3218702616321164,5.204222222218959,5.426765046297078,5.426765046297078,43535.17270833333,0,0,0
1994-11-22 11:08:26.800,13.68,121.06,32014.598574074076,0.0,11.0,7.1,4.718181818181818,0.2799372906127939,1.8642098394937332,0.053842885023370216,0.08886440073041722,0.35308494463679024,2.217235266274217,0.08565746395033093,0.1320014653349562,0.4406162665470408,0.8203913677060566,2467816711427.445,0.144606604357153,0.08724592793298679,0.14962640041614486,15.165249753966622,5.22312603486436,10.79944541489113,4.001189491869466,7.109842532182514,-0.9696036455813235,7.439251157404215,7.661793981482333,7.661793981482333,43535.17270833333,0,0,0
1995-04-19 12:48:20.800,11.76,125.7,32162.667949074075,7.0,3.0,4.9,4.500000000000001,0.6842962795654133,3.2484457277785816,0.22419568125690362,0.09756609539998758,1.240841376866432,5.688655037558677,0.7371763923041407,0.19440098754961038,0.15286659480068732,0.3154856989661612,27931660004.283173,0.008853421915680924,0.00018944182523289666,-1.4411533842457844,8.672617004934883,28.459644576132,42.155722829117636,11.915214124192719,46.93533006229129,6.2229815047073975,21877.614280092595,43535.17270833333,43535.17270833333,43535.17270833333,1,1,1
1995-04-20 17:54:08.000,11.77,125.8,32163.880300925925,7.0,4.0,4.9,4.4750000000000005,0.9561178544110728,4.54487405016629,0.31392215180676325,0.13683053371212447,1.3362907135484663,6.2144809882315215,0.6131983912789194,0.17757654285787478,0.1465336472921166,0.24945433263603523,29382886306.575546,0.0013540865888411009,9.797783966128993e-05,-1.3333333333333333,10.01427552475536,28.459644576132,45.74371647010625,12.088962399147695,48.113525512988026,6.675522518869319,21878.826631944445,43535.17270833333,43535.17270833333,43535.17270833333,1,1,1
1995-04-21 00:02:46.400,12.1,126.0,32164.136300925926,7.3,4.0,4.9,4.575,1.2041199826559252,5.799844583126039,0.3939890447645611,0.09831598488653168,1.930197697347789,9.094929859658235,1.0123908353444315,0.1898028265946693,0.08333333333333393,0.18808376874802502,31899722162.18278,0.0002441406249999991,1.6195967923125758e-06,-2.8284271247461903,8.867725110565202,28.459644576132,45.18411998445655,12.009272971438264,47.61137663661943,4.305590963354437,43535.17270833333,43535.17270833333,43535.17270833333,43535.17270833333,1,1,1
1995-04-21 00:30:10.400,12.1,125.7,32164.155328703706,7.3,6.0,7.0,5.083333333333333,0.2143075957420695,1.3604446050031584,0.04264054463202283,0.12504703649120624,0.496336550746574,2.8852081247622032,0.2287178877132861,0.2576313352372929,0.6519067357718606,1.1869924340200964,1996091221728.5508,0.22755019539868782,0.032433240894795407,-2.1213203435596424,11.27963597824045,16.250170769141498,36.57209655682052,16.382093821517916,22.463981921613936,-0.7489698635414692,0.014085648148466134,0.014085648148466134,0.014085648148466134,43535.17270833333,1,1,1
1995-04-21 02:16:00.100,11.96,126.28,32164.22882060185,6.3,3.0,7.0,5.533333333333334,0.16283648361725492,1.0350331869898899,0.046888444800286574,0.08985562489071722,0.3670094213266916,2.0919627085571055,0.23818632482328558,0.21492789513238528,0.6437267374139433,1.2999754584094037,1995857146582.604,0.3247061760330596,0.0792449755998434,-1.4411533842457844,8.672617004934883,16.250170769141498,22.3852479930763,6.104963084739326,22.434348117824978,-1.6700911110633558,0.0875775462918682,0.0875775462918682,0.0875775462918682,43535.17270833333,1,1,0
1995-04-21 02:23:11.800,12.44,125.8,32164.233817129632,6.3,4.0,7.3,6.125,0.14318360864925936,1.171197627472901,0.028119693674480875,0.0899572615918968,0.3696123250240442,2.4501216164481834,0.1873772527773639,0.21724715705503594,-0.8796906679580276,0.6711041256841286,4217606574731.287,0.3719196924554528,0.07783286642654537,-0.9999999999999998,8.01355519627422,16.250170769141498,31.722650742199676,14.706486355549343,40.57428018024351,1365.4063779835685,0.07527083333479823,0.07527083333479823,0.07527083333479823,43535.17270833333,1,1,0
1995-04-21 05:24:52.000,12.06,125.46,32164.35997685185,0.0,7.0,7.3,5.3999999999999995,0.1330544476336927,1.1012040678244253,0.018701603473404937,0.0947817634543514,0.33407267838711685,2.2056088475861233,0.11789678704592906,0.20095178762298363,-0.9763416586878,0.697817330544142,4217468353589.939,0.3988748529547729,0.0994905804948584,-1.4491376746189437,11.550178181211193,22.445928633955397,44.542822106386225,10.803335407851312,40.59015844907691,-5.923988085419431,0.2014305555530882,0.2014305555530882,0.2014305555530882,43535.17270833333,0,0,0
1995-04-21 09:18:49.100,12.32,126.19,32164.522443287042,6.3,7.0,7.0,4.985714285714286,0.2807446235608341,1.8403118737320403,0.07551744604192977,0.07628583788391961,0.35892105942417535,2.2064384539175554,0.1234304407860648,0.12156451234709682,0.4448900556299833,0.8525801259547396,2002790940502.6558,0.14380239835191674,0.08379861132138935,-1.0,12.32142385258237,12.6028666567557,15.859613223556925,3.5204623964508825,22.34520766592442,-5.487102114154818,0.3812002314843994,0.3812002314843994,0.3812002314843994,43535.17270833333,1,1,0
1995-04-22 02:16:14.400,11.67,125.6,32165.228986111113,4.2,8.0,5.0,4.5125,1.2041199826559186,6.080805912412388,0.39577015044309666,0.09519404303287905,1.930197697347789,9.480969399127792,1.0169675490619698,0.43642581270922515,-0.04999999999999982,0.08808376874802537,47542560755.83646,0.00024414062500001057,1.6195967923125758e-06,-3.360672201667224,14.162324264449978,28.459644576132,47.15816997401911,9.09795161880059,45.949558482786856,3.0923677049030918,21880.17531712963,43535.17270833333,43535.17270833333,43535.17270833333,0,0,0
1995-04-22 03:47:35.300,12.39,125.85,32165.292422453702,6.3,12.0,7.3,5.083333333333333,0.2808463602946526,2.096070455531719,0.05805147675502369,0.07968418883600248,0.330891033831049,2.3259214324654542,0.08058341548342764,0.10787625196651816,-0.16340616033836852,0.2707329765452151,4221187080566.882,0.14370137348956194,0.10170139230422683,-1.5491933384829666,15.951814179059156,1.48644880613838,22.33781365904505,13.465387921753752,40.45318816676442,-26.820990430742643,1.133876157404302,1.133876157404302,1.133876157404302,43535.17270833333,1,1,0
1995-04-22 05:55:55.600,11.87,125.46,32165.381546296296,0.0,9.0,7.3,4.822222222222222,0.09990923123243584,0.6527305606909789,0.007534930985831588,0.11650229614136413,0.4416554053253408,2.5970672002812982,0.14724316514206023,0.28005425758465713,0.7667642555228875,1.4196979161430257,3715660552014.9263,0.5015015807882849,0.047318806710871575,-2.1213203435596424,14.187408503055094,39.4511130898879,48.737889437307416,5.945695233823506,47.023451925615085,-1.2319931877247652,1.2229999999981374,1.2229999999981374,1.2229999999981374,43535.17270833333,0,0,0
1995-04-22 06:54:07.600,12.31,125.48,32165.421962962962,6.3,13.0,7.3,4.769230769230768,0.23185403595417897,1.5600046560876832,0.030779124837024677,0.09962701932390743,0.4342944819032518,2.6866735044635712,0.10799299091029883,0.19540897767959614,0.5716087961652514,1.1137056388801092,3719390789909.316,0.20157556795756412,0.04978706836786396,-1.6876950573908704,16.703754014653853,12.8116869911455,36.204960966373655,16.20853338322582,46.849862073352796,-4.526957352658499,1.2634166666648525,1.2634166666648525,1.2634166666648525,43535.17270833333,1,1,0
1995-04-23 00:37:26.800,12.12,126.36,32166.160379629633,6.3,7.0,5.2,4.514285714285714,0.3349533397494993,1.9925978626627732,0.05081304503122898,0.048315895700140235,0.7238241365054201,3.714503778301269,0.23728632943221772,0.16059371298456818,-0.7488819074112598,0.06822338332806588,70632274022.14215,0.09888717740649214,0.006737946999085445,-1.1832159566199232,13.247641299491772,1.48644880613838,13.917623115012082,6.768273952416256,9.610560081583747,-4.035594119568644,43535.17270833333,43535.17270833333,43535.17270833333,43535.17270833333,1,1,0
1995-04-23 03:09:52.000,11.7,125.9,32166.26622685185,6.3,14.0,7.0,4.8,0.32264445388015955,2.0473938541361862,0.04510833627500541,0.18812477540565514,0.6537766394242506,3.85247058136581,0.1852111796539522,0.30634378528214345,0.6543342694598007,1.1073596866989703,1996899685315.432,0.10766303996559752,0.010931256415982039,-2.802596198981483,18.734993995195193,12.717591481413098,39.235016382189094,15.141199651432688,22.53834270924107,0.5104005293813133,2.124983796293236,2.124983796293236,2.124983796293236,43535.17270833333,1,1,0
1995-04-23 05:07:58.400,12.55,125.76,32166.348245370373,6.9,10.0,7.3,4.8100000000000005,0.25348926591418347,1.7019787885744335,0.0484413802232723,0.09082329217161733,0.3912562900029298,2.42049768034891,0.11540377794446136,0.1711844514927728,0.5857954263411562,1.1135239171981484,3719422861579.3057,0.1735929974595536,0.06702412145260833,-1.6439898730535731,13.721128658167556,1.48644880613838,23.565250491269246,15.90893827661516,46.817517074421076,2.1814378242905925,2.189699074075179,2.189699074075179,2.189699074075179,43535.17270833333,1,1,0
1995-04-23 13:08:05.700,12.2,125.39,32166.681663194442,0.0,12.0,7.3,4.7,0.12323971383728734,0.8036010148690189,0.008780621528862277,0.1261284653089216,0.40088721406454025,2.3612911608230016,0.09291125060611417,0.281454112553044,0.7793664327230703,1.409836687276215,3715689773411.381,0.42685547724033235,0.06271022482807163,-1.9215378456610455,15.951814179059156,23.2043105157421,46.44233712405937,8.572672341941178,47.022591928648495,0.6686117593301366,2.523116898144508,2.523116898144508,2.523116898144508,43535.17270833333,0,0,0
1995-04-23 13:38:43.300,12.43,125.26,32166.70293171296,6.9,7.0,7.3,4.757142857142857,0.09403791989751581,0.6019985814260438,0.008785937317952212,0.136240196801607,0.496336550746574,2.7859408146128883,0.24475669996267727,0.3911432213744416,0.8983422210730252,1.6869924340200964,3715426675241.013,0.5222593697446126,0.032433240894795407,-1.732050807568877,11.550178181211193,23.2043105157421,46.7850938481669,10.804978113040344,47.02355624108896,2.4782636205091517,2.544385416662408,2.544385416662408,2.544385416662408,43535.17270833333,1,1,0
1995-04-23 14:07:55.000,12.72,125.57,32166.72320601852,6.9,7.0,6.3,4.685714285714285,0.23061856207334303,1.3227168696115676,0.03381018652254277,0.17273483977405124,0.8194235507608535,4.304433627683775,0.42685063337021634,0.4051184215088621,0.5644821920669703,1.0469979064099268,468443101206.3162,0.20330324647369682,0.0034812029888145845,-2.0493901531919194,10.89430573446043,10.1717735616785,25.7083477234053,19.464523959402165,10.872976555409016,5.462257313769844,0.37496064814695274,21884.355150462965,43535.17270833333,43535.17270833333,1,1,0
1995-04-23 15:56:07.300,12.4,126.0,32166.798348379627,6.3,17.0,7.3,4.970588235294118,0.319336022997558,2.401605102457881,0.05938186694741256,0.06256035759780187,0.3660719770832007,2.615502186615988,0.07803527991368635,0.09349959823653908,-0.2206206926308667,0.15522424454375017,4247060443498.059,0.11015188436354012,0.07975980228674208,-1.5761474193993033,18.899737870539145,1.48644880613838,20.147692620496585,12.033179993602426,39.77563049527489,-5.209257204743259,0.4501030092542351,2.639802083329414,2.639802083329414,43535.17270833333,1,1,0
1995-04-23 19:05:43.400,12.0,126.0,32166.930016203703,6.3,23.0,7.3,4.743478260869566,0.3525257585880081,2.5573064968110035,0.053423544034059946,0.10868575701495821,0.5181056977091422,3.4064928517566715,0.11539519359870613,0.20991005304139573,0.0457598926843481,0.7251005792469929,4221458389584.262,0.08758358627696568,0.027905056544536153,-2.0301466269958937,23.46702083094983,1.48644880613838,27.440911303363777,16.081881804035728,40.457654506326534,-2.0725474366914063,2.7714699074058444,2.7714699074058444,2.7714699074058444,43535.17270833333,1,1,0
1995-04-23 23:33:39.100,11.84,126.23,32167.1160775463,6.3,11.0,7.0,4.690909090909091,0.3319108226466711,2.097043556855432,0.06733787739122185,0.16139355191222218,0.5428681023790655,3.183136016984019,0.18013796145843164,0.2516470611771198,0.6819066635624678,1.1364467666561326,1996585679385.7827,0.1009874792861999,0.023517745856009003,-1.459992790176863,16.606797231426484,1.48644880613838,22.12671789060214,12.297676718234104,22.395830113308943,-0.8643725106963922,2.9748344907420687,2.9748344907420687,2.9748344907420687,43535.17270833333,1,1,0
1995-04-24 06:08:12.100,11.98,125.73,32167.39007060185,6.3,30.0,7.3,4.693333333333332,0.3636038024921511,2.6324428936542543,0.04393058844435623,0.12253784476121406,0.6253840539406832,4.006962342442312,0.12995823210002588,0.2869071474113005,0.060133762047002826,0.8927973903498865,4221695338771.4595,0.08113132944374547,0.01329988354244372,-2.8000000000000003,26.943384848739353,1.48644880613838,38.16270354853805,16.861569201920737,40.46980756660124,1.7399045317507735,3.231524305552739,3.231524305552739,3.231524305552739,43535.17270833333,1,1,0
1995-04-24 15:39:38.900,12.63,125.54,32167.78690856481,6.9,12.0,7.3,4.883333333333333,0.17971651549616752,1.2793068875856353,0.02011313367489839,0.07896545757706408,0.3139478182433147,1.984070782287573,0.061378843272377116,0.2120400490946148,0.18152853368160926,0.9802530006757824,3744900562969.3516,0.2889684666851488,0.1143290369605157,-2.2031642209035764,15.35935043905327,5.674103118799859,26.233769441224926,18.716925393553474,45.89361108284741,-5.781908136256395,1.4386631944362307,3.6283622685114096,3.6283622685114096,43535.17270833333,1,1,0
1995-04-24 22:29:35.100,12.4,125.79,32168.07158680556,0.0,28.0,7.3,4.775,0.379170703959947,2.789736424697095,0.05438882651820725,0.07948529876145191,0.5144952050421806,3.494227823563869,0.10013889669698438,0.15799605461359667,-0.057468273687577565,0.5084346183996082,4247450133556.5415,0.07285978546310029,0.02860977121472691,-2.1453996658029473,25.523949239984745,1.48644880613838,23.254437242109955,14.57772438597641,39.76078289309821,-2.3643546357310807,1.7233414351867395,3.9130405092619185,3.9130405092619185,43535.17270833333,0,0,0
1995-04-25 05:12:13.300,12.81,126.24,32168.35119560185,4.0,4.0,4.7,4.375,0.8695703867996155,4.112066650930193,0.25966211432172065,0.07638482103825929,1.0218693691841223,4.689537468064452,0.35858314230497434,0.12445587478402347,-0.028848536418456305,0.11082489652404703,22024956544.848198,0.002462004484188199,0.0008597890156869469,-1.3333333333333333,8.01355519627422,5.674103118799859,28.782068086507742,30.799577399724814,13.666628427218194,-27.072467533203664,7115.864104166667,43535.17270833333,43535.17270833333,43535.17270833333,0,0,0
1995-04-25 07:45:32.400,11.95,125.39,32168.45766666667,0.0,20.0,7.3,4.6450000000000005,0.20691569005098995,1.3526052514170506,0.015329956101306863,0.18440592299327777,0.5361660270410524,3.218950331428965,0.10293253027102339,0.3224320986830194,0.763012635321517,1.2963552909283802,3716108472128.4165,0.2394710011503353,0.024632127216140737,-3.333333333333333,21.809359409176462,39.4511130898879,50.21052968656074,4.989591257411469,47.03205054194346,0.6859100959795074,4.299120370371384,4.299120370371384,4.299120370371384,43535.17270833333,0,0,0
1995-04-25 16:27:44.100,11.92,125.83,32168.82030208333,6.3,30.0,7.3,4.696666666666667,0.32115632240202674,2.3609389064979127,0.034358059713200946,0.1108693735856969,0.4518670909976034,3.078017837128061,0.06801694231897767,0.16916979766146215,-0.051369852661550475,0.48822304511574544,4221707125791.0015,0.10877548610832734,0.04409595239195335,-2.5454545454545454,27.425223009901977,1.48644880613838,37.14660532140867,17.77867044453425,40.46883101452044,1.0298923978262176,4.661755787034053,4.661755787034053,4.661755787034053,43535.17270833333,1,1,0
1995-04-26 01:56:33.100,12.56,125.67,32169.215313657412,6.9,24.0,7.3,4.633333333333333,0.38580427320519395,2.6449888046330288,0.05592974917950029,0.09911835865064361,0.5682357707145351,3.5895418497507388,0.12132937014382271,0.2152172661058353,0.4442210770271471,0.9830061837940525,3748888752248.151,0.06959646487990923,0.0197375247615099,-2.9248000693285947,23.489197518222973,5.674103118799859,22.794385966302986,13.742849527880807,45.710017977205695,-0.5520270024482048,2.8670682870397286,5.0567673611149075,5.0567673611149075,43535.17270833333,1,1,0
1995-04-27 03:13:59.100,12.57,125.96,32170.26908680556,4.0,23.0,6.3,4.582608695652174,0.6358963275244782,3.8632590596521874,0.11437794819703652,0.08301553925077285,0.699811013493391,4.169655178050516,0.13852597449919757,0.09317443901629513,0.22470298626866203,0.3417411306004059,503116200230.3876,0.012368328669057379,0.007953658855863991,-3.231221049956844,22.468049698528905,1.48644880613838,17.55100594087362,9.287053947625484,11.890515024237269,2.2094088384569464,3.920841435188777,43535.17270833333,43535.17270833333,43535.17270833333,0,0,0
1995-04-27 12:17:23.500,11.78,125.76,32170.6464525463,6.3,29.0,7.3,4.6689655172413795,0.3448925190002571,2.507856650484715,0.04093916875221994,0.11883170554067504,0.6283409525408756,3.995149112558127,0.13588208555105305,0.3060926762438264,0.028584958136347538,0.9417496004317343,4221425186304.515,0.09232566469050951,0.013030981924770686,-2.522018422430122,26.964262062430493,16.250170769141498,42.43673069464639,14.025578639272899,40.49165328465333,1.4672266740008024,6.487906250004016,6.487906250004016,6.487906250004016,43535.17270833333,1,1,0
1995-04-28 13:22:00.800,12.47,125.56,32171.691328703706,6.9,31.0,7.3,4.641935483870967,0.4475027092929656,3.065406215569538,0.06167610257345473,0.10334870698938663,0.6407623503490607,4.074626846639173,0.12645021017405364,0.21992978666009308,0.4499717165673838,0.9409702529814901,3751541935133.9033,0.04544560319249376,0.011959497956801984,-0.9904953715596458,26.95102314429482,5.674103118799859,26.423205025479046,16.39510040097111,45.56645085148028,-3.0471540399391306,5.3430833333331975,7.5327824074083765,7.5327824074083765,43535.17270833333,1,1,0
1995-04-29 09:43:57.200,12.03,126.06,32172.539898148145,5.6,26.0,7.0,4.553846153846154,0.4798417908831794,3.0900035977800155,0.07008522595673644,0.14251873688249994,0.6857281293209244,4.135330648251189,0.1431311858259531,0.24260522647801758,0.5603699875897288,0.9694312199990955,2004081415008.0122,0.036347506873646136,0.008766285528368242,0.7514691493021791,25.01579175339242,1.48644880613838,26.164440925560225,15.326328605129342,22.359741167144655,-0.13574829099923372,8.398655092587433,8.398655092587433,8.398655092587433,43535.17270833333,1,0,0
1995-04-29 13:58:34.000,11.69,125.97,32172.716712962963,5.6,21.0,7.0,4.6952380952380945,0.4423549403006704,2.9289737794352417,0.07313098172102249,0.1277508547336111,0.656916023046937,4.014319801900442,0.16127956733697538,0.24437126691607317,0.37867962445630976,0.8891431156130949,2051033383504.6187,0.047090703561918926,0.010696752095701362,-0.15132998169159542,22.375453155431376,4.06317913188515,36.27495444147993,18.210317125721065,21.57299573325953,-1.2960849811426316,0.17681481481849914,8.575469907405932,8.575469907405932,43535.17270833333,1,0,0
1995-04-29 14:02:51.700,11.78,126.44,32172.71969560185,5.6,5.0,6.3,4.7,0.2347682113819946,1.3466487920375902,0.05363310419907957,0.12291521378512764,0.4271749002327067,2.2712558356970307,0.17756845045591302,0.189559079916101,0.5639219163856923,0.9830775065207549,468211657213.1636,0.1975583388827042,0.05229682212785132,-0.5222329678670936,11.196300409382683,4.06317913188515,12.798710496259329,7.142257345943295,10.415674333866054,-0.5495791949452389,0.17979745370394085,43535.17270833333,43535.17270833333,43535.17270833333,1,0,0
1995-04-29 15:38:04.200,12.12,126.4,32172.7858125,4.2,10.0,6.3,4.66,0.4724121476939003,2.7892201967928334,0.12006259246017725,0.12607406004889443,0.46531551632491297,2.732476418948278,0.11648249723482966,0.12503745736274213,0.395790697998498,0.42769116205381685,473322590406.10315,0.03826163786462954,0.040184026451073544,0.0,15.833959887352426,1.48644880613838,14.428375286417904,7.989535446513809,10.400992060025214,0.663725088825654,0.24591435185357113,43535.17270833333,43535.17270833333,43535.17270833333,0,0,0
1995-04-30 01:29:32.400,12.03,126.77,32173.196555555558,4.2,4.0,4.7,4.475,0.5017166594399687,2.615565908519607,0.09267803496979764,0.13203250637713793,0.8272275845776234,3.910970329638456,0.25194734655567697,0.20100586754570474,-0.5132331253245219,-0.027804539587942045,26179079927.1083,0.031249999999999997,0.003298505755939073,-0.6324555320336758,10.01427552475536,18.3070043783563,24.364287461595723,4.427948565954211,23.786392647297262,0.024718131641805387,43535.17270833333,43535.17270833333,43535.17270833333,43535.17270833333,0,0,0
1995-04-30 03:50:19.200,12.49,125.41,32173.29431944444,6.9,23.0,7.3,4.630434782608695,0.3903999111843875,2.667679962746806,0.05960391686182156,0.1012034495320724,0.5888738737671213,3.677390252477834,0.13561257212502348,0.24292600926623162,0.46680181956586075,1.055215817348162,3747623037697.524,0.0674217881219923,0.017115058136852674,-0.6333004963811236,23.46702083094983,9.14193571981684,30.420127311830385,16.733840078046835,45.73641289232015,-2.7858219432020426,6.946074074068747,9.135773148143926,9.135773148143926,43535.17270833333,1,1,0
1995-04-30 12:00:27.800,11.39,125.89,32173.63469675926,5.6,10.0,5.1,4.470000000000001,1.2907023888022489,6.383485009194424,0.328367025331502,0.17730537311784847,1.8424614383774316,8.951928368874956,0.6691201758021693,0.223474598331852,0.1542549044801902,0.24132117915124685,49210919977.57463,0.00013424336616413984,2.9690375132845593e-06,1.3333333333333333,14.339056225633078,32.4689488813627,48.239137056067584,7.827543254312934,50.69880522768187,-1.1762980720625922,43535.17270833333,43535.17270833333,43535.17270833333,43535.17270833333,1,0,0
1995-05-03 18:51:20.500,12.88,125.72,32176.92002893518,6.9,15.0,6.3,4.653333333333334,0.5559853143106454,3.36090110726083,0.12213700252364938,0.0904238536859945,0.5361660270410513,3.2518973135724156,0.11358453423196532,0.0887396804222361,0.2550541700405491,0.2349060746748215,490585029544.917,0.02148048372163377,0.024632127216140925,1.649915822768611,18.11926334811359,5.674103118799859,18.671965569066913,9.83645516838342,10.736355459079896,1.6174018587353054,10.571783564806537,21894.551973379625,43535.17270833333,43535.17270833333,1,1,0
1995-05-05 03:53:47.200,12.8,125.5,32178.29672685185,0.0,15.0,6.3,4.493333333333333,0.5088234698946741,2.965089263304708,0.09396705635237548,0.150731028045443,0.6797652760224826,3.809256668733752,0.16771013314266572,0.18753992557187546,0.47265625754551266,0.6962176311463066,471165917262.62573,0.029752919711740933,0.009134907876173829,1.3389110974330105,18.72683788479003,3.6155026509709,23.892515079656896,15.285171097480083,11.074492213532853,-0.7878130698945165,11.948481481478666,21895.928671296297,43535.17270833333,43535.17270833333,0,0,0
1995-05-05 04:34:10.400,11.85,125.63,32178.32477314815,4.5,23.0,5.8,4.421739130434782,0.5654185362944454,3.152573566757725,0.06421513358899382,0.11168128157287233,0.6681453567742341,3.617404431558563,0.08966835771492289,0.25732567917442817,0.22435405917431428,0.38590201236572863,177550642602.16528,0.020125393986054913,0.009898375607203868,2.940588176458821,20.39713643788646,16.9761295136947,43.90268050282289,13.66883175427899,24.67797523634256,0.7177349970603956,14.166226851852116,14.166226851852116,14.166226851852116,43535.17270833333,0,0,0
1995-05-05 04:39:09.700,12.78,125.27,32178.328237268517,0.0,10.0,6.9,4.58,0.2551219141256808,1.573556444726048,0.041438186150956874,0.16190081077982682,0.5544184875360663,3.106708898035122,0.19569539906077119,0.3118249399710091,0.7321392338297281,1.2964550824380243,1622239818933.0425,0.1716462254567546,0.02171423518842882,0.5694947974514993,15.036872085228435,8.11471652629071,30.05469050983593,14.807686934866412,22.675496082024907,-1.3081126752826393,0.03151041666569654,0.03151041666569654,25374.682751157405,43535.17270833333,0,0,0
1995-05-05 05:03:45.200,12.92,125.87,32178.34531481481,0.0,17.0,6.9,4.711764705882352,0.40642504746879254,2.6850029470147936,0.0739219331388372,0.12660832315023476,0.5159934438454477,3.2463537101985054,0.11915183977768252,0.1571171981271501,0.29360857866182055,0.6085369030950991,1689199706526.0398,0.06035661256626906,0.028315202276649475,1.377837980315538,19.43653965480373,3.6155026509709,17.89204083291282,10.898115834283933,21.323294617365544,-0.42330848941143623,0.048587962959572906,0.048587962959572906,43535.17270833333,43535.17270833333,0,0,0
1995-05-06 18:46:40.200,12.76,125.3,32179.91678472222,0.0,17.0,6.9,4.5470588235294125,0.394036962013631,2.445797039172925,0.06102276741284239,0.2058567262667738,0.6499645307395607,3.77124371426438,0.1660340990456678,0.2993298756662909,0.6929755963139383,1.0977699768119988,1623053497486.842,0.06574899426022138,0.0112229339705791,0.20555661294825972,20.01621945542989,2.82925867214766,27.417041645025407,16.379566326729122,22.675058294724472,-0.3643719702440044,1.6200578703683277,1.6200578703683277,25376.271298611107,43535.17270833333,0,0,0
1995-05-07 04:16:04.000,12.22,126.18,32180.312199074073,5.6,13.0,6.3,4.646153846153847,0.4944839569058797,2.9753477604736287,0.10397466970743344,0.13732496371461608,0.6294122926134089,3.6435316289763175,0.1684587519491622,0.16109290973413037,0.282923573312293,0.5112162858341094,488330204724.649,0.03285096483059159,0.012934901388949746,1.9307877088045151,11.989021355033438,4.06317913188515,14.543756565128366,6.455026714739358,10.348686193587715,0.6477393599000617,7.772300925927993,16.170956018515426,16.170956018515426,43535.17270833333,1,0,0
1995-05-07 09:49:13.300,11.69,125.93,32180.54355671296,5.6,10.0,6.3,4.49,-0.0,0.0,0.0,0.0,,,,,,,468479122154.10846,1.0,,1.5848116313861227,9.193128042506038,4.06317913188515,36.335439484631436,19.77363035761261,10.718500985120683,1.878380396407409,8.00365856481585,16.402313657403283,16.402313657403283,43535.17270833333,1,0,0
1995-05-07 09:54:35.000,11.54,125.73,32180.547280092593,5.1,9.0,4.6,4.288888888888888,1.931118710592189,9.013788571479136,0.6139419629339294,0.14082277246940283,1.7371779276130073,8.071925080063894,0.496818752730617,0.1396059114273333,-0.06765120240329736,-0.046573590279972876,25728364357.736515,1.609325408935527e-06,6.144212353328218e-06,1.0834726777719228,9.310846987274736,32.4689488813627,47.64269660513824,10.81028616039737,45.00926624463236,-0.39544339271828965,21895.49361111111,43535.17270833333,43535.17270833333,43535.17270833333,1,0,0
1995-05-07 20:40:51.800,12.54,125.9,32180.996085648152,5.6,15.0,5.7,4.473333333333333,0.7814292255863367,4.294441851809266,0.18361340503480666,0.10415981948753286,0.7042613220052727,3.91214006186147,0.14913952651403684,0.10567079834532915,0.20437517410872452,0.14504484397599704,147732660229.336,0.004525976797863773,0.00771287040082566,1.3999999999999997,11.625201273324459,2.82925867214766,20.442038500604042,13.385311962804,12.487310410691556,-1.3951702445588754,14.647840277779324,16.837539351854502,16.837539351854502,43535.17270833333,1,0,0
1995-05-08 14:46:39.800,11.96,125.53,32181.75011342593,0.0,5.0,4.6,4.18,-0.0,0.0,0.0,0.0,,,,,,,16684123929.398306,1.0,,1.299038105676658,3.5639262385504415,38.0401037528016,51.69389294474896,9.853728254820343,51.107589575233405,1.346338902536967,17.591567129631585,17.591567129631585,17.591567129631585,43535.17270833333,0,0,0
1995-05-08 18:05:08.500,11.56,126.12,32181.887945601848,5.6,6.0,4.6,4.449999999999999,,,,,8.685889638065222,40.25612233076401,10.743474139041233,2.0081724321675107,,-0.034657359027997714,26639167488.298412,,8.756510762685296e-27,0.6928203230275509,7.292928985449754,27.3110852352482,41.471111921990065,11.149128941482005,39.867070819747624,0.6334734864260706,43535.17270833333,43535.17270833333,43535.17270833333,43535.17270833333,1,0,0
1995-05-08 19:36:44.000,11.48,125.82,32181.951550925925,4.6,10.0,5.6,4.5,0.6360256855498161,3.444086695266933,0.1474382306254699,0.09170196215419621,0.8405699649740359,4.392602099771998,0.2575185608230241,0.128229368259123,0.18498803819585952,0.37425760756550464,118823946902.92253,0.012357281593722598,0.0030080850072550297,-0.5694947974514993,10.447075389265803,15.2523695452769,37.599909815262514,15.91458959913584,21.81672644896769,-1.200990012226677,21896.897881944446,43535.17270833333,43535.17270833333,43535.17270833333,0,0,0
1995-05-10 00:39:32.200,12.78,125.68,32183.161831018515,4.3,16.0,6.9,4.59375,0.3884638083073677,2.4645962396077574,0.06512318532974416,0.1388565374022072,0.6857281293209254,3.9592393891955115,0.20292634725658248,0.3113120634245638,0.5555319005221904,1.126225788467604,1627984061423.4321,0.0683295522801242,0.008766285528368188,-0.8164965809277261,12.900370509280037,2.82925867214766,23.461009203517875,16.48715174544429,22.466518582278947,0.4438042546151813,4.865104166663514,4.865104166663514,43535.17270833333,43535.17270833333,0,0,0
1995-05-11 00:01:59.000,11.72,126.1,32184.135752314814,4.6,12.0,6.3,4.750000000000001,0.4422030061253639,2.6763311744337965,0.08201938561221313,0.0795359005692128,0.7238241365054212,4.1077422783085815,0.21975524651441372,0.17634223852598602,0.24773183953647582,0.6249443184631689,483177293811.20233,0.04714015233456559,0.006737946999085398,0.0,10.98696209362121,10.4135195013455,32.14607489039327,16.00875813840053,11.69297348173031,0.020338200939119568,11.595854166669596,19.99450925925703,19.99450925925703,43535.17270833333,0,0,0
1995-05-11 02:00:35.600,12.25,126.41,32184.21812037037,5.6,5.0,6.3,4.839999999999999,-0.0,0.0,0.0,0.0,,,,,,,468467188414.2853,1.0,,0.7276068751089987,6.50052317917223,10.4135195013455,26.98907516396004,21.726295414070236,10.523063104231502,-1.8317087025729109,11.678222222224576,43535.17270833333,43535.17270833333,43535.17270833333,1,0,0
1995-05-11 21:17:08.700,12.76,125.78,32185.021281250003,4.3,10.0,6.9,4.6000000000000005,0.27089120043983994,1.6683659831502,0.04639282652982424,0.17723641259449543,0.5211533782839024,2.966995439176034,0.17170864154049825,0.27760760719673383,0.7411953565072924,1.2068671089766214,1622234730994.4702,0.15393110914538588,0.02732372244729252,-0.632455532033676,7.916692323229696,2.82925867214766,15.66992485373441,11.660423569622084,22.65433757922853,-1.7103326054965335,6.7245543981516676,6.7245543981516676,43535.17270833333,43535.17270833333,0,0,0
1995-05-12 02:51:45.100,12.36,125.55,32185.253646990746,0.0,7.0,6.9,4.785714285714286,0.14321994113645972,0.8836033139728439,0.017239961841508528,0.1544990431580574,0.5603799766493576,3.123769886250072,0.2639335116018339,0.33834390166419404,0.7304449299350848,1.3256218701320854,1622085417410.1013,0.3718263612770875,0.020838193670452643,-1.2602520756252091,4.329743198313594,4.5502666732686805,32.105528879542184,21.422641638033987,22.676885596386466,-1.4619807969062255,6.9569201388949296,6.9569201388949296,21.095100694448774,43535.17270833333,0,0,0
1995-05-12 09:33:08.400,11.66,126.13,32185.53238888889,4.6,12.0,6.3,4.716666666666668,0.48549875552332794,2.923118619165611,0.10182506316251921,0.08897080699238535,0.7896263307331853,4.428598364665341,0.2693529210662808,0.22081385791951572,0.27914292073781244,0.6915264824650791,483017659085.4598,0.03495455144677861,0.004276820349208924,-0.3535533905932738,11.497871898793193,10.4135195013455,29.68389265495215,15.329940809661467,11.602818726800432,0.2668082742601376,12.99249074074396,43535.17270833333,43535.17270833333,43535.17270833333,0,0,0
1995-05-13 05:32:14.900,12.13,126.17,32186.365103009255,5.6,8.0,6.3,4.85,0.2788954371592763,1.7171990487949715,0.046109255571364964,0.07846505866207255,0.36191206825271005,2.0382079232769894,0.07764462967982792,0.22821624401909396,0.1428571428571459,0.6682233833280664,481384943385.0064,0.14565107304474129,0.08208499862389866,0.0,6.815229386470329,10.4135195013455,21.72897214098826,8.198545449922985,11.317136102580738,0.3343017789431273,13.825204861110251,22.223859953697684,22.223859953697684,43535.17270833333,1,0,0
1995-05-13 16:26:00.400,12.33,125.45,32186.819101851852,0.0,4.0,4.7,4.5,0.602059991327963,3.07050595577261,0.096266845362716,0.09519404303287911,1.7371779276130073,8.071925080063894,0.8014673033488809,0.22454617445043076,-0.3999999999999986,0.05342640972002766,26205237556.581123,0.01562499999999994,6.144212353328218e-06,0.0,2.3389456811218015,39.0358494977374,48.701852158254354,9.789879328415866,49.89232752345016,-0.13161588731393026,20.47085648147913,22.66055555555431,22.66055555555431,43535.17270833333,0,0,0
1995-05-17 05:16:54.600,12.73,125.72,32190.35445138889,4.3,13.0,6.9,4.630769230769231,0.03909480463168599,0.24499410902523214,0.0007135611071794262,0.06104717690803445,0.41361379228881134,2.327737577879157,0.07986989266611878,0.30920461771399993,0.6333333333333355,1.2721954604120578,1622447794803.1865,0.7633357210640828,0.0574326192676173,2.4961508830135304,9.591709015301454,2.82925867214766,21.77041151714088,18.06609751900551,22.678614580042495,-0.2554353312301029,12.057724537036847,12.057724537036847,43535.17270833333,43535.17270833333,0,0,0
1995-05-17 19:07:23.300,12.85,125.38,32190.9311724537,4.0,10.0,6.9,4.75,0.2560329341766982,1.593475025531634,0.0388153469055874,0.1719875617128713,0.5497398505104453,3.1727993316330223,0.1789477513035979,0.2678732986096345,0.6762888565268899,1.1285440491770613,1622577847849.0864,0.17056942973034622,0.022427478471863323,1.469693845669907,10.16430127028023,2.82925867214766,22.059753550449575,19.1518390141456,22.65202447427201,-2.2377528128142665,12.63444560184871,12.63444560184871,25387.285686342588,43535.17270833333,0,0,0
1995-05-17 19:33:38.000,12.45,126.3,32190.949398148146,4.3,4.0,4.6,4.425,0.778151250383645,3.8203197482959514,0.1435556680880093,0.06234243060880712,1.5792526614663733,7.23492116948673,0.5912832008970337,0.1874114641877987,-0.30948224578763295,0.01876905069203083,21733707379.446907,0.004629629629629584,1.82911922994072e-05,0.0,4.061749219243962,4.5502666732686805,15.929000105337156,13.794895998521225,11.89184317601628,1.2085520423267753,7138.462306712965,43535.17270833333,43535.17270833333,43535.17270833333,0,0,0
1995-05-21 02:51:12.900,12.73,125.98,32194.253274305553,0.0,5.0,5.6,4.82,0.6244699791796907,3.3674569124904146,0.20919457394171959,0.08953188796977855,0.6948711710452039,3.65949314392686,0.2590215356194488,0.10642323516391934,0.20749591691511604,0.3335660243000689,116352487613.11484,0.013384127416999073,0.008229747049019971,0.40824829046386296,3.384708794404666,3.4805256903876596,11.256056095430115,13.89420176327085,30.506557026677573,1.8003972682243232,27.90502893517987,43535.17270833333,43535.17270833333,43535.17270833333,0,0,0
1995-05-22 09:47:13.900,11.73,125.69,32195.54217476852,4.0,4.0,4.7,4.3999999999999995,1.1181114124662144,5.226454115194638,0.3521629199369624,0.0871478061875735,1.7371779276130135,7.898207287302619,0.8500844476459393,0.171153607969608,0.02564102564102555,0.15342640972002908,22066066764.289856,0.00044224788294136525,6.144212353327941e-06,1.921537845661046,2.3389456811218015,20.1018898745245,39.83257239585453,20.97544523045192,52.08203622331567,-10.560259742675212,31.40093171296394,31.40093171296394,31.40093171296394,43535.17270833333,0,0,0
1995-05-22 19:26:46.900,11.32,126.2,32195.94464004629,4.0,4.0,5.5,4.6,0.3506503246195825,1.8081647871421116,0.08716419612993849,0.1217783475058273,0.9650988486738945,4.655475155758319,0.6602877403009675,0.3160428998694263,0.34339622641509315,0.6761675374960507,90231870751.8371,0.08872561659492015,0.0012726338013397947,1.1547005383792515,5.617321208040141,20.1018898745245,31.254691168736727,14.808958244560655,28.653648063868463,-2.8117577841552146,43535.17270833333,43535.17270833333,43535.17270833333,43535.17270833333,0,0,0
1995-05-24 20:21:22.700,12.42,125.76,32197.98255439815,0.0,5.0,5.0,4.46,0.6842962795654154,3.39213285465113,0.18213743246846184,0.07571527995080166,1.0423067565678037,4.959040307961218,0.42257320816524746,0.1339423413201332,0.04288864933561509,0.24224487972162034,37465362301.27279,0.008853421915680797,0.0007465858083766833,1.299038105676658,2.6000541119910148,3.4805256903876596,24.22245777193381,20.80617869675794,14.486497039979934,-0.9005525737614736,31.634309027776908,33.82400810185209,33.82400810185209,43535.17270833333,0,0,0
1995-05-25 01:31:15.800,12.19,125.47,32198.197752314816,0.0,3.0,5.4,4.733333333333333,0.3744979374782183,1.9419581479289325,0.12117340230244303,0.07839884009539386,0.6355529003462219,3.0828881461391724,0.3489890910662457,0.1639733376966133,0.2145024215470306,0.5492816027434584,74568532786.96419,0.07524994512546755,0.012397705021160662,0.6123724356957945,1.206719165204209,17.0991385523858,35.42989286850843,16.820213196179736,19.213021222088308,-2.182088842144693,34.0392060185186,34.0392060185186,34.0392060185186,43535.17270833333,0,0,0
1995-05-25 14:48:31.800,12.28,125.97,32198.751409722223,0.0,4.0,5.6,5.0,0.3686380248208592,2.15459786428143,0.09463108432544501,0.07601160156170356,0.5790593092043358,3.092015020906606,0.23349611090871572,0.15378757656380315,-0.24475208526972647,0.2602792291600817,132718032634.4924,0.07835846603306909,0.018315638888734182,1.1547005383792517,1.8150915388919904,9.21745484017534,25.305162948911885,14.448331871052213,29.72570019906475,-0.6199207137332238,26.21151157407803,34.592863425925316,34.592863425925316,43535.17270833333,0,0,0
1995-05-28 06:23:49.500,12.76,125.85,32201.400920138894,0.0,3.0,5.4,4.9,0.4045441856944012,2.177400235981806,0.12099849900590622,0.08055829767385249,0.6681453567742331,3.350146288848865,0.33005777289640315,0.16055483603327364,0.017645456344175692,0.38590201236572863,79391615992.39215,0.0611459142486343,0.009898375607203939,0.6123724356957945,1.4051369504108304,3.9890570710782,15.180120556175899,10.365649028046173,14.642677253327134,1.745384183267729,23.104193287043017,23.104193287043017,43535.17270833333,43535.17270833333,0,0,0
1995-05-30 01:51:00.700,12.39,125.98,32203.21146643519,0.0,6.0,5.6,4.766666666666667,0.38024843750584914,2.2498032482983468,0.08868117619172566,0.08681629915320759,0.5264175538221239,2.865655472763095,0.16996413712953545,0.14058719872405165,-0.31666664840336,0.15630715207609036,135594871476.48624,0.0723193788745713,0.026347980814448654,0.0,3.2517189179727706,3.9890570710782,16.986560459409294,11.592831397601904,27.456453684904915,-0.8875677853827673,30.671568287045375,39.05292013889266,39.05292013889266,43535.17270833333,0,0,0
1995-05-30 04:58:34.400,12.09,125.76,32203.341717592593,0.0,5.0,5.4,4.58,0.5654185362944447,2.9264061522399416,0.17616671911287615,0.11168128157287237,0.6681453567742331,3.350146288848865,0.24599466673982243,0.1286111117519193,0.22435405917431783,0.38590201236572863,75993423945.67513,0.020125393986054996,0.009898375607203939,-1.299038105676658,1.9405080097095126,9.97983429103027,32.267091994612514,23.590977863073878,22.338185624471926,-4.735816450801553,30.801819444448483,39.18317129629577,39.18317129629577,43535.17270833333,0,0,0
1995-06-01 03:42:46.600,12.7,125.87,32205.289081018516,0.0,5.0,5.4,4.42,0.11578076756307014,0.5866225556528883,0.007639850678501068,0.07621623182048481,0.7238241365054201,3.4134737826372876,0.2985919832750207,0.25060019336483136,0.3333333333333366,0.6841116916640333,73398318466.71188,0.44942548659776954,0.006737946999085445,-0.5222329678670936,2.8532705495015414,9.97983429103027,16.118874665260915,6.023740568258872,17.09604175314146,-0.8984629304863835,26.99235416666488,26.99235416666488,43535.17270833333,43535.17270833333,0,0,0
1995-06-01 04:19:42.900,12.63,125.65,32205.314732638886,0.0,5.0,5.4,4.46,-0.0,0.0,0.0,0.0,,,,,,,73608959454.24342,1.0,,-0.5222329678670936,2.3211761950949037,10.5309578915488,16.770130245103978,5.3301884430639435,17.089914088191623,-0.8711494221587632,27.01800578703478,27.01800578703478,41.156186342588626,43535.17270833333,0,0,0
1995-06-04 16:45:15.300,11.63,125.91,32208.832468749995,4.4,3.0,4.7,4.533333333333334,0.9542425094393282,4.570133540819298,0.2517072799493628,0.08283624741336035,1.5328040537761787,7.06817868595723,0.6494586987710416,0.16736048491054478,-0.08927892607143573,0.08872651821070221,23106347818.180786,0.0013717421124828221,2.521087033094951e-05,0.6123724356957945,1.5143756379265145,17.4892745524582,37.5987793640053,20.442606099325683,40.8452602903554,-0.15070728992852753,36.29257060185046,43535.17270833333,43535.17270833333,43535.17270833333,0,0,0
1995-06-05 21:13:34.800,12.47,125.81,32210.01880555556,0.0,9.0,5.4,4.344444444444445,0.4525975459283634,2.3205272626125533,0.06805390781725859,0.1177887219043856,1.0857362047581285,5.270725671787915,0.3916312319893921,0.25467592507912695,0.2728682170542669,0.5454822555520433,75317000564.5324,0.04387401326476313,0.0005530843701478377,-0.2553769592276247,4.76762515079194,9.90862095006377,21.004968059246927,15.779741746479322,19.11101352231593,-1.8051289500895653,31.722078703707666,31.722078703707666,45.86025925926151,43535.17270833333,0,0,0
1995-06-09 05:43:22.000,12.58,126.01,32213.372824074075,0.0,6.0,4.5,4.25,2.3856062735983157,10.655708022072478,0.8104265592270111,0.13773304242424403,3.7225241305993144,16.483975016296714,1.9732911683952625,0.44849445120928316,0.033333333333333215,0.07182856632205414,17890924509.603848,6.969171937625464e-08,6.79872708748768e-12,1.7888543819998315,3.385016685090039,9.41199629388505,13.055249043995836,3.819569080901124,12.345208443949227,-0.47740350821294586,47.02457870370199,43535.17270833333,43535.17270833333,43535.17270833333,0,0,0
1995-06-09 08:55:40.300,12.36,125.64,32213.506369212966,0.0,9.0,4.9,4.344444444444445,1.1525870648225214,5.624082284626929,0.30601625360307666,0.0664716713862579,1.4975671789767255,7.138508873935939,0.5166181242150846,0.12837677604752631,0.02047075984412494,0.1332630053941095,35847325005.54562,0.00034852890796680175,3.215869842902323e-05,1.698415551216894,4.440199312720254,9.41199629388505,20.139734502033345,13.813563828770892,23.268496937606656,-0.5390482798760458,47.15812384259334,49.34782291666852,49.34782291666852,43535.17270833333,0,0,0
1995-06-10 03:50:31.600,12.34,126.09,32214.29446296296,0.0,9.0,4.9,4.2555555555555555,1.0663230542569617,5.09955380099912,0.26552545524842514,0.10315208716577352,1.1581186184086716,5.466158188644384,0.31320930184183576,0.11404240123375547,0.11762773425863404,0.18013961458004069,31941194527.40089,0.0006324567575915916,0.0003354626279025119,-0.3061862178478974,5.466301320374771,9.41199629388505,22.540800171104138,11.101335342534764,18.210641747508742,0.6927443045509867,41.75456481481524,50.15321990740267,50.15321990740267,43535.17270833333,0,0,0
1995-06-11 19:20:49.500,11.82,126.1,32215.94050347223,4.9,4.0,4.3,4.075,1.8061799739838837,7.646161889865104,0.5627443519775226,0.19038808606575858,3.4743558552260145,14.49948341223202,2.0822731350082164,0.29847653029810345,0.0666666666666691,0.12671320486001303,10124271981.707924,3.814697265625092e-06,3.775134544279108e-11,0.8660254037844386,2.0878356846833834,31.3006537186567,36.41424278065413,4.289492451239385,36.58108968792135,-0.186697852786564,43.40060532408461,51.79926041667204,51.79926041667204,43535.17270833333,0,0,0
1995-06-12 03:55:02.100,11.56,125.57,32216.297593749998,4.1,3.0,4.3,4.2,0.5282737771670423,2.537388985671125,0.06418683223773673,0.05568494546627045,1.7371779276130073,7.425832965171692,0.6940910450027388,0.22243529222444586,-0.5031704304504832,0.0253469278329721,11214147613.445116,0.026012294873749182,6.144212353328218e-06,0.9999999999999999,1.8251671638682199,7.20374753810161,28.626360850963906,18.705781058723744,25.03690416142497,-50.89996212563051,21931.243924768518,43535.17270833333,43535.17270833333,43535.17270833333,0,0,0
1995-06-14 02:01:40.200,11.62,126.11,32218.218868055552,4.9,3.0,5.5,4.6000000000000005,0.25133542173097534,1.2801064558291082,0.06658016743781021,0.10509175173872426,0.6681453567742331,3.149702681816595,0.4705214131532617,0.25177136785468407,0.4067805603648269,0.7859020123657281,89521424064.5958,0.17619506280821404,0.009898375607203939,0.44721359549995787,1.6935695497353283,12.7664677614126,30.480600925400903,15.525877091688638,13.301099495448574,-3.653937506366292,45.67896990740701,43535.17270833333,43535.17270833333,43535.17270833333,0,0,0
1995-06-14 07:55:21.400,11.73,126.32,32218.4644837963,4.9,6.0,5.5,4.383333333333334,0.3112127488845655,1.5990441538832363,0.05189835884409833,0.12800732134381324,0.7445048261198607,3.6040415244230775,0.2970119341946412,0.23037796183529702,0.36189380218369216,0.6591428316102697,90205870123.72452,0.11650961129490514,0.005840977343195231,0.0,4.847224065219008,12.7664677614126,31.9330806408304,12.190358244663036,13.85263755117228,-0.8335589165662692,45.92458564815388,43535.17270833333,43535.17270833333,43535.17270833333,0,0,0
1995-06-14 14:11:38.200,11.55,125.62,32218.72578935185,4.5,5.0,4.3,4.140000000000001,,,,,2.895296546021689,12.461275488955074,1.3076540293169052,0.20776580686237558,,-0.003972077083991721,12868347516.714914,,2.0611536224384135e-09,0.40824829046386296,3.5639262385504415,7.20374753810161,34.811378446378825,15.734322723982759,30.176930887359145,1.7562154939580101,21933.67212037037,43535.17270833333,43535.17270833333,43535.17270833333,0,0,0
1995-06-14 17:24:06.200,11.52,125.86,32218.859446759256,4.9,8.0,5.5,4.2875,0.3112127488845655,1.5990441538832363,0.040475076221733686,0.12800732134381324,0.7445048261198607,3.6040415244230775,0.23163701016838023,0.23801027780683512,0.36189380218369216,0.6591428316102697,90381396695.48943,0.11650961129490514,0.005840977343195231,-0.8660254037844386,5.859420623841213,12.7664677614126,37.92537201881157,13.407157983250823,14.295172000609059,0.27888167224632243,21933.805777777772,43535.17270833333,43535.17270833333,43535.17270833333,0,0,0
1995-06-16 03:12:26.800,12.37,125.68,32220.26801851852,0.0,5.0,4.9,4.5,0.9885596597598967,4.858616604411467,0.340876861352162,0.08035879551824561,0.9143041724278993,4.44213751552514,0.2915903568469452,0.11190781472978889,-0.01484409306317147,0.041510178468052494,34263894240.651577,0.0010822336184812427,0.0018075381933252185,-0.9486832980505135,1.6948210209497678,9.41199629388505,21.256838906477107,11.995594362194945,16.534542642946292,3.296972847536407,53.919773148147215,56.109472222222394,56.109472222222394,43535.17270833333,0,0,0
1995-06-23 04:12:18.100,11.66,126.07,32227.30958449074,4.8,6.0,5.5,4.366666666666667,0.18194120617053783,0.9378242172608632,0.017765063343164054,0.08808546647898667,0.6204206884332167,2.968838955926813,0.2065747157746247,0.2289310322164207,0.3454545454545457,0.7147969736080384,90079257567.14606,0.28456165726889937,0.013763786733050419,1.5491933384829666,3.8368529230372257,12.7664677614126,33.83440749832392,17.185044915272126,13.778034211741401,11.270363923849905,54.76968634259538,43535.17270833333,43535.17270833333,43535.17270833333,0,0,0
1995-06-26 17:55:29.700,11.59,126.04,32230.881246527777,4.8,7.0,4.9,4.228571428571429,0.5375535636856803,2.5587549631438384,0.08167500063947247,0.08994991577134985,1.0857362047581285,4.9696956761239335,0.3331917931950378,0.18577686926111114,0.13999999999999968,0.3227411277760224,29112414474.54455,0.02439716194236601,0.0005530843701478377,0.8219949365267863,4.589126794889407,19.710870338826297,37.81065814933921,13.76036656997408,29.695530106775006,-1.1775035024666887,58.34134837963211,43535.17270833333,43535.17270833333,43535.17270833333,0,0,0
1995-08-06 22:03:12.100,11.7,126.0,32272.053265046296,0.0,3.0,5.0,4.633333333333334,0.21687329759984655,1.2656017678988993,0.034398495141039445,0.08274702250559436,0.6355529003462219,3.0193328561045503,0.2954137375879978,0.21169065172011714,-0.8356735564286213,0.24928160274345768,40945602693.47871,0.22355279661380695,0.012397705021160662,-0.9999999999999999,0.6917022597822453,7.355607185703681,35.41626944576106,25.53811687108719,28.30291219414498,22.581851850578424,99.51336689815071,107.91202199073814,107.91202199073814,43535.17270833333,0,0,0
1995-08-08 00:35:21.700,11.97,126.03,32273.158931712962,0.0,3.0,5.0,4.466666666666667,0.4905369300216478,2.360256297586104,0.16082619792674452,0.08274702250559432,0.8405699649740359,3.8394011146158062,0.4722381981451846,0.17453659966671242,0.18842282173955027,0.4323836508548098,33151550627.90995,0.033758971732029276,0.0030080850072550297,-1.4411533842457844,0.4696204270933551,7.355607185703681,26.056393691500194,17.337408809562646,10.668835338290986,1.4500884687900577,100.61903356481707,109.0176886574045,109.0176886574045,43535.17270833333,0,0,0
1996-03-21 09:35:51.300,9.2,126.41,32499.53427430555,5.1,3.0,5.2,4.766666666666667,0.1572927213361524,1.0149658417634897,0.02187508021906167,0.07926633598428541,0.5317891615141861,2.604277900776407,0.25004107943235815,0.21638932812980963,-1.2527197008334063,0.30279996425437705,61808396137.81128,0.3373819437512047,0.02538823534233677,-0.44721359549995787,4.308100197271101,30.4271427292996,41.52554924475143,12.010395386973013,40.30878632461292,1.8051114153290433,439.4835416666647,16072.943568287032,16072.943568287032,16072.943568287032,1,0,0
1996-03-21 21:43:23.600,9.17,126.71,32500.03950925926,5.1,5.0,5.1,4.28,0.2919078745832547,1.41757761594493,0.04175873980171627,0.09109950133237539,0.7896263307331867,3.617460584743365,0.3055617622588245,0.20758935634232278,0.24375000000000124,0.5187690506920308,40200275267.66211,0.13313013617999514,0.004276820349208884,-1.0,7.18724635423819,39.872764793188,56.40753650712745,9.984448040218584,54.728677238804686,20.35972656634182,1858.7957650462922,16073.448803240739,16073.448803240739,16073.448803240739,1,0,0
1996-03-24 10:53:47.500,9.03,126.65,32502.588396990745,5.1,6.0,5.1,4.4,0.3349533397494994,1.8636782777438912,0.05453662180291026,0.08152288562327183,0.6681453567742341,3.283331753171446,0.21700089105072573,0.17890664227484843,-0.46399371667013334,0.18590201236572845,51147454790.98449,0.0988871774064921,0.009898375607203868,-1.5491933384829666,8.326700657159703,31.0971033028857,52.18913097308715,13.657270358017755,45.62746711461872,-6.7503583635042235,724.892064814816,43535.17270833333,43535.17270833333,43535.17270833333,1,0,0
1996-03-25 07:51:41.900,9.22,126.82,32503.46194328704,0.0,9.0,5.1,4.522222222222222,0.38795765224999046,2.3986844528743254,0.05705126940246316,0.06954525164428509,0.6857281293209244,3.6582093935315267,0.1782381218094172,0.15937888498192762,-1.0828512441060747,-0.23478099717776857,69607980256.75925,0.06856887802120436,0.008766285528368242,-1.4411533842457842,11.777044454855098,31.0971033028857,51.03215829305848,11.332827424132683,47.177419119467714,-0.926346781057698,1862.218199074072,16076.871237268519,16076.871237268519,16076.871237268519,0,0,0
1996-03-30 16:26:28.100,10.59,126.44,32508.819422453704,5.3,3.0,5.4,4.566666666666666,0.2805463827856198,1.4105820818731873,0.07703883923463897,0.10424059773303328,0.7042613220052737,3.2941665427407574,0.48547632836755467,0.2433955163066465,0.37201828850138075,0.7225224219879998,72930635687.67302,0.14399945607262496,0.0077128704008256055,-1.4411533842457844,6.539149811747721,16.924281171513,41.699916328736336,22.100721323170653,18.0925552918814,7.567070977025262,14292.733056712965,14292.733056712965,43535.17270833333,43535.17270833333,1,0,0
1996-04-06 04:15:09.600,10.51,126.36,32515.311569444442,0.0,5.0,5.4,4.58,0.28836998911627915,1.6659845993285363,0.05750586935275166,0.08519839717921697,0.5317891615141866,2.7106357330792465,0.19556494697606622,0.17117857896577524,-0.3772468086363965,0.30279996425437794,87324648333.10506,0.13642376553557484,0.025388235342336675,-0.34641016151377546,9.311630656989129,16.924281171513,45.30134708428394,25.319072461554093,37.623051624821315,5.32534017164244,14299.225203703703,14299.225203703703,43535.17270833333,43535.17270833333,0,0,0
1996-04-21 15:45:40.500,12.8,125.49,32530.791093749995,0.0,3.0,5.7,4.866666666666666,0.28054638278561983,1.4947459967088725,0.07703883923463901,0.10424059773303325,0.7042613220052737,3.5054449393423393,0.48547632836755467,0.235844457656769,0.3720182885013843,0.7225224219879998,135803198582.66165,0.14399945607262488,0.0077128704008256055,0.44721359549995787,1.206719165204209,10.262695906859701,38.246625560589536,24.268337943539176,50.09837861248793,2.848116219358283,352.4943668981432,352.4943668981432,43535.17270833333,43535.17270833333,0,0,0
1996-06-11 19:37:39.300,12.93,125.48,32581.95219097222,0.0,3.0,7.0,5.433333333333334,0.1448255700622343,0.9105620145790353,0.039026061263931454,0.09432951539272733,0.3670094213266916,2.0552617664244366,0.25062169023945907,0.23039197261017183,0.7126985642953132,1.3999754584094024,1995526662217.867,0.36772511276205533,0.0792449755998434,-0.9999999999999999,4.607707969367495,40.6374363381086,45.215796821528166,3.965732093071438,40.64497824690035,138.70263356165188,0.051893518520955695,0.051893518520955695,0.051893518520955695,43535.17270833333,0,0,0
1996-06-11 21:48:00.800,12.51,125.15,32582.042717592594,5.0,4.0,7.0,5.125,0.1654990439250144,1.036670205141994,0.04093785374902027,0.10662554061029099,0.4454302378494892,2.472866990295817,0.2965469644950939,0.29337441637766865,0.7360955051094038,1.4483629979081067,1995535759496.141,0.31878866294881486,0.04610088752834598,-0.9999999999999998,4.819094914515003,30.048138794846,41.42388231485763,8.2461597037412,40.64431040103821,-187.61523183506478,0.1424201388945221,0.1424201388945221,0.1424201388945221,43535.17270833333,1,0,0
1996-06-12 00:33:24.300,12.74,125.26,32582.15757291667,5.0,7.0,7.0,4.799999999999999,0.16734667290893301,1.0514865447222108,0.024627568809188236,0.11256433879539958,0.3670094213266916,2.0919627085571055,0.11845183754283682,0.22044506119575832,0.7167167626068638,1.2999754584094037,1995606367847.2559,0.3147458273399801,0.0792449755998434,-1.0,8.016485235359784,23.1582030032574,40.088349248895966,12.695583575448127,40.647283173011914,-8.716939168233784,0.25727546296911896,0.25727546296911896,0.25727546296911896,43535.17270833333,1,0,0
1996-06-14 05:15:22.200,12.7,124.85,32584.353381944442,5.4,6.0,5.0,4.433333333333334,0.9290650232797588,4.530307512922828,0.2647029573610911,0.08905019918010605,1.3362907135484663,6.348110059586367,0.5476063471421999,0.15208997790012938,0.12379930424022856,0.24945433263603523,37268923662.47736,0.0016323186029816427,9.797783966128993e-05,-1.2163272811190746,9.814560628250268,45.790566452193104,53.21183600993492,9.216461153104946,51.294392799646424,-2.791923223516913,13146.942756944441,13146.942756944441,25780.70789583333,43535.17270833333,1,0,0
1996-06-14 15:00:11.200,12.61,125.24,32584.759504629626,4.6,11.0,7.0,4.663636363636363,0.23904830596691043,1.5037447886732624,0.03312075054548248,0.1581129266207976,0.5109346845920612,2.947082616541088,0.15130720194206598,0.27507511915230887,0.709452227277386,1.231977774431015,1995892844795.1038,0.19180286149669595,0.029322159123893774,-1.2375966910186265,11.583303791256869,23.1582030032574,45.97083249524191,14.025185517744447,40.67177183685159,5.561504197795565,2.859207175926713,2.859207175926713,2.859207175926713,43535.17270833333,0,0,0
1996-06-15 09:48:21.000,12.38,125.19,32585.54295138889,4.3,6.0,4.6,4.25,1.5051499783199227,6.873518234327649,0.46116962336196643,0.08689987451537572,2.895296546021689,13.040334798159414,1.706425153862438,0.392391837630574,0.03333333333333233,0.09602792291600792,19651343999.213375,3.0517578124996442e-05,2.0611536224384135e-09,-1.5491933384829666,7.944644274971296,30.048138794846,51.8681009804718,13.408121492282689,56.28665411689409,1.135355805106169,421.3844050925909,421.3844050925909,421.3844050925909,43535.17270833333,0,0,0
1996-06-15 14:16:44.700,12.7,124.83,32585.729336805558,5.4,8.0,5.5,4.6000000000000005,-0.0,0.0,0.0,0.0,,,,,,,101455161833.8921,1.0,,-1.921537845661046,12.540857118757762,45.790566452193104,57.81483853006104,9.870889415232666,67.46944871262285,2.184396226953558,13148.318711805558,13148.318711805558,25782.083850694446,43535.17270833333,1,0,0
1996-06-21 19:06:32.900,12.9,125.17,32591.930589120366,4.1,13.0,7.0,4.7153846153846155,0.3380610066998749,2.1608288672416305,0.05868939049708896,0.13577796201716746,0.5380639598801351,3.2125794634868514,0.14867475978306408,0.21386238977913638,0.6081688676979553,1.0293725225482113,1997927410324.524,0.09678698912016523,0.024311296519984177,1.5661106929916233,14.242587272904183,23.1582030032574,49.90792447279178,15.229557233342854,40.856397120248936,6.286376691457074,10.030291666666017,10.030291666666017,10.030291666666017,43535.17270833333,0,0,0
1996-06-24 13:25:00.700,12.88,125.34,32594.693410879634,0.0,12.0,7.0,4.675,0.2820883310700774,1.8077518659971485,0.0443825161536301,0.10960830642411382,0.5428681023790655,3.1667709008515317,0.16437294096195273,0.2523712088030578,0.5915397168695353,1.1665924246175576,1997650261490.0789,0.1424737996777562,0.023517745856009003,1.118033988749895,13.879884749204534,23.1582030032574,48.80932960468535,15.411854998230059,40.833993150797845,1.8946569949332692,12.79311342593428,12.79311342593428,12.79311342593428,43535.17270833333,0,0,0
1996-06-26 00:21:28.800,12.71,124.62,32596.14929166667,4.1,4.0,5.5,4.8,0.4698137515128939,2.5345584237673715,0.15088344611083537,0.07257569318155276,0.5790593092043358,2.976203159065739,0.2292114145937307,0.11921542626654137,0.10518468093880085,0.36027922916008226,95696482423.48985,0.03895459966338109,0.018315638888734182,1.921537845661046,8.867725110565202,45.790566452193104,59.666984037458704,11.10216096860389,70.49531529665259,5.621819555094113,19412.932185185186,19412.932185185186,19412.932185185186,43535.17270833333,0,0,0
1996-06-26 21:05:04.800,12.16,125.51,32597.01290277778,4.2,3.0,4.1,4.066666666666666,,,,,3.7225241305993144,15.36721777711692,1.0623842525552167,0.19616115400424933,,-0.02817143367794639,7989091957.47558,,6.79872708748768e-12,0.6123724356957945,3.259718258647996,23.4478032504018,34.42504336478053,13.212264056021896,34.82267216201856,-0.6079181782807582,432.8543564814827,432.8543564814827,432.8543564814827,43535.17270833333,0,0,0
1996-06-27 16:40:11.500,12.72,124.83,32597.8289525463,4.0,7.0,5.5,4.714285714285714,0.45401692698410495,2.6600988813870914,0.10772937648919997,0.0659498364599656,0.5232463637388581,2.896604732039223,0.14308776312014326,0.11770421784211187,-0.35903018871413384,-0.03583346732030179,120436359376.07002,0.04344594209632635,0.026931522687688038,0.7205766921228922,8.99386463871906,42.8297960328622,56.46713413958294,9.975457441326448,60.341148315472154,-1.06888075195982,13160.4183275463,13160.4183275463,25794.183466435188,43535.17270833333,0,0,0
1996-07-01 04:52:09.600,12.62,125.67,32601.337263888887,4.2,3.0,4.4,4.166666666666667,1.2552725051033025,5.427774771510599,0.43556631941837975,0.0994848859037934,2.0044360703226998,8.494865536010462,1.11061280440729,0.17834823043065492,0.0760187533431873,0.16196733745524305,11091151348.037493,0.00017146776406036092,9.698214581498479e-07,-2.1213203435596424,2.599710778816777,6.6805885228954605,21.61923411724422,16.09957829529148,19.67006142950639,-4.625448119368329,19.43696643518706,19.43696643518706,19.43696643518706,43535.17270833333,0,0,0
1996-07-02 04:40:09.800,12.49,125.29,32602.328932870372,4.2,5.0,5.5,4.4399999999999995,0.3112127488845655,1.5990441538832363,0.06165339268424768,0.12800732134381324,0.7445048261198607,3.6040415244230775,0.35283954673438556,0.2282224101478622,0.36189380218369216,0.6591428316102697,90072807636.867,0.11650961129490514,0.005840977343195231,-0.5222329678670936,4.20827817635731,16.2008308124392,41.431014038057874,16.747770378632634,17.920718487802734,-3.329562133979341,20.428635416672478,20.428635416672478,20.428635416672478,43535.17270833333,0,0,0
1996-07-02 23:12:22.500,12.26,125.57,32603.101302083327,0.0,5.0,5.5,4.56,0.41045340679576814,2.187872057489705,0.10932314055103884,0.07413556057262148,0.5790593092043358,2.909170353377873,0.2175857581712008,0.1371301539145407,0.1696213960812898,0.47604078349891665,93267181493.551,0.05870022685119138,0.018315638888734182,-2.5,5.289016160489034,6.6805885228954605,33.58783916260657,23.163493271960732,21.27830556165528,0.008768457075449647,436.7530567129543,438.94275578702945,438.94275578702945,43535.17270833333,0,0,0
1996-07-03 17:52:21.700,12.87,125.47,32603.879070601848,0.0,6.0,5.5,4.55,0.4378618118748817,2.331614148233746,0.10103727563522276,0.08118175266958665,0.6681453567742341,3.3744986368254586,0.23526070657663156,0.14161317134025894,0.17499999999999805,0.4494543326360354,93862483509.57751,0.04857519630534125,0.009898375607203868,-1.044465935734187,5.398666909117879,6.6805885228954605,32.59748403520789,21.75273524061081,21.48176076527803,-2.015768714913767,21.97877314814832,21.97877314814832,21.97877314814832,43535.17270833333,0,0,0
1996-07-03 23:18:14.500,12.66,125.05,32604.1053761574,0.0,6.0,5.4,4.466666666666666,0.47593235159971564,2.510360960177011,0.12156122710392303,0.07098231413404965,0.5790593092043358,2.909170353377873,0.1799495301858954,0.13063710851897012,0.12538281598398715,0.376040783498917,77766513491.70163,0.0373424617829025,0.018315638888734182,0.0,4.847224065219008,38.6710446989688,49.2024182113364,10.173454390651434,45.42756985775971,0.26833557227263655,22.205078703700565,22.205078703700565,22.205078703700565,43535.17270833333,0,0,0
1996-07-13 21:48:00.700,13.0,125.68,32614.04271643519,0.0,3.0,5.5,4.933333333333334,0.4466462829900637,2.376088370220779,0.14589980978997608,0.07863332416342274,0.7445048261198607,3.75294248964705,0.40537999419218373,0.16762140098633727,0.18015639956945861,0.4591428316102686,93204893500.07686,0.045715255465431544,0.005840977343195231,2.1213203435596424,3.1062799081417087,16.2008308124392,20.2301150405238,4.435849483429422,17.22815948134201,1.7538035574561295,32.142418981489755,32.142418981489755,32.142418981489755,43535.17270833333,0,0,0
1996-08-08 23:12:30.400,12.07,126.08,32640.10139351852,4.0,3.0,4.9,4.666666666666667,0.9396275030257888,4.599303096021851,0.2950494586047618,0.0741582297141534,1.3714562586418488,6.511528792743798,0.6285608149827187,0.15177028646746027,0.005184680938804753,0.15210610858843232,32129005204.495857,0.0015174608349342795,7.684776196487846e-05,-0.44721359549995787,3.817433980804671,8.33011985676389,26.68666051211083,20.005686810261135,17.12652363516949,0.660575725037631,467.56149537037345,475.9601504629609,475.9601504629609,43535.17270833333,0,0,0
1996-08-13 10:33:48.500,12.3,126.17,32644.57451967592,0.0,3.0,5.2,4.933333333333334,1.0256360732154968,5.256762103424645,0.3515361210478477,0.0783451477904488,1.5328040537761836,7.681300307467725,0.785157280999174,0.15493269739687898,0.0746322007336957,0.18872651821070274,56920683859.9821,0.0008377062976308283,2.5210870330948685e-05,-0.6123724356957945,4.607707969367495,8.33011985676389,13.478069605867097,8.869591543510532,10.151113664267294,-2.111553239486006,472.034621527775,480.43327662036245,480.43327662036245,43535.17270833333,0,0,0
1996-09-20 00:11:45.800,9.47,126.41,32682.142543981485,6.3,3.0,5.9,5.5,0.684296279565413,3.9327420073439927,0.2241956812569034,0.09756609539998762,1.240841376866435,6.929496414425125,0.7371763923041442,0.19440098754961124,0.15286659480068732,0.3154856989661621,221869061841.21088,0.008853421915680941,0.0001894418252328926,-0.6123724356957945,2.599710778816777,46.401481015154594,56.4667044908257,9.19069156967228,61.47471184333844,-0.08080468996864976,622.0918113425978,16255.551837962965,16255.551837962965,16255.551837962965,1,1,0
1996-09-20 06:05:47.600,9.5,126.66,32682.38839814815,6.0,6.0,6.3,5.3,0.434704407901467,2.7456460372682954,0.1313501514830197,0.07302404997359947,0.41361379228881134,2.5602320696356697,0.1189138703458904,0.09745815880072149,-0.01612191494189208,0.11009019194419523,518020656185.5927,0.04964628731245423,0.0574326192676173,-0.9797958971132713,6.516283101734105,46.401481015154594,60.14946283424397,9.865997099537498,55.86878330490569,0.4289077253739092,0.0800752314789861,16255.797692129629,16255.797692129629,16255.797692129629,1,1,0
1996-09-20 16:18:29.400,9.74,126.83,32682.813881944447,6.0,7.0,6.3,5.014285714285714,0.38486954415883223,2.431643457385085,0.1145543985099528,0.08314700593881194,0.34196415897893856,2.135219472047561,0.09043693995963914,0.11036125355069354,-0.018097896521444667,0.056013851208692955,503227260474.13226,0.07004729477843283,0.09421228193629186,-1.1832159566199232,12.32142385258237,25.0543437468681,40.423620443531284,10.720481454944032,50.1192912905297,-4.590355254873216,0.5055590277770534,16256.223175925927,16256.223175925927,16256.223175925927,1,1,0
1996-09-20 17:16:48.800,9.54,126.94,32682.854384259263,6.0,8.0,6.3,4.8125,0.34288550346738045,2.1719421892268596,0.08542587044072944,0.08399468591580585,0.46531551632491297,2.732476418948278,0.15732083155592783,0.13717680524518464,-0.03430742117530716,0.42769116205381685,501812092648.9568,0.09361457922630766,0.040184026451073544,-1.158730919004642,10.832886466569427,7.10596008679602,31.74908702336706,15.83862485840047,50.055945078403646,-10.672895517090831,0.5460613425930205,16256.263678240743,16256.263678240743,16256.263678240743,1,1,0
1996-09-20 17:53:03.400,9.75,126.48,32682.879553240742,6.0,13.0,6.3,4.815384615384615,0.4553201863604205,2.936445346397013,0.10550148066431103,0.097144259117933,0.48254942433694675,3.0267075822151766,0.11849727100657481,0.1075768004134837,-0.1491877021077066,0.027673416305359133,543491694040.56586,0.043056571100261995,0.03567399334725233,-1.0947974973864747,14.658403959229823,7.10596008679602,43.514329115438436,20.32786959040459,52.5466254652644,-10.458890184567514,0.5712303240725305,16256.288847222222,16256.288847222222,16256.288847222222,1,1,0
1996-09-20 21:38:14.400,9.86,127.14,32683.035930555558,6.0,9.0,5.7,4.666666666666667,0.6017920597083624,3.3668874912596745,0.14951972396856725,0.09354950462169674,0.668145356774235,3.638809574142653,0.18430940179960448,0.11567941832515596,0.1052311143963589,0.25386535691783685,149858879356.33243,0.015653945622787088,0.009898375607203807,-1.0,14.187408503055094,4.28536492909224,19.520203804256173,14.70472562987764,12.056495427879966,-40.14970006066077,43535.17270833333,43535.17270833333,43535.17270833333,43535.17270833333,1,1,0
1996-09-21 00:40:21.800,9.49,127.27,32683.162405092597,5.7,8.0,5.7,4.800000000000001,0.7122387944809607,3.960205172479305,0.2068432757431576,0.1024655944215944,0.7445048261198607,4.050744420094993,0.2260087176145738,0.1124637663555142,0.1397789011685644,0.2591428316102702,150871450825.10428,0.007299340389801431,0.005840977343195231,-0.9999999999999998,13.285795734172117,7.228767704327,27.302513945819076,20.863206868247985,12.389930840667608,-178.25112017464616,43535.17270833333,43535.17270833333,43535.17270833333,43535.17270833333,1,0,0
1996-09-21 18:17:19.200,9.44,127.0,32683.896402777777,6.0,19.0,5.8,4.726315789473683,0.6276407984946608,3.8803602039420544,0.1148665947766421,0.09149762556086154,0.6433992324492621,3.9101378688243784,0.12070700965543166,0.09522665641035798,-0.38245374304657087,-0.27731198860690043,265429496206.46716,0.013094158829313208,0.011743628457021352,-1.4201266762286784,19.670573797386545,4.28536492909224,22.1993542280402,11.515677986400574,27.15235243489899,-4.303119631831636,43535.17270833333,43535.17270833333,43535.17270833333,43535.17270833333,1,1,0
1996-09-21 21:54:21.100,9.79,126.66,32684.047119212966,6.0,34.0,6.3,4.702941176470588,0.7421174353168036,4.662399545466741,0.12717517182368568,0.08679458869409636,0.6873725612857232,4.366861950479389,0.1091041943571113,0.08663213943359299,0.017436993679575075,-0.052976822803660895,568419587749.3674,0.005938102557308257,0.008667269807744876,-1.4178980155881082,27.889226052526627,4.28536492909224,32.93842140691604,17.11365011927765,47.83263236918203,-13.35538369888519,1.7387962962966412,16257.456413194446,16257.456413194446,16257.456413194446,1,1,0
1996-09-22 14:05:26.400,9.51,126.75,32684.721486111113,6.0,38.0,6.3,4.734210526315789,0.7894966471045399,4.976388850641343,0.1368152385656461,0.1076972275863569,0.6520938166715498,4.267152802026857,0.09333704697296637,0.12635085863261053,-0.003242539271231415,-0.24377129936222097,586758643080.3663,0.004280653338845905,0.011059068548145595,-1.4841943475130879,27.818392243924883,4.28536492909224,33.18062794019072,16.79933521273524,46.49477677550407,-2.9792740091604357,2.4131631944437686,16258.130780092593,16258.130780092593,16258.130780092593,1,1,0
1996-09-23 02:15:17.800,9.39,126.54,32685.22833101852,6.0,29.0,6.3,4.7,0.7098741503879227,4.426111613781096,0.12536443504277922,0.0707885451094604,0.7360923422089015,4.539836301383148,0.13479575741608632,0.07855000561118404,0.0649347967349243,0.1325179586031453,549891448816.7205,0.007419549709057806,0.006190460736207604,-1.8148646454934707,20.656251696749276,14.6459960739212,40.338573192130816,15.293210366585647,51.70873126007446,-5.855473209688663,2.9200081018498167,16258.637625,16258.637625,16258.637625,1,1,0
1996-09-24 11:44:46.600,9.6,126.56,32686.62380324074,6.0,40.0,6.3,4.6725,0.7825062291583801,4.898989939122343,0.12444009408269027,0.0822444016818266,0.742872140097668,4.683610764400558,0.11215350911418391,0.08220190209187159,0.03935982031552321,-0.004733360689481714,570071787820.1256,0.004492429935522446,0.005907225907425541,-1.6439898730535731,28.355439489508775,4.28536492909224,35.69198409593438,16.919519046625606,47.80277037175819,-2.7211738902997387,4.315480324068631,16260.033097222218,16260.033097222218,16260.033097222218,1,1,0
1996-09-24 14:32:19.400,9.55,126.84,32686.740155092593,6.0,42.0,6.3,4.673809523809523,0.8209789826731566,5.113498379074072,0.1346997846334502,0.12243873459367376,0.7305888480615456,4.645954695629788,0.1066716223912375,0.12480891851688662,0.07146250148302791,-0.059191914791461464,565035918687.9282,0.003443999279938096,0.006430332881807396,-1.7494938539301221,30.1812013433845,4.28536492909224,31.876337734750926,14.29345184119568,43.466446534017685,0.027921426876075076,4.431832175923773,16260.149449074073,16260.149449074073,16260.149449074073,1,1,0
1996-09-25 10:02:47.800,10.01,126.65,32687.552983796297,4.3,24.0,6.0,4.583333333333333,0.7256335069164788,4.302070253451489,0.1274476971244638,0.07030642485328711,0.8328935269377433,4.810859554204309,0.16790990239618445,0.09512911670131502,0.07129051725740965,0.22392010670061513,298509883137.5758,0.0066542556075213964,0.003171899505257978,-1.3734856686897283,23.489197518222973,4.28536492909224,25.957250498289465,14.224636524416509,15.511703966711694,-0.41177521390679295,0.025072916661883937,43535.17270833333,43535.17270833333,43535.17270833333,0,0,0
1996-09-25 11:43:27.100,9.93,127.19,32687.622883101856,5.5,11.0,5.7,4.800000000000001,0.5058569910697471,3.1013842915877063,0.09687130231649932,0.06202758880337612,0.6831598591736541,3.9193174062957,0.17667874518948784,0.11568468694179931,-0.43095073575861687,-0.037042880470878004,202724773337.31967,0.03036889757237931,0.008923195794795597,-1.1130623746355597,15.842145117751423,4.28536492909224,21.220377867949548,15.634453675287288,25.728951157121642,-19.454389478933066,43535.17270833333,43535.17270833333,43535.17270833333,43535.17270833333,1,0,0
1996-09-25 18:19:05.700,9.44,126.58,32687.897635416666,5.2,42.0,6.3,4.6952380952380945,0.7462298915925178,4.770568409661721,0.11523199911209206,0.0943887694840645,0.7153085584288857,4.594515688429317,0.10588017632214594,0.0922780065097482,-0.09289374951320184,-0.1231241668920875,621983488904.9562,0.005771787392803812,0.00714618614709694,-2.362497692874473,26.68549015130478,4.28536492909224,36.45307011727851,15.7114688263273,43.47984710534014,-2.5872158232434055,0.3697245370312885,16261.306929398146,16261.306929398146,16261.306929398146,1,0,0
1996-09-26 03:45:21.600,9.71,127.11,32688.290875,4.7,27.0,6.0,4.811111111111111,0.7383530047033624,4.625849865920108,0.13307120454254576,0.12934666418518764,0.658021942277655,4.196326541685663,0.10569069322733884,0.1283253218860482,-0.26509249160375514,-0.3771833005456324,392589850453.12463,0.006094540759399066,0.010615346461976627,-1.8796589935806514,25.03048553177186,4.28536492909224,24.20709700079481,11.322444732830652,22.834189032847142,1.3245146047818146,0.7629641203639039,43535.17270833333,43535.17270833333,43535.17270833333,0,0,0
1996-09-26 05:59:04.400,9.95,126.31,32688.38373148148,4.0,19.0,5.9,4.594736842105264,0.8035085613710629,4.6155031084937495,0.17791528812064888,0.08682503056177586,0.8405699649740374,4.777689091933389,0.19470629235857864,0.09422695894406251,0.15581340338414318,0.2161315642762025,230945078239.92633,0.003885745170338132,0.003008085007254999,-1.4967665407535604,18.001376923506815,20.6423716912563,39.588833900965746,12.291737017142674,57.539204310911764,-2.5209324797781343,14471.648164351853,14471.648164351853,43535.17270833333,43535.17270833333,0,0,0
1996-09-26 16:00:16.300,9.51,126.84,32688.801230324076,5.2,44.0,6.3,4.745454545454546,0.8011424612546155,5.110348888450377,0.1314812925105188,0.11120611995706906,0.6613621551826173,4.387114737523179,0.08960312239352296,0.13033860354362592,-0.07882665768008668,-0.333452947291482,625473962503.4889,0.003949777361051814,0.010373218704051742,-2.19537516865513,30.98764967264268,4.28536492909224,31.26071328906824,14.321798315582736,38.20406172664276,0.004338305120931717,1.2733194444408582,16262.210524305556,16262.210524305556,16262.210524305556,1,0,0
1996-09-28 08:49:48.000,9.56,127.29,32690.502291666668,0.0,19.0,5.7,4.852631578947369,0.46465356987999223,3.1128584724237722,0.05788644655390061,0.031593680992456935,0.8143021535685974,4.84966201822663,0.17778270141304375,0.1557408497570525,-0.9993103555144138,-0.25560505025496205,263720456870.4632,0.040368191217493535,0.0036065631360157266,0.29851115706299675,21.228313169356625,7.228767704327,30.345333668701826,14.549775985452097,26.620306038446973,-0.47415824287269265,43535.17270833333,43535.17270833333,43535.17270833333,43535.17270833333,0,0,0
1996-09-29 21:36:45.400,9.37,126.63,32692.034900462964,5.2,41.0,6.3,4.7073170731707314,0.7511522441849333,4.79933809709643,0.11933441581582994,0.09370844195931435,0.6797652760224826,4.422330978657911,0.09772996096727567,0.09625601400223648,-0.08930141559270321,-0.2056735532805396,622071693127.2358,0.0055788317958586015,0.009134907876173829,0.9468829830875654,26.510439873982534,7.10596008679602,36.610214383364465,15.511369000317506,43.47214228872317,-2.0992451448083655,4.506989583329414,16265.444194444444,16265.444194444444,16265.444194444444,1,0,0
1996-10-02 08:17:39.500,9.38,126.95,32694.47997106482,5.2,36.0,6.3,4.747222222222222,0.7358533977339545,4.714450043521273,0.13075910603106444,0.11558486569419482,0.5963446617178977,3.9856443475763426,0.0858784140547037,0.13071533446082095,-0.10677892911730158,-0.3834577442092737,617866469119.7208,0.006200686961955026,0.016254215555093716,1.4599447664678165,27.99545632975874,4.28536492909224,29.40369297960718,13.50692081288912,37.95416137292319,1.6367681097329914,6.9520601851836545,43535.17270833333,43535.17270833333,43535.17270833333,1,0,0
1996-10-02 15:50:22.900,11.9,125.95,32694.794362268512,4.3,3.0,6.2,4.8,0.10837849525229196,0.59965124952789,0.01897510990944441,0.10431119028611949,0.5109346845920612,2.520859993087907,0.42172450536935374,0.3218586920817873,0.6670642627767185,1.2661795546321066,380257983232.42926,0.4730036741756498,0.029322159123893774,-0.9999999999999999,3.1062799081417087,30.3631833131062,41.188486268901,13.475775654368356,56.24576306808892,-555.8578922349548,0.25163425925711636,530.6531192129551,530.6531192129551,43535.17270833333,0,0,0
1996-10-05 10:20:05.600,9.72,126.23,32697.56499537037,4.6,5.0,5.0,4.4,0.7904489527437969,3.8228697645520864,0.24472283312098672,0.10149491787355612,1.240841376866435,5.81359377416699,0.6030583968612896,0.17365628314551512,0.16367280735563394,0.31479697360803804,35114147661.11803,0.004252586358998568,0.0001894418252328926,1.9867985355975657,3.7589436945268564,23.741462217616203,42.45900825947196,15.259175072066817,37.973843148114284,6.227341529114092,15.256672453699139,14480.82942824074,16270.974289351849,16270.974289351849,0,0,0
1996-10-07 07:02:42.000,12.1,126.26,32699.427916666667,5.6,4.0,4.6,4.3500000000000005,1.6812412373755892,7.6132976936621155,0.5630131458243783,0.13650758465529533,2.171472409516257,9.722244111296241,0.9392194961119661,0.16592462370367736,0.07162089270041783,0.12274112777602131,18351077680.74835,9.042245370370253e-06,3.0590232050183034e-07,-0.9999999999999998,5.0564020833731655,17.3962317887813,25.5728165281583,5.650659953182115,25.993666878000134,-10.696453629988033,526.8880185185226,535.28667361111,535.28667361111,43535.17270833333,1,0,0
1996-10-08 19:52:28.600,9.2,126.55,32700.962483796295,4.6,7.0,4.9,4.3,0.8337334825539034,3.989342769183331,0.1878761593848788,0.08932670334796976,1.3714562586418488,6.374383166879612,0.5083713989093337,0.143911823419514,0.11508629236872814,0.25210610858843285,30686698622.608257,0.0031535487739366196,7.684776196487846e-05,1.2602520756252091,4.09361410979329,19.1997160888615,34.05224517862024,11.517013993487527,35.041936969989095,-0.004875343606697177,18.654160879625124,16274.371777777775,16274.371777777775,16274.371777777775,0,0,0
1996-10-10 11:46:04.700,9.09,127.18,32702.624707175928,4.0,4.0,4.7,4.35,1.1181114124662146,5.126110783306646,0.34224084088344764,0.14027573285699718,2.1714724095162667,9.722244111296284,1.2908337293696905,0.261763446916439,0.11538461538461497,0.22274112777602273,20395412441.341946,0.0004422478829413648,3.059023205018097e-07,0.8660254037844386,6.34332552232842,19.1997160888615,22.657797677400524,3.1246644662808842,23.841815462662883,0.2477603714156519,10065.810500000003,43535.17270833333,43535.17270833333,43535.17270833333,0,0,0
1996-10-11 07:25:07.300,9.16,126.76,32703.443487268516,4.3,7.0,5.2,4.385714285714286,0.43004285094854566,2.160965326016442,0.06525753766368807,0.0912258648319534,0.9650988486738925,4.643974814696498,0.32866299846075214,0.16423612361362344,0.1750000000000007,0.3880837687480243,51647526232.40959,0.051270959750476984,0.0012726338013398116,-0.9332565252573828,4.169979258189064,20.833675275942998,36.18455426363579,12.592109865950858,46.215756727496085,0.059410635491070764,21.13516435184647,16276.852781249996,16276.852781249996,16276.852781249996,0,0,0
1996-10-13 16:16:59.200,9.65,126.59,32705.81283796296,4.8,4.0,4.5,4.2,1.1181114124662115,5.002831832701382,0.3521629199369606,0.08714780618757315,1.7371779276130073,7.550771701779992,0.8500844476459334,0.1711536079696067,0.02564102564102555,0.1534264097200273,14578905734.46449,0.0004422478829413738,6.144212353328218e-06,1.1547005383792517,1.17745868111411,20.833675275942998,43.957076812305324,20.485440893450043,38.27940365510035,0.38675580956400446,18.284927083324874,16279.22213194444,16279.22213194444,16279.22213194444,0,0,0
1996-10-18 19:38:24.300,9.78,126.4,32710.95271180556,5.4,4.0,4.8,4.475,0.6986310412636998,3.4393872771814187,0.19103386994880203,0.10996747394932353,0.8272275845776234,3.910970329638456,0.2678333375678466,0.15272465093584778,-0.1230381618317109,0.0721954604120576,27727303820.251305,0.008018753738744808,0.003298505755939073,-0.8660254037844386,1.6688137262811444,21.6426792156381,41.823741910649076,20.716673395259885,30.128814527380072,-4.3227332759077,23.4248009259245,16284.36200578704,16284.36200578704,16284.36200578704,1,0,0
1996-10-19 15:44:10.900,9.96,126.71,32711.790056712958,5.4,5.0,4.8,4.619999999999999,,,,,,,,,,,35674173495.20997,,,-2.5,3.0651882316391097,21.6426792156381,37.89852426344592,11.107657871040768,34.437861272727886,1.3706402797481392,24.262145833323302,43535.17270833333,43535.17270833333,43535.17270833333,1,0,0
1996-10-23 11:34:40.600,10.02,126.5,32715.61678935185,6.9,6.0,4.8,4.583333333333333,0.8804562952784006,4.497871669824355,0.1335573755397021,0.05083316790886859,2.368878992199564,11.373964618837658,0.9668030758026636,0.18349798624904465,-0.3085689249369574,-0.0014122529224867009,36821502300.64779,0.002283658260521255,7.822814343739539e-08,-0.8164965809277259,4.291105500169672,21.6426792156381,36.01731474026685,10.951609302959675,33.85247403585525,0.29677532861502937,28.088878472215583,43535.17270833333,43535.17270833333,43535.17270833333,1,1,0
1996-10-23 15:18:08.100,9.93,126.22,32715.77196875,6.9,7.0,4.8,4.471428571428572,-0.0,0.0,0.0,0.0,,,,,,,31508477165.924202,1.0,,-1.1677484162422844,5.831226725844669,40.228682594335396,49.3027118310697,8.566835818695909,46.064981774916234,1.2609643667605095,14499.036401620371,14499.036401620371,43535.17270833333,43535.17270833333,1,1,0
1996-10-25 03:41:23.900,10.06,126.09,32717.288123842594,5.6,6.0,4.5,4.3999999999999995,,,,,,,,,,,22661688750.096447,,,-1.2163272811190746,6.753637971265559,43.743520106917295,56.17865652052092,10.426106538720822,55.37972297022392,1.0508712012446122,7733.524130787038,14500.552556712966,43535.17270833333,43535.17270833333,1,0,0
1996-10-27 21:18:23.700,9.78,126.38,32720.022149305554,6.9,10.0,4.8,4.46,-8.111773462505967e-16,0.30102999566397726,9.356586346936375e-32,1.798766884999431e-16,1.7371779276130135,8.292048462683844,0.42911570349969225,0.19713996495060962,371102567219602.94,0.026713204860013384,38808091734.50642,1.0000000000000056,6.144212353327941e-06,-0.37354368381881414,5.618030217543021,21.6426792156381,49.43024567829842,16.839260832065435,41.53548441337191,4.6015909583151835,32.49423842591932,14503.286582175926,16293.431443287034,16293.431443287034,1,1,0
1996-10-31 18:18:41.900,10.0,126.59,32723.897359953706,6.9,9.0,4.8,4.4,-0.0,0.0,0.0,0.0,,,,,,,32227106504.27874,1.0,,1.0,6.039764611648571,26.6112671243715,49.18297811588246,12.826835167144242,46.82382757224691,1.2984912035424805,36.36944907407087,43535.17270833333,43535.17270833333,43535.17270833333,1,1,0
1996-10-31 19:04:42.000,9.83,126.44,32723.929305555557,6.9,13.0,5.4,4.46923076923077,0.5689391661997595,2.9646048583374207,0.06868247239752968,0.10323769287842237,1.1329421267041393,5.688655037558704,0.27235145997684795,0.18600232272345638,0.18924103935477365,0.3788652893438922,81046091582.47493,0.01964185503295963,0.000399184454259176,0.5046949386828397,7.457823869837825,26.6112671243715,49.23146924404834,14.076179785770753,34.10131738923755,-0.4962595688047244,36.40139467592235,16297.338599537037,16297.338599537037,16297.338599537037,1,1,0
1996-11-01 20:31:08.500,9.95,126.76,32724.989334490736,6.9,15.0,5.4,4.52,0.8673533304426536,4.682012204396362,0.17319412548220578,0.08051107440679617,1.0592548339103722,5.571542240323732,0.2583104437879744,0.10775893695206881,0.0019551201735765744,0.14013045590202022,96162213382.00352,0.0025000000000000096,0.0006641030858712658,-0.8040844011283461,8.942394874995996,26.6112671243715,43.57281350251628,9.22710828025415,37.65246102660711,0.10642531501166298,37.461423611101054,43535.17270833333,43535.17270833333,43535.17270833333,1,1,0
1996-11-01 20:35:16.900,10.0,127.08,32724.992209490738,4.8,4.0,5.4,4.575,0.47873794698491534,2.437506684553809,0.15574350164330117,0.11800274293198192,0.6948711710452029,3.381544675508774,0.328112530856924,0.16967324976442974,0.308474041163457,0.5335660243000682,73979675943.54556,0.03662571899648987,0.00822974704902003,-0.8660254037844386,3.6297049773194057,22.277502724074598,27.653865722370696,4.691875533991988,27.84274065884441,0.06077856081291529,37.464298611103004,43535.17270833333,43535.17270833333,43535.17270833333,0,0,0
1996-11-02 00:46:28.900,9.74,126.31,32725.16665393518,6.9,17.0,5.2,4.411764705882353,1.1562656207653135,5.888030470431077,0.22510482307524154,0.12741565632166124,1.4476482730108444,7.261242047177848,0.35285452199606177,0.13657058334439054,0.10771811884030225,0.18411169166403418,64143175023.389755,0.0003397841667012579,4.539992976248326e-05,-0.3939192985791677,9.98982688598233,33.642488759237295,49.57031030594043,10.73239728412554,48.47709389550402,-1.054854793066989,37.63874305554418,14508.43108680555,16298.575947916659,16298.575947916659,1,1,0
1996-11-04 05:15:02.600,9.68,126.56,32727.35315509259,6.9,18.0,5.4,4.472222222222222,0.6986310412636992,3.799868815587741,0.09466804580008349,0.071354316300026,0.9650988486738945,5.041514695227877,0.18065552620014724,0.16614204330841906,-0.039020872468612744,0.17616753749605074,95758055739.16548,0.008018753738744841,0.0012726338013397947,-0.7154357701654478,8.769595642972986,22.277502724074598,45.122974830414094,12.793893890853084,38.24285173705581,-1.7481799059182495,39.82524421295602,16300.76244907407,16300.76244907407,16300.76244907407,1,1,0
1996-11-04 05:30:57.800,9.61,126.91,32727.36421064815,6.9,6.0,5.4,4.733333333333333,0.7695261381496302,4.089818532406514,0.24783433027717097,0.0897154761943812,0.8863152691903095,4.598757188773381,0.32876923861110885,0.11441257119935389,0.08527665318722377,0.21137542290728994,84582177639.6896,0.004913846497712289,0.0021930785764980197,-1.5491933384829666,2.3508227947002083,22.277502724074598,28.811076926762382,5.099773091360833,29.824124246087067,2.893596516510184,39.836299768514436,16300.77350462963,16300.77350462963,16300.77350462963,1,1,0
1996-11-04 06:23:28.900,9.7,126.27,32727.40068171296,6.9,18.0,5.2,4.438888888888889,1.0487549080281764,5.4472365482088145,0.17845692302324792,0.06523204821569484,1.240841376866435,6.309930324913564,0.24981466068267752,0.10964006616142305,0.005996609398021491,0.11479697360803875,69456335093.1568,0.0007140609377412029,0.0001894418252328926,-0.27735009811261463,10.906146282418021,36.62838065654719,51.49503717995552,10.481496827081633,47.657654273655034,-1.0674938119043662,45.09235879628977,14510.665114583331,16300.80997569444,16300.80997569444,1,1,0
1996-11-04 11:49:18.900,10.13,126.54,32727.626954861105,6.9,20.0,5.4,4.43,0.6986310412636992,3.799868815587741,0.08887971892260724,0.071354316300026,0.9650988486738945,5.041514695227877,0.1696096317905681,0.1664525288264291,-0.039020872468612744,0.17616753749605074,95702470813.55118,0.008018753738744841,0.0012726338013397947,-0.6897614987154127,14.37449270847638,22.277502724074598,44.56410098204716,12.92239149523326,37.92834900834645,-2.2550537354178704,40.09904398147046,14511.540589120366,43535.17270833333,43535.17270833333,1,1,0
1996-11-04 13:13:29.200,10.03,126.83,32727.685407407404,6.9,22.0,5.6,4.540909090909091,0.9110507895293822,5.136035829485761,0.18402705096683072,0.05676018066376119,0.9390150960070303,5.241884895486155,0.19549769327175923,0.07579091821972223,-0.037485734619539635,0.017677715964099505,151960537372.26514,0.0018486199323433322,0.0015238938345903876,-1.7088452508213707,14.614064933639078,19.7588734373472,37.65841750053107,9.218610174885553,39.65809700331707,-1.1957790719836443,40.15749652776867,43535.17270833333,43535.17270833333,43535.17270833333,1,1,0
1996-11-04 17:14:16.700,9.97,126.32,32727.852623842595,4.4,26.0,6.9,4.530769230769231,0.3643383854955077,2.3257196221744527,0.03627380848722757,0.11807496020682232,0.5428681023790649,3.2753445213273427,0.08053264169266838,0.21469142671337835,0.5165945868936479,0.866592424617556,1627097676048.1052,0.08072068589644293,0.02351774585600909,-0.9837387536759296,16.25504113802165,22.277502724074598,46.815713707756785,13.551279907062053,26.765859138855397,-1.4781237423647935,0.16184837963010068,0.16184837963010068,43535.17270833333,43535.17270833333,0,0,0
1996-11-04 22:34:56.600,9.81,126.01,32728.07530787037,4.6,13.0,5.2,4.346153846153848,0.6164950007226705,3.0702871145799278,0.06971846781642252,0.1732149540997446,1.888236877840229,9.007212266833028,0.6540360190021681,0.366864822193549,0.2197696477978539,0.4298292801401571,54530591958.63536,0.01414213562373088,2.164160003657962e-06,-0.6166698388447783,12.256571501588237,48.161912909316506,60.28071475392953,7.383309303702571,53.97914418589861,-0.2817064915247704,7744.311314814815,14511.339740740743,43535.17270833333,43535.17270833333,0,0,0
1996-11-05 12:29:45.800,9.83,126.63,32728.655043981486,4.1,36.0,6.9,4.569444444444445,0.5368028055965778,3.435244153513722,0.06568543662213037,0.16970736615330112,0.6085655160427745,3.8407940589549883,0.08442172395028716,0.171948606571717,0.5005473188688896,0.5887747371393477,1632551595922.5613,0.024524015571506807,0.01493837824983151,-1.977246130971923,17.627070969803817,5.020071576555231,38.72944812979692,16.269379092632285,26.70960693224423,-2.059581610156279,0.9642685185208393,0.9642685185208393,16302.064337962966,16302.064337962966,0,0,0
1996-11-05 13:16:36.300,9.51,126.57,32728.687572916668,0.0,23.0,6.9,4.617391304347826,0.4684766803778321,2.9797678036004305,0.0685551645180784,0.1441472394516295,0.668145356774235,4.019020815854259,0.13944602258728273,0.2136086024519834,0.5394532995810772,0.8848106776378035,1628176729084.8564,0.03931605725663065,0.009898375607203807,-1.8601246995197869,10.192579506529466,5.020071576555231,37.27611396841293,17.739216970121635,26.70843551710719,-2.876906138626785,0.9967974537030386,0.9967974537030386,16302.096866898148,16302.096866898148,0,0,0
1996-11-05 13:25:14.400,9.8,127.0,32728.693569444447,4.1,20.0,6.9,4.659999999999999,0.43012769877050155,2.7403884553229383,0.06573347843219692,0.15484684935075266,0.6095361149519328,3.7069561157708346,0.13200509034498592,0.18960209688344848,0.528895643883895,0.8183979015531184,1627639835555.2388,0.05124091823595678,0.014838556515937105,-2.0591946691637406,11.534847627206373,5.020071576555231,23.66247290279194,7.767541951793098,26.3518941125978,-2.621684281539656,1.0027939814826823,1.0027939814826823,43535.17270833333,43535.17270833333,0,0,0
1996-11-07 06:10:12.900,9.83,126.8,32730.391468749996,5.8,41.0,6.9,4.582926829268292,0.6331277929724397,4.037961988878574,0.08444366838284095,0.1844263363584426,0.749262045456089,4.653190559620169,0.11826379242356297,0.19832215560886374,0.5222007094003098,0.6896352980382314,1634560703507.4395,0.012607141319681258,0.0056521524043891295,-2.768088407698681,20.210963510581493,2.85624237684205,28.890189639847044,13.813314850459358,26.5727030104605,-3.9918432477173904,2.700693287031754,2.700693287031754,16303.800762731476,16303.800762731476,1,0,0
1996-11-07 06:24:58.100,9.97,126.59,32730.40171412037,4.5,42.0,6.9,4.571428571428571,0.6377022663932331,4.0953607293404595,0.08875504980092976,0.16131857549126835,0.7142243468965952,4.491103950799973,0.1113336512562662,0.16950818614157767,0.47794233270751274,0.6119142321114532,1639805752759.912,0.012214992392203597,0.0071999082027999345,-3.2544872163775342,21.729633440443468,2.85624237684205,31.32961075346172,17.112988318641627,26.334201380778172,-4.034834372639442,2.7109386574047676,2.7109386574047676,43535.17270833333,43535.17270833333,0,0,0
1996-11-07 09:45:38.500,9.86,126.09,32730.541070601845,4.3,15.0,5.6,4.4333333333333345,0.598689630978293,3.2962569043129166,0.0937072594197789,0.06588723057496355,0.7896263307331853,4.173325859562035,0.16300953454660647,0.1476306673191041,0.09421414076164147,0.3148091481612436,123876290306.61539,0.01599304307898246,0.004276820349208924,-1.5434872662825796,11.259236422105468,40.088265760241796,54.19235814250362,9.36873871850755,46.78484324091115,0.17099205984956445,7746.777077546289,14513.805503472217,43535.17270833333,43535.17270833333,0,0,0
1996-11-07 22:57:37.200,9.74,125.83,32731.091055555553,4.1,5.0,4.4,4.260000000000001,,,,,,,,,,,15717947732.673658,,,-0.9486832980505137,6.210684822583022,48.141453362477705,61.652551841353976,8.567182364336606,60.24079527623006,-0.8060591908498971,7747.327062499997,14514.355488425925,43535.17270833333,43535.17270833333,0,0,0
1996-11-08 06:22:33.400,9.86,127.08,32731.400039351855,5.8,30.0,6.9,4.640000000000001,0.5876877558603811,3.7632136118899644,0.09442190767672137,0.1506693796696177,0.6465225296941612,4.0771224607330705,0.11427383767878856,0.15323659903808895,0.49657645686257457,0.5937658419084624,1635264877905.9678,0.017255864919828518,0.01149297364795793,-2.7009191081513304,17.927978298769656,2.85624237684205,20.624848933783262,8.990174071761729,26.001017869334394,-2.0420092000230423,3.7092638888898364,3.7092638888898364,43535.17270833333,43535.17270833333,1,0,0
1996-11-09 12:43:33.200,10.06,126.62,32732.664620370368,4.5,46.0,6.9,4.589130434782609,0.6702759531956091,4.297091600171237,0.08954456495394755,0.16717963699132998,0.7119581670545119,4.5342923459792255,0.10102780225733965,0.16484740644618695,0.4890709196944725,0.5312376824914598,1640270732769.4368,0.009753761689598888,0.007313503925535928,-1.051206911708167,25.1724630425308,2.85624237684205,31.616806131513357,15.051469093799033,26.34504274624595,-2.7439487600671164,4.973844907402963,4.973844907402963,43535.17270833333,43535.17270833333,0,0,0
1996-11-09 20:36:22.600,9.88,125.92,32732.992969907405,0.0,8.0,4.5,4.262499999999999,,,,,4.3429448190325335,19.40998719940713,2.3097198784841115,0.6332655393065927,,0.030685281944005105,21065361174.612072,,9.357622968839192e-14,-1.8665130505147658,7.944091836616385,27.1081844413009,56.252397825787895,13.163973275086006,55.81564732266987,-4.563128578392847,7749.228976851849,14516.257402777777,43535.17270833333,43535.17270833333,0,0,0
1996-11-10 18:15:21.300,10.07,126.61,32733.89503819444,4.5,51.0,6.9,4.580392156862745,0.6119699996554578,3.939570454857653,0.06776054751137776,0.18198729392332968,0.8000161508744115,4.986205559875413,0.11580149095344111,0.19371186337041982,0.46247780597798815,0.6673688782088609,1640510362477.588,0.01459116609032115,0.003980627576917971,-1.6217948969807383,27.143406989482468,2.85624237684205,31.953180377530078,14.505926477267957,26.354591485940773,-1.6920559000936495,6.204262731476774,6.204262731476774,43535.17270833333,43535.17270833333,0,0,0
1996-11-12 11:34:42.600,10.03,126.43,32735.6168125,4.5,47.0,6.9,4.6191489361702125,0.6432523558586898,4.146946907139212,0.08231043805190082,0.19322157514635194,0.7238241365054191,4.620483890904249,0.10422172665770583,0.17172476599093875,0.45315706290204893,0.5165656022308447,1643905814774.7214,0.011755549442592984,0.006737946999085494,0.3556340085828524,24.213969049472187,9.72029737398862,34.57539895756115,13.819790088600225,26.452356551528123,-1.1472551442776338,7.926037037035712,7.926037037035712,43535.17270833333,43535.17270833333,0,0,0
1996-11-16 06:48:40.100,9.37,126.1,32739.4181724537,0.0,4.0,4.3,4.2250000000000005,,,,,5.790593092043344,24.922550977910007,1.9280306805631482,0.023000682123630156,,-0.003972077083991721,12801464909.017012,,4.248354255292002e-18,1.5491933384829666,2.792055429197538,48.141453362477705,60.24059740712917,8.798645906783094,59.10942262940971,-8.922921306233588,57.10984953703155,16312.827466435181,16312.827466435181,16312.827466435181,0,0,0
1996-11-17 09:57:17.300,10.1,126.46,32740.549158564812,4.5,34.0,6.9,4.661764705882353,0.5879206585800433,3.7945281501179737,0.08842359821632832,0.17783129779276463,0.6589295587497613,4.204254567157079,0.11107305618949025,0.15802750864946036,0.4458499463472041,0.519569024746529,1641239913019.779,0.017228125400679285,0.010549000763235273,2.853870759731949,18.006585701129698,9.72029737398862,33.68889577711461,14.041589961623924,26.351446592502057,0.05615455351411839,12.858383101847721,12.858383101847721,43535.17270833333,43535.17270833333,0,0,0
1996-11-19 14:43:33.200,10.39,126.88,32742.7479537037,5.8,8.0,5.6,4.5875,-0.0,0.0,0.0,0.0,,,,,,,113748881444.08276,1.0,,2.5205041512504183,9.614845731745175,20.5008626178624,30.553019284518065,7.498151613114433,32.28528952215143,2.3434588635043965,14526.66158796296,14526.66158796296,43535.17270833333,43535.17270833333,1,0,0
1996-11-20 07:44:57.300,10.26,126.54,32743.457260416664,4.5,17.0,5.6,4.499999999999999,0.4685958343117656,2.5231595884638085,0.04744012797281301,0.12208326390404348,1.240841376866435,6.433159863678551,0.3326454127082079,0.21637704022086518,0.21548864989460537,0.4154856989661617,120843546352.23111,0.03928371006591929,0.0001894418252328926,2.6722359683273735,10.454436464737913,16.3609392209678,33.16308246717002,8.608142711164728,32.44223395958262,-0.19252448150831394,15.766484953699546,15.766484953699546,43535.17270833333,43535.17270833333,0,0,0
1996-11-20 19:43:00.100,10.1,127.15,32743.955903935184,4.5,8.0,5.7,4.525,0.40415075667934947,2.180884436046781,0.07161480633211215,0.11289338260974043,0.7445048261198595,3.8273929722590303,0.243025062763468,0.1726893744711392,0.30378485007494316,0.5591428316102682,138047065536.11676,0.061312317209325645,0.0058409773431952845,0.5107539184552493,6.369461271773111,9.72029737398862,30.781826102111875,20.050921616480995,13.252692598187943,1.6672022295196427,43535.17270833333,43535.17270833333,43535.17270833333,43535.17270833333,0,0,0
1997-02-13 23:23:22.100,10.3,121.16,32829.10893634259,0.0,3.0,4.8,4.3999999999999995,0.6191108321437558,2.9108922433631466,0.20359354537323066,0.07589336672594038,0.9650988486738945,4.337516649415241,0.49473290330177944,0.15825961831089547,0.09826956300573109,0.30562447009935134,23141761844.661846,0.013888888888888916,0.0012726338013397947,-1.4411533842457844,5.887866499588108,38.8836194175136,43.71397475493887,4.240705580854133,45.24048232968607,6.0044743391259505,12599.763091435187,43535.17270833333,43535.17270833333,43535.17270833333,0,0,0
1997-04-14 11:42:45.100,9.92,126.37,32888.622396990744,4.8,3.0,5.2,4.533333333333334,0.21687329759984628,1.062679158239247,0.036059420862404136,0.12458422444236043,1.132942126704134,5.2354781868770255,0.984061027886679,0.3566631784093824,0.29999999999999893,0.5788652893438906,48615668911.594734,0.2235527966138074,0.00039918445425919067,-1.4411533842457844,-0.5389879955768813,43.7172737827431,53.333601875834574,14.933700914692697,46.422818694108265,-4.624224394684537,160.9316215277795,160.9316215277795,16462.031690972224,16462.031690972224,0,0,0
1997-05-15 21:06:22.800,10.15,121.64,32920.01380555556,0.0,3.0,5.7,4.8,0.2794215795362755,1.4987686176602428,0.08858262084973091,0.08140501115307167,0.5109346845920612,2.520859993087907,0.2961825104481999,0.1806913115108538,0.3361744137744118,0.7661795546321066,136019339317.38167,0.14512267045200264,0.029322159123893774,-1.4411533842457844,4.047396061842092,38.770403238566495,43.702267523695774,4.452283300784278,44.971204776282484,-15.304442896850734,12690.667960648152,43535.17270833333,43535.17270833333,43535.17270833333,0,0,0
1997-06-06 21:54:54.300,13.45,125.18,32942.047503472226,0.0,3.0,4.9,4.466666666666667,0.619110832143756,2.939355549281524,0.20570337939638406,0.08504274464741032,1.0423067565678037,4.750578956647657,0.5830364778023007,0.1680889961052082,0.15229507113677343,0.34224487972162176,27710253595.159683,0.013888888888888909,0.0007465858083766833,-0.9999999999999999,6.539149811747721,1.32043140093728,15.117996281073792,12.006919705986675,5.229730702736178,414.53887776061794,23332.423336805557,23332.423336805557,43535.17270833333,43535.17270833333,0,0,0
1997-07-04 05:01:59.700,18.73,120.64,32969.34409375,4.9,3.0,4.6,4.266666666666667,0.8337334825539026,3.7392227244171545,0.28199413966319586,0.08932670334796962,1.3714562586418488,5.962946289287058,0.7630438887732093,0.1749489297310582,0.11508629236872903,0.25210610858843197,15578921952.367105,0.0031535487739366387,7.684776196487846e-05,-0.6123724356957945,5.375620014486486,2.6872546490579,9.37412410017129,6.4685303987992775,5.696045116130511,-1.325961509439549,86.45474074073718,43535.17270833333,43535.17270833333,43535.17270833333,0,0,0
1997-07-08 15:13:01.300,18.48,120.89,32973.768417824074,0.0,4.0,4.6,4.325,0.8337334825539016,3.9363957589473793,0.22013160471959156,0.07176840267483414,1.1581186184086716,5.234534464962649,0.4247505996213463,0.1448258615165745,-0.12140778956048237,0.08013961458004015,19198837214.20031,0.003153548773936658,0.0003354626279025119,-0.8660254037844386,6.798722616979547,2.6872546490579,10.457675837033293,5.70884645200939,8.416520262778116,-0.7941848913415805,90.87906481481332,5074.121582175929,43535.17270833333,43535.17270833333,0,0,0
1997-12-23 13:31:11.700,13.31,125.26,33141.69770486111,4.8,3.0,5.5,4.966666666666666,0.3557740371585573,1.9652436451562783,0.1026984991011468,0.08257418063976656,0.6059923003301194,3.082888146139176,0.2979544011326435,0.16461391483338383,-0.0238534572449165,0.4126611931211892,97528445507.27126,0.0856402425288706,0.015206284059065786,-0.9999999999999999,4.308100197271101,25.9674132525805,29.57003585828383,4.303145079966851,29.552285445306524,-85.20852218207688,26338.05308680555,26338.05308680555,26338.05308680555,43535.17270833333,0,0,0
1997-12-23 23:52:23.700,13.04,125.02,33142.129093749994,4.0,5.0,5.5,4.619999999999999,0.39322183779787906,2.156227428416819,0.10270370681541552,0.08529731596089195,0.6948711710452039,3.520518909717819,0.3207151304713888,0.1721615093409183,0.016511492616677614,0.4335660243000694,97795472392.46992,0.06612024994530998,0.008229747049019971,-1.0,7.18724635423819,25.9674132525805,29.663787171020136,3.1782989223163165,29.54998827867923,-0.3025390993544629,560.2287962962946,560.2287962962946,560.2287962962946,43535.17270833333,0,0,0
1997-12-27 08:53:57.700,13.18,124.92,33145.505181712964,4.8,7.0,5.5,4.585714285714286,0.5523130744124566,3.0080077400575145,0.1479887462291121,0.0812213167240524,0.5544184875360668,2.9165625998783566,0.1491191605840097,0.13603985699468993,0.05379950355621421,0.23942037387664783,100183721522.92786,0.022032347702345363,0.02171423518842873,-1.1832159566199232,8.99386463871906,25.9674132525805,39.1794486913571,16.690992717217604,32.2440669851866,-4.901001997877793,23535.881015046296,23535.881015046296,26341.859695601852,43535.17270833333,0,0,0
1998-05-26 05:37:54.600,9.74,126.84,33295.36903472222,4.5,3.0,5.3,4.8,0.46859583431176577,2.3825808381702793,0.12709862615664805,0.12208326390404352,1.240841376866435,6.06090745061862,0.8912028014923045,0.26869133892436253,0.21548864989460625,0.4154856989661617,61512658189.19763,0.03928371006591925,0.0001894418252328926,-0.9999999999999999,5.375620014486486,7.27151681149439,10.465779146223953,3.784813858373529,13.842561798161222,-3.6718495626978394,567.6782592592572,567.6782592592572,16868.778328703702,16868.778328703702,0,0,0
1998-11-05 19:22:18.500,12.92,124.8,33458.94153356481,4.9,3.0,5.3,4.466666666666667,0.20909684095954764,1.0278825426321563,0.04200019923703058,0.11620471964680326,0.8405699649740359,3.8394011146158062,0.6787410925908063,0.31633497524679294,0.3841794743756415,0.7323836508548096,59221666353.11885,0.23588997106898943,0.0030080850072550297,-0.9999999999999999,4.95782220511194,52.0674510697821,65.51672007958086,14.886659851190771,80.85537409113877,-960.140482156982,26655.296047453696,26655.296047453696,26655.296047453696,43535.17270833333,0,0,0
1998-11-08 01:13:41.600,12.94,124.85,33461.185550925926,4.1,9.0,5.3,4.511111111111111,0.8993445482138304,4.6990465571223785,0.2865963885464162,0.12134175096850458,0.7119581670545108,3.760390122670415,0.17960873470735003,0.12811794461058384,0.07503192024118199,0.0182428734151987,72213572669.46329,0.002004316747633665,0.007313503925535988,-1.5359763347691506,11.777044454855098,52.0674510697821,69.87197825581795,11.178853979786231,78.91740341906501,-3.0994953730986654,26657.540064814813,26657.540064814813,26657.540064814813,43535.17270833333,0,0,0
1998-11-17 23:00:43.600,13.29,124.85,33471.093212962965,0.0,7.0,5.3,4.628571428571429,-0.0,0.0,0.0,0.0,,,,,,,71880619219.00423,1.0,,1.8708286933869707,8.016485235359784,73.1767563478907,77.06623040596128,3.0432368779523236,79.51442382469727,0.1799619236363297,23861.469046296297,23861.469046296297,26667.448594907408,43535.17270833333,0,0,0
1999-03-04 14:11:45.200,5.44,122.08,33577.72587037037,5.8,3.0,6.5,5.366666666666667,0.08370548328415149,0.49944271692877046,0.009131945671156152,0.10319905065642156,0.7042613220052727,3.8575756003449713,0.6464324926066408,0.36863727853093314,0.533333333333335,1.0225224219879987,708562111103.7177,0.560897559210818,0.00771287040082566,-0.9999999999999999,8.672617004934883,147.424798215669,173.87500685792236,27.495598319709238,147.64718512244175,303.3746134485535,0.22199074074160308,0.22199074074160308,43535.17270833333,43535.17270833333,1,0,0
1999-03-05 10:54:59.200,5.66,122.15,33578.58922685185,5.8,4.0,6.5,5.2250000000000005,0.1056245598820989,0.6302265406298566,0.010905525328155636,0.13022270319892884,0.9143041724278975,4.990720018981871,0.8171431970253835,0.4857950174084556,0.533333333333335,1.0415101784680507,708870073514.1766,0.48208799897124677,0.0018075381933252406,-1.5491933384829668,10.01427552475536,147.424798215669,176.42525483999026,23.022170699553165,147.74899465433708,185.19713612654016,1.085347222222481,1.085347222222481,43535.17270833333,43535.17270833333,1,0,0
1999-03-06 13:15:32.300,5.32,121.92,33579.686832175925,4.9,5.0,5.8,5.0,-0.0,0.0,0.0,0.0,,,,,,,171138395348.15698,1.0,,-1.5075567228888183,11.196300409382683,167.38267903875197,183.28392028987577,14.151866390475023,189.71126300102782,-4.763785873611695,24278.085443287036,43535.17270833333,43535.17270833333,43535.17270833333,0,0,0
1999-03-06 18:20:08.300,5.21,122.12,33579.8983599537,4.8,5.0,5.8,5.1,0.5017166594399677,2.8430610701598176,0.11579101892541621,0.07932836919406594,0.7238241365054201,3.9201506781910815,0.2410038350703958,0.16964164340061091,0.13333333333333197,0.38411169166403347,179775423889.4387,0.0312500000000002,0.006737946999085445,-1.6984155512168937,11.196300409382683,171.891634133508,190.8876573676512,13.677984715007687,192.45836797296542,9.316886056309587,24278.296971064814,43535.17270833333,43535.17270833333,43535.17270833333,0,0,0
1999-03-07 04:18:44.100,5.86,122.22,33580.31405208333,0.0,4.0,6.5,5.2250000000000005,0.1056245598820989,0.6302265406298566,0.010905525328155636,0.13022270319892884,0.9143041724278975,4.990720018981871,0.8171431970253835,0.4857950174084556,0.533333333333335,1.0415101784680507,708870073514.1766,0.48208799897124677,0.0018075381933252406,-1.3333333333333333,10.01427552475536,147.424798215669,167.69377754353076,15.241691486036414,147.6513853690595,4.568325135493227,2.810172453704581,2.810172453704581,43535.17270833333,43535.17270833333,0,0,0
1999-03-08 01:51:06.200,5.26,122.1,33581.21153009259,4.8,10.0,5.8,4.889999999999999,0.5017166594399677,2.8430610701598176,0.07295242614797048,0.07932836919406594,0.7238241365054201,3.9201506781910815,0.15184091687348894,0.2442415019686684,0.13333333333333197,0.38411169166403347,184558925726.73047,0.0312500000000002,0.006737946999085445,-2.705008904002297,15.833959887352426,160.55124796881702,185.50870112893912,14.701190522146316,191.55265229678434,0.4089791041489102,24279.6101412037,43535.17270833333,43535.17270833333,43535.17270833333,0,0,0
1999-03-09 06:10:18.700,10.02,121.91,33582.39153587963,0.0,3.0,4.1,4.066666666666666,,,,,3.7225241305993144,15.36721777711692,1.0623842525552167,0.19616115400424933,,-0.02817143367794639,7989091957.47558,,6.79872708748768e-12,-1.4411533842457844,4.95782220511194,2.6499175516621,5.201047083484786,2.7145108871734736,5.476188535225623,-21.561750719937958,43535.17270833333,43535.17270833333,43535.17270833333,43535.17270833333,0,0,0
1999-03-11 02:57:31.700,5.37,121.95,33584.25765856481,4.5,11.0,5.8,4.854545454545454,0.5017166594399677,2.8430610701598176,0.06910680670863255,0.07932836919406594,0.7238241365054201,3.9201506781910815,0.14383676385969876,0.251783846669649,0.13333333333333197,0.38411169166403347,184899674436.12317,0.0312500000000002,0.006737946999085445,-2.569046515733026,16.606797231426484,160.55124796881702,185.86090734153157,13.995608020721217,191.5353990380196,0.7307300785037935,24282.656269675925,43535.17270833333,43535.17270833333,43535.17270833333,0,0,0
1999-03-13 17:05:11.300,8.12,126.18,33586.84631134259,0.0,3.0,4.9,4.5,0.619110832143756,2.9728033265775218,0.20359354537323096,0.07589336672594024,0.9650988486738925,4.434026534282621,0.494732903301778,0.15263719227137523,0.09826956300573286,0.30562447009935134,28470586899.06499,0.013888888888888909,0.0012726338013398116,-0.9999999999999999,5.375620014486486,5.00660990021372,14.162147009479474,9.348909068748272,19.646131371836788,-36.605936604100236,731.9054016203663,731.9054016203663,29291.646866898147,43535.17270833333,0,0,0
1999-03-19 05:17:49.000,5.28,121.87,33592.35508101852,0.0,7.0,5.8,4.942857142857143,0.6897723368905547,3.8779032058460485,0.19231299938448884,0.09378513138005011,0.9240308125601108,5.04191482336854,0.34511989990617575,0.13510338282648984,0.17799546539171995,0.34356418115597265,181094355883.20663,0.008524776258863498,0.001690081166975568,2.2912878474779204,10.89430573446043,188.917999135288,194.04069528918586,6.326583343025628,192.90734625095914,1.0011861320426383,24290.75369212963,43535.17270833333,43535.17270833333,43535.17270833333,0,0,0
1999-04-05 07:52:11.100,9.97,121.95,33609.46228125,4.6,3.0,4.7,4.333333333333333,0.7262227698167681,3.3065446515343013,0.22512677568207257,0.11838434572598891,1.5328040537761836,6.761617875202015,1.0029071068146294,0.22406776503093065,0.1469278726022747,0.2887265182107024,18673491504.800747,0.006627224619061205,2.5210870330948685e-05,-1.4411533842457844,4.308100197271101,5.60235786675901,18.656691773993202,14.196202936782514,16.75622523531473,13.000798402859322,43535.17270833333,43535.17270833333,43535.17270833333,43535.17270833333,0,0,0
1999-04-06 21:42:46.900,10.07,121.88,33611.03908449074,4.6,5.0,4.7,4.34,1.255272505103308,5.804356523041614,0.3731271073957136,0.09948488590379301,2.0044360703226913,9.096196357107235,0.9514044696993157,0.21010023627367536,0.0760187533431882,0.16196733745524217,22064218759.699963,0.00017146776406035444,9.698214581499055e-07,-1.9867985355975657,6.82361176504136,4.01831104050755,13.055890015253008,12.640625556945235,12.950639792772876,-1.5011393636984602,18700.16443171296,18700.16443171296,18700.16443171296,18700.16443171296,0,0,0
1999-04-10 08:14:30.200,10.04,121.94,33614.47778009259,4.3,7.0,4.7,4.328571428571428,1.3068660764936326,6.212255914015267,0.38060183805676157,0.05796815397737093,1.4975671789767302,6.988752156038286,0.49978283777187316,0.10881482264115605,-0.05355204772241606,0.033263005394110756,26329161650.095028,0.00012006094863610843,3.215869842902224e-05,-2.401922307076307,8.99386463871906,2.80998680650123,10.428425536834085,11.270597376730972,10.51364255500168,-2.6191452217116207,43535.17270833333,43535.17270833333,43535.17270833333,43535.17270833333,0,0,0
1999-04-17 06:31:31.500,9.95,121.94,33621.40626736112,0.0,7.0,4.7,4.314285714285715,1.3802112417116104,6.547198835177364,0.44259440436847186,0.06234243060880704,1.7371779276130073,8.071925080063894,0.7011378352604203,0.1683898453153502,-0.04362085839710517,0.05342640972002766,26094161739.93744,7.233796296296072e-05,6.144212353328218e-06,1.9364916731037083,8.63733256105034,2.80998680650123,10.748945454077376,11.141641611209527,10.716111765606383,-2.50929049335097,43535.17270833333,43535.17270833333,43535.17270833333,43535.17270833333,0,0,0
1999-06-07 09:25:07.500,8.58,125.73,33672.52682291667,5.0,3.0,5.1,4.766666666666667,0.8337334825539043,4.156089465694116,0.28199413966319703,0.08932670334796972,1.3714562586418488,6.648674418607983,0.7630438887732093,0.17494892973105794,0.11508629236872725,0.2521061085884311,43907367718.05266,0.0031535487739366,7.684776196487846e-05,-0.9999999999999999,6.539149811747721,6.69196059155304,7.350532823254947,0.9448882848151395,7.17986593888239,25.20225760239272,43535.17270833333,43535.17270833333,43535.17270833333,43535.17270833333,1,0,0
1999-06-09 01:05:33.400,8.6,125.65,33674.179900462965,4.8,6.0,5.1,4.550000000000001,0.7297696864581381,3.7898832886382547,0.218544828137012,0.09147410379498916,0.6681453567742331,3.408270489779742,0.1831938136757595,0.12486820912734402,-0.09325940630949248,-0.0010913347279304375,51267803239.954575,0.006466822499099998,0.009898375607203939,-0.9999999999999999,10.480523440714762,4.49516943967691,7.564755927828959,2.944427344505616,6.905605447896272,7.437816638766273,43535.17270833333,43535.17270833333,43535.17270833333,43535.17270833333,0,0,0
1999-06-16 00:34:35.000,8.6,125.82,33681.1583912037,4.2,8.0,5.1,4.612500000000001,0.7786884857460828,4.18779220894947,0.19799772948687996,0.10807738407462608,0.6681453567742331,3.5843617488354234,0.14577216820308003,0.13321743308199355,-0.27800710503254944,-0.2646436549982374,61797521963.64357,0.004612480496178992,0.009898375607203939,0.6324555320336758,11.332878441396392,4.49516943967691,7.639380320517334,2.827478976735206,7.676536014054163,0.25552154055536325,2771.5570902777763,32115.85207175926,32115.85207175926,32115.85207175926,0,0,0
1999-07-02 06:44:15.500,5.34,126.77,33697.41510995371,5.6,4.0,6.1,5.0,0.3250505024037064,1.889098616806241,0.10731163824375545,0.0770984264277999,0.41361379228881134,2.256515160483208,0.173754141976298,0.1262040633549782,0.2882919643667643,0.6443909208241143,313200220844.6683,0.10588842602300558,0.0574326192676173,0.6324555320336758,5.0564020833731655,44.725020226832605,71.13435195039116,18.943512118547062,69.1372094232692,-2.9983968170573174,13.825663194453227,302.9213159722276,302.9213159722276,43535.17270833333,1,0,0
1999-07-12 05:57:59.500,5.55,126.82,33707.38298032408,0.0,3.0,5.2,4.633333333333333,0.46317056677946833,2.302375413110011,0.14618473799091913,0.0950483645309084,0.8985403073860397,4.250990545741029,0.5501679088557172,0.20091674993376776,0.22909818057101994,0.469004060477082,49528456461.15162,0.040783857403412505,0.00201548271450702,2.1213203435596424,3.427505006446984,44.725020226832605,70.73835437894347,23.250211241113448,49.2239524043587,8.935283816834314,23.7935335648217,312.8891863425961,312.8891863425961,43535.17270833333,0,0,0
2000-01-05 15:14:57.700,10.36,126.16,33884.769765046294,0.0,3.0,5.5,4.633333333333333,0.13632035849133195,0.695233828305793,0.018521296005407903,0.11405379475249264,0.8985403073860397,4.250990545741029,0.8046834350507405,0.36890783699580115,0.40000000000000036,0.7690040604770818,89531547279.13945,0.3899769375862294,0.00201548271450702,-0.9999999999999999,3.817433980804671,23.3285955889699,33.27128379164653,9.506538404687745,41.97515794019147,-125.18563693857331,132.57658796296892,15668.034197916666,43535.17270833333,43535.17270833333,0,0,0
2000-01-18 09:56:53.800,15.83,119.92,33897.54888657408,0.0,3.0,5.9,4.866666666666667,0.24244070305112878,1.329298041321464,0.07499935618781997,0.08496729013707084,0.4737757984399109,2.3722244484793062,0.2864126596597307,0.19219983950359282,0.4170178745063051,0.892938735387566,204917521040.22464,0.18736043707226047,0.037902914400958554,0.6123724356957945,4.308100197271101,32.3024785533711,39.55473523416863,6.281683982378553,43.05488710872131,-0.9786809774586122,37.66196180555562,37.66196180555562,43535.17270833333,43535.17270833333,0,0,0
2000-03-11 11:27:36.500,10.56,121.91,33950.61188078703,0.0,3.0,5.0,4.8999999999999995,2.3856062735982873,11.948854490759484,0.7557266632048235,0.03606670660650687,2.895296546021689,14.374544675623769,1.113149032429009,0.18893301937488577,-0.00872865023809588,0.03520815669978461,45795297577.89295,6.969171937626833e-08,2.0611536224384135e-09,2.1213203435596424,7.410849195313975,5.09933170014523,6.311417064016044,1.0792085636853532,6.471842661856657,-0.3186015309712933,13721.266035879624,17779.238385416662,19039.737228009253,19039.737228009253,0,0,0
2000-04-28 00:29:17.520,10.19,126.22,33998.154716666664,4.9,3.0,4.4,4.233333333333333,0.954242509439321,4.28386078798747,0.25170727994935904,0.08283624741336051,1.5328040537761836,6.608337469824397,0.6494586987710458,0.17069913362019296,-0.08927892607143839,0.08872651821070221,12408843476.35351,0.0013717421124828893,2.5210870330948685e-05,-0.44721359549995787,3.1062799081417087,14.8625404776049,52.87574184441427,33.09288086005244,49.98814768010278,-2.5494424104874294,245.9615395833389,934.4994562499996,43535.17270833333,43535.17270833333,0,0,0
2000-04-29 13:13:56.400,10.368,126.617,33999.685722222224,4.3,3.0,4.4,4.333333333333333,,,,,5.21153378283904,22.886716520927532,2.082273135008243,0.3698240606033504,,0.008448975944324921,13895486745.047583,,2.3195228302432847e-16,-1.4411533842457844,3.259718258647996,14.8625404776049,34.232482955237,22.86290034372207,37.2812169530983,-7.499796842878153,15783.599356481485,15783.599356481485,43535.17270833333,43535.17270833333,0,0,0
2000-05-13 07:49:57.700,8.614,126.909,34013.46073726851,4.7,3.0,4.6,4.366666666666666,0.5112013443424943,2.481347385392664,0.1115504695518057,0.08777407204684741,1.042306756567806,4.646348280990886,0.4637442461910853,0.19318430064143302,-0.25395316904764,0.1422448797216207,18228755988.831287,0.02926819682666593,0.0007465858083766711,-0.9999999999999999,5.887866499588108,21.0183826589378,26.344543010654633,7.374173894465187,22.824925377665473,-31.68774489937387,3801.54598032407,3801.54598032407,27650.197924768512,43535.17270833333,0,0,0
2000-05-22 03:37:10.000,8.682,126.975,34022.28518518519,4.7,4.0,4.6,4.325,0.8337334825539016,3.9363957589473793,0.22013160471959156,0.07176840267483414,1.1581186184086716,5.234534464962649,0.4247505996213463,0.1448258615165745,-0.12140778956048237,0.08013961458004015,19198837214.20031,0.003153548773936658,0.0003354626279025119,1.3333333333333333,8.867725110565202,21.0183826589378,25.254097522858572,6.40379412520112,22.723467643270794,-7.237269342401634,3810.3704282407452,3810.3704282407452,43535.17270833333,43535.17270833333,0,0,0
2000-05-22 17:42:28.040,8.57,127.241,34022.872199537036,0.0,4.0,4.6,4.4,1.3802112417116057,6.4091777110061825,0.3999708433568562,0.062342430608807425,1.7371779276130073,7.8982072873025935,0.6336155371838889,0.12409783816191738,-0.04362085839710694,0.05342640972002677,20191594930.527782,7.23379629629631e-05,6.144212353328218e-06,0.8660254037844386,10.01427552475536,15.290979971887,20.38656844758615,3.518288717502758,20.9288749696611,-0.7303509099341057,3810.957442592593,3810.957442592593,43535.17270833333,43535.17270833333,0,0,0
2000-07-16 03:21:43.000,20.327,122.211,34077.27445601852,0.0,3.0,5.2,4.5,0.35577403715855765,1.7427306664456421,0.10496584737778616,0.10107666478519074,0.7896263307331853,3.635626577652404,0.5170621596276367,0.22409453150725847,0.30157997934807135,0.5957632412325395,48597023284.12859,0.08564024252887038,0.004276820349208924,0.9999999999999999,7.410849195313975,60.0468707321749,67.8579260508741,13.348415082154295,60.59116858433016,1001.139797146781,2615.7098009259244,25409.521053240736,43535.17270833333,43535.17270833333,0,0,0
2000-09-29 23:55:05.070,12.227,122.356,34153.13096145834,4.2,3.0,5.0,4.533333333333333,0.5521558317030709,2.6804331579865326,0.18255545956239053,0.0788394736782782,0.8985403073860382,4.161136515002418,0.48344450290865254,0.15934510993715578,0.14551326983363122,0.36900406047708056,33909893399.561302,0.022056292111443537,0.00201548271450704,-0.9999999999999999,8.672617004934883,15.384269772392999,25.6628567977277,16.867334092718824,39.874381447505364,28.722680120506915,13960.468453356483,43535.17270833333,43535.17270833333,43535.17270833333,0,0,0
2000-10-12 22:38:22.840,12.222,122.208,34166.077694907406,4.5,4.0,5.0,4.55,0.772815151624382,3.7974664404779994,0.25391034622881453,0.09454744169289549,0.8685889638065036,4.163274742934627,0.32074341972394765,0.12021332068662166,0.08619049135346835,0.20685281944005496,36611841556.60479,0.00480346405460143,0.0024787521766663602,1.333333333333333,10.01427552475536,15.384269772392999,28.88891185950865,15.20858413233022,39.65155225964858,34.59179136546209,13973.415186805552,43535.17270833333,43535.17270833333,43535.17270833333,0,0,0
2001-01-01 07:35:13.230,6.924,126.889,34246.45050034722,0.0,3.0,7.2,5.8,0.10837849525229183,0.7080297447801811,0.018975109909444367,0.10431119028611949,0.5109346845920612,3.0317946776799682,0.42172450536935374,0.3218586920817874,0.6670642627767185,1.2661795546321075,3020496525608.312,0.4730036741756502,0.029322159123893774,-0.44721359549995787,5.887866499588108,21.6525969845918,41.757207448996,18.70969824342894,44.94427784679345,-2.3936009496396338,0.02646099537378177,0.02646099537378177,0.02646099537378177,43535.17270833333,0,0,0
2001-01-01 08:36:52.890,6.643,127.179,34246.49332048611,6.2,3.0,7.2,5.666666666666667,0.1426207940427505,0.9260293970264337,0.03677135868965465,0.09708981702003489,0.3889204315551507,2.2661552398733558,0.27344217199161586,0.2423104528089465,0.7070520169109633,1.3732162776539436,3020362529115.2876,0.37336845087490395,0.06811436391683293,-0.9999999999999999,5.887866499588108,21.6525969845918,37.77638738014023,13.991162223163858,44.937635048543996,234.3144756501503,0.06928113425965421,0.06928113425965421,0.06928113425965421,43535.17270833333,1,1,0
2001-01-01 09:34:29.810,6.875,127.18,34246.53333113426,6.2,5.0,7.2,5.22,0.16543702532831875,1.0717944207099523,0.03224595002006057,0.11561599535576288,0.496336550746574,2.8852081247622032,0.29024334323213996,0.30847553180977283,0.7214356122342132,1.3869924340200965,3020424040894.105,0.3189252642317006,0.032433240894795407,-1.0,10.13924389296033,11.7815885347402,35.06911666301324,17.21773135704935,44.936486602892714,-3.940289474847752,0.10929178241349291,0.10929178241349291,0.10929178241349291,43535.17270833333,1,1,0
2001-01-01 21:28:45.690,6.153,127.646,34247.02934826389,4.5,3.0,4.9,4.833333333333333,0.8804562952783983,4.585917299352185,0.11886450414395561,0.05083316790886935,2.368878992199564,11.610852518057614,0.8604434442182786,0.21483984318983565,-0.3085689249369592,-0.0014122529224867009,40122188952.34716,0.002283658260521292,7.822814343739539e-08,-0.9999999999999999,7.410849195313975,8.664407060864871,24.292924852773385,19.501511487251896,25.53452279041004,955.9987928396458,10160.473703587963,16535.103746412035,43535.17270833333,43535.17270833333,0,0,0
2001-01-02 03:03:09.010,7.306,127.258,34247.261562615735,0.0,5.0,5.2,4.58,0.6450642764228176,3.289827809756369,0.1825931624922919,0.08045365049404725,0.9650988486738945,4.740484699563896,0.4087164550497337,0.13918856315297196,0.10000000000000142,0.28808376874802555,54015965865.83132,0.011609330383882349,0.0012726338013397947,-1.0,11.196300409382683,5.80003230904811,21.904104485463204,11.199539939014068,22.581780139168647,21.747996284585966,3151.6997385416616,3151.6997385416616,3151.6997385416616,21041.163576504623,0,0,0
2001-01-02 12:54:11.090,6.623,127.419,34247.67200335648,5.2,10.0,6.2,4.8100000000000005,0.5679039223256748,3.3189574311815986,0.14563255458290442,0.1473115852387789,0.7042613220052737,4.017753331607903,0.2239630671364195,0.15493409861739574,0.3557765306676606,0.4950816606427004,388249885640.13293,0.019782821529189462,0.0077128704008256055,-1.4002800840280099,14.339056225633078,5.80003230904811,16.41942619058066,8.351831641064669,13.1853261962128,-3.397278425710747,0.22508437499345746,43535.17270833333,43535.17270833333,43535.17270833333,1,0,0
2001-01-03 10:05:27.550,6.627,127.165,34248.554832754635,5.0,14.0,7.2,4.914285714285714,0.344295481291071,2.3291873845191553,0.061753530193977696,0.10388342089992364,0.5428681023790655,3.4002832579356452,0.15352807069100508,0.19457527967521965,0.4349173570766798,0.9364467666561325,3044872079784.1006,0.09270721957099949,0.023517745856009003,-1.646109783506203,16.856416084019365,5.80003230904811,23.178959089561083,14.900993213976927,43.90044659142917,-14.312719937702601,1.1079137731503579,2.1307934027863666,2.1307934027863666,43535.17270833333,1,0,0
2001-01-04 11:27:38.610,6.97,127.043,34249.61190520833,5.0,15.0,7.2,4.733333333333333,0.284546509331572,1.844771878642541,0.03740691208423886,0.18797861447946798,0.6268167780046948,3.7284552188358533,0.1815208680941489,0.3237098216603765,0.7168001780232922,1.2517622538688213,3021114396648.686,0.14007494867368342,0.01316890503917786,-1.721892064184557,18.72683788479003,5.80003230904811,29.02998317893567,16.683166228580564,44.90781180826418,-3.0530933372170552,3.187865856481949,3.187865856481949,3.187865856481949,43535.17270833333,1,0,0
2001-01-04 13:01:31.950,6.47,126.96,34249.67710590278,0.0,10.0,7.2,4.98,0.2813423075367478,1.9207982704715074,0.05704328468328017,0.07773323491657969,0.39843530449839654,2.531772405028643,0.11440633194150605,0.13710551284009018,0.37273577767673594,0.8457126754468316,3044379226757.87,0.14320991184045812,0.06378140568960673,-1.7586311452816474,12.218272061186562,8.45375322141351,23.073679136799395,15.145561142574445,43.92798190269158,-4.082315368349442,2.2301869212969905,3.2530665509329992,3.2530665509329992,43535.17270833333,0,0,0
2001-01-05 01:41:59.080,6.808,127.455,34250.20519768519,5.2,14.0,6.2,4.628571428571429,0.5387931701022832,3.152443928463799,0.10601688852006892,0.14211837155881635,0.6116823688778202,3.5127089011739923,0.1366415612231053,0.14104929070938688,0.34906479258943346,0.45729908217179016,388306133232.2455,0.02418914343049342,0.014620185850393822,-1.4675987714106857,18.734993995195193,5.80003230904811,18.74628883084198,9.51644512762472,13.203665324021816,1.920134695737535,2.758278703702672,43535.17270833333,43535.17270833333,43535.17270833333,1,0,0
2001-01-05 23:23:49.750,6.943,127.027,34251.109256365744,0.0,18.0,7.2,4.633333333333334,0.284546509331572,1.844771878642541,0.03267375880000574,0.18797861447946798,0.6268167780046939,3.7284552188358493,0.1585527575203096,0.32390586228305424,0.7168001780232922,1.2517622538688196,3021130084750.807,0.14007494867368342,0.01316890503917794,-1.6056927903151421,20.064025519947887,5.80003230904811,26.694488073408788,14.331095798832154,44.89006327770331,-0.14855917050319334,4.685217013895453,4.685217013895453,4.685217013895453,43535.17270833333,0,0,0
2001-01-06 02:46:48.700,6.764,127.34,34251.25021643519,0.0,18.0,6.2,4.661111111111111,0.6726469378970952,3.9391484856689214,0.1338553994256606,0.1793862805142889,0.6537766394242506,3.85247058136581,0.12645044213916626,0.16032602333417734,0.3438096812215745,0.3073596866989705,392766707936.6558,0.009595313889944704,0.010931256415982039,-2.2326252226057526,20.064025519947887,5.80003230904811,21.488516768297885,10.253822748622646,14.097191406446827,4.134336340988173,3.8032974537054542,43535.17270833333,43535.17270833333,43535.17270833333,0,0,0
2001-01-06 04:45:31.010,6.559,126.933,34251.3326505787,0.0,19.0,7.2,4.684210526315789,0.39116472989238316,2.621933398984748,0.06560524502368995,0.11893022472576706,0.6116823688778195,3.745157208342523,0.16042465323210656,0.2613761885849926,0.4971119361756058,1.0772843572174304,3044843865889.732,0.06706652593136667,0.014620185850393897,-1.8396670894485232,18.787465621229074,8.45375322141351,28.62551276527535,13.757258182613162,43.9058268116428,0.9717605354079161,3.8857315972127253,4.908611226848734,4.908611226848734,28025.515636689808,0,0,0
2001-01-08 05:42:47.500,6.445,127.114,34253.372424768524,4.7,17.0,6.2,4.68235294117647,0.639331141311904,3.775704401555598,0.12649846375880436,0.11974502489021184,0.6831598591736561,3.987633392213075,0.14443691831580638,0.11404112403317164,0.294289863922673,0.362957119529125,395435952639.74805,0.012078321238990454,0.00892319579479548,-2.3804761428476167,17.935034288103687,8.45375322141351,24.148131968566197,13.00807448847258,14.924175117186248,2.481273115002938,5.925505787039583,23562.449704861116,23562.449704861116,43535.17270833333,0,0,0
2001-01-10 09:43:00.150,5.377,127.93,34255.539237847224,0.0,3.0,5.5,4.8999999999999995,0.26024795711981424,1.3619643089270284,0.046733009437675326,0.12867003372411437,1.240841376866435,6.184991588305263,1.0623842525552156,0.3352643458638784,0.26666666666666483,0.5154856989661623,91238010120.97658,0.16567467550414883,0.0001894418252328926,-1.4411533842457844,6.539149811747721,0.809183440310301,7.653475580967147,6.280132671588406,8.834650584124772,-18.650427156634716,15814.056888310188,15814.056888310188,15814.056888310188,15814.056888310188,0,0,0
2001-01-13 07:24:25.800,6.031,127.383,34258.44300694445,4.0,4.0,4.9,4.65,0.2887322933038282,1.7511672655309933,0.03629628375156836,0.05228336273234326,0.7238241365054191,3.5697389510001805,0.2281064483918568,0.1872120951101634,-1.1650204571619183,-0.031776616671934654,40420024437.37575,0.13608276348795423,0.006737946999085494,0.9999999999999998,8.01355519627422,8.664407060864871,27.200484266212342,16.95154586349934,25.79014155829368,23.42140057706431,10171.887362268524,16546.517405092596,23734.60286805556,43535.17270833333,0,0,0
2001-01-14 20:10:41.100,6.834,126.864,34259.97512847223,0.0,17.0,7.2,4.652941176470588,0.29858141556215917,1.9501296556199779,0.038806176875097735,0.1602933536001572,0.521153378283903,3.175456790489598,0.11822421204552942,0.2365607195427006,0.6686837358971642,1.1068671089766218,3021762874090.713,0.12713225587380447,0.02732372244729241,2.071733382441088,17.935034288103687,5.80003230904811,30.904324414555656,13.398076066865356,44.897324987539406,0.943579681760643,13.55108912038122,13.55108912038122,13.55108912038122,43535.17270833333,0,0,0
2001-01-24 18:24:05.120,6.553,126.929,34269.90110092593,0.0,4.0,4.7,4.4,1.1562656207653148,5.378057839294092,0.3766072631636566,0.11574166888044307,1.240841376866432,5.689509636480333,0.4337165549213937,0.13285452269007647,0.04876957101393664,0.11479697360803787,21880224718.30192,0.0003397841667012551,0.00018944182523289666,-1.1547005383792517,2.708664000977973,27.5914557426543,39.172826542865124,9.866654223950212,38.85937150134734,-2.1781459056756374,22.454181944442098,23.477061574078107,23.477061574078107,28044.084087037038,0,0,0
2001-02-01 07:35:00.240,6.724,126.886,34277.45035,0.0,3.0,4.4,4.266666666666667,0.35218251811136164,1.815414823542836,0.038036641326066295,0.05568494546627036,1.3714562586418488,5.962946289287058,0.5768069626061557,0.22654871894669545,-0.7547556456757283,0.052106108588432676,13498210479.361557,0.0877914951989031,7.684776196487846e-05,1.4411533842457844,1.8952160833420257,27.5914557426543,34.78437045144967,6.729891569706865,32.74082969467766,-0.724191340816399,30.003431018514675,31.026310648150684,31.026310648150684,28051.63333611111,0,0,0
2001-02-02 22:33:55.150,6.983,127.042,34279.07459664352,0.0,4.0,4.4,4.225,0.7781512503836416,3.6646894982192078,0.1435556680880084,0.06234243060880714,1.5792526614663733,6.919070637193456,0.5912832008970351,0.18741146418779886,-0.30948224578763295,0.01876905069203083,14359318066.514862,0.0046296296296296936,1.82911922994072e-05,0.8660254037844386,2.9704880023233757,27.5914557426543,37.32213474567508,7.480326473191033,34.40115327440579,1.1566825313572155,32.65055729167216,32.65055729167216,32.65055729167216,43535.17270833333,0,0,0
2001-02-06 20:41:38.150,6.636,127.229,34282.99662210648,0.0,6.0,4.4,4.15,1.505149978319921,6.672831570551649,0.34953739582662224,0.08689987451537547,2.1714724095162667,9.421214115632303,0.7275162933750011,0.13581494445892278,-0.03333333333333233,0.0613705638880111,14758217599.887915,3.051757812499682e-05,3.059023205018097e-07,0.0,4.099183152481507,27.5013086937382,33.212389140824264,7.6771502011573265,31.339404430938036,-0.13501192101535933,35.549703124997905,43535.17270833333,43535.17270833333,43535.17270833333,0,0,0
2001-02-28 09:59:22.920,6.372,126.947,34304.5506125,0.0,3.0,5.4,4.866666666666667,0.18378674132219738,1.1364297643934906,0.03396246154438178,0.08683828913402944,0.4737757984399109,2.3722244484793062,0.22569219956399966,0.20416315642441582,-0.7834153879534229,0.39293873538756596,86918301796.51514,0.2809569476559166,0.037902914400958554,-0.6123724356957945,1.8952160833420257,9.93348660864748,22.734960772733327,16.86061116464057,14.40786501893847,-3.0977983567631133,57.10369351851841,23613.627892592594,23613.627892592594,43535.17270833333,0,0,0
2001-02-28 11:16:07.130,6.658,127.154,34304.60390196759,0.0,5.0,5.4,4.68,0.3512016616079772,1.9901427491118706,0.07527093131823509,0.09148593832637203,0.5790593092043358,2.9647028180039263,0.2046257392550907,0.16980969246919123,-0.2666666666666657,0.28013961458004033,87870040067.19609,0.08838834764831895,0.018315638888734182,-0.9486832980505137,2.722873582264319,9.93348660864748,26.234443108541154,13.71172026980651,15.094703580863913,-0.9962095775952928,57.156982986103685,58.179862615739694,58.179862615739694,43535.17270833333,0,0,0
2001-03-01 10:36:14.900,6.423,127.593,34305.57621412037,0.0,3.0,5.2,4.533333333333334,0.35191656407482474,1.7263437934519033,0.09636173506458179,0.11067207695464634,0.8985403073860365,4.161136515002412,0.6282034558889109,0.24281222614425269,0.29445144194790807,0.569004060477079,48680695037.599144,0.08795292918390088,0.0020154827145070628,-1.4411533842457844,2.7130647202950486,9.93348660864748,28.000498494480894,27.896162416408963,11.154281106019692,35.72868969670314,58.1292951388823,16593.650612268513,43535.17270833333,43535.17270833333,0,0,0
2002-03-06 13:53:33.750,5.593,124.07,34675.71323784722,4.4,4.0,6.8,4.7,0.041521378712273446,0.24497613440241323,0.002775680073170535,0.10606254008058798,0.5790593092043358,2.9182972281453057,0.539848590557686,0.5246255118122288,0.9000000000000021,1.7602792291600817,1318274772399.5747,0.7506471911731667,0.018315638888734182,-0.9999999999999998,8.867725110565202,19.646027559046,34.155472561799954,10.118470785947844,41.62236792725509,-6.76407597704259,0.6926457175941323,0.6926457175941323,43535.17270833333,43535.17270833333,0,0,0
2002-03-06 16:17:16.570,6.005,124.016,34675.81303900463,0.0,4.0,6.8,4.7,0.041521378712273446,0.24497613440241323,0.002775680073170535,0.10606254008058798,0.5790593092043358,2.9182972281453057,0.539848590557686,0.5246255118122288,0.9000000000000021,1.7602792291600817,1318274772399.5747,0.7506471911731667,0.018315638888734182,-0.9999999999999998,8.867725110565202,19.646027559046,30.64204060751483,12.055117413445942,41.62148136479166,-21.329108709086675,0.7924468749988591,0.7924468749988591,9333.004313310183,9333.004313310183,0,0,0
2002-03-08 00:00:31.820,5.498,123.941,34677.13474328704,0.0,3.0,4.0,4.0,,,,,8.685889638065067,35.22067980697993,0.0,,,-0.05493061443340519,6895418462.561453,,8.75651076269468e-27,-1.4411533842457844,8.672617004934883,19.646027559046,25.09225871501643,8.463030883954307,25.092258715016435,-2.3038222804988213,31589.000923842596,31589.000923842596,43535.17270833333,43535.17270833333,0,0,0
2002-03-08 19:08:21.340,5.706,124.117,34677.931844212966,0.0,8.0,6.8,4.4125,0.06616043860746841,0.3973301896370741,0.0034689702517676285,0.08084939144805406,0.29951343579534623,1.5589864260044355,0.07109457171631132,0.25196714786180713,0.7944444444444452,1.5949365881880793,1318327439642.8625,0.6331676012036612,0.12631638626303002,-1.3787639750914227,13.285795734172117,4.02378160842708,28.451516669822702,13.034596436911162,41.6149432103346,-13.630516512563625,2.9112520833368762,2.9112520833368762,9335.12311851852,9335.12311851852,0,0,0
2002-03-08 19:35:50.680,5.999,124.128,34677.950933796295,0.0,7.0,6.8,4.428571428571429,-0.0,0.0,0.0,0.0,,,,,,,1318298980176.9043,1.0,,-1.1832159566199232,12.32142385258237,19.646027559046,32.76075734504817,9.030928109240211,41.62004462758826,-0.1799350198490622,2.9303416666662088,2.9303416666662088,9335.14220810185,9335.14220810185,0,0,0
2002-03-15 08:30:39.620,5.92,124.345,34684.48900023148,0.0,9.0,6.8,4.377777777777778,0.06616043860746841,0.3973301896370741,0.0030792507117118084,0.08084939144805406,0.29951343579534623,1.5589864260044355,0.06310749146515375,0.2596602993377998,0.7944444444444452,1.5949365881880793,1318336537627.8184,0.6331676012036612,0.12631638626303002,1.0,14.187408503055094,11.807835006946899,31.969619390137115,10.032473475724688,41.61590243073138,0.36063230488448805,9.46840810184949,9.46840810184949,26748.870458564812,43535.17270833333,0,0,0
2003-05-23 17:29:09.480,11.824,124.025,35118.862956944446,0.0,3.0,5.7,5.033333333333333,0.3744979374782184,2.0543075291723984,0.12117340230244304,0.07839884009539388,0.6355529003462228,3.273554016243043,0.3489890910662465,0.16924772507589686,0.21450242154703147,0.5492816027434584,138853105702.42917,0.07524994512546751,0.012397705021160586,-0.9999999999999999,4.95782220511194,5.93538087918013,6.760940890340973,1.4006594032370823,5.963035373303995,5.4027650093365125,32214.111568055556,32214.111568055556,32214.111568055556,43535.17270833333,0,0,0
2003-05-27 03:44:12.980,6.814,123.817,35122.29008078703,0.0,3.0,6.8,5.433333333333334,0.08887135102613503,0.5463807797813512,0.012424278960499349,0.10253972888772937,0.5544184875360663,3.082888146139174,0.48352956824956733,0.35007350349707844,0.6520032218180951,1.239420373876647,1318531663530.2808,0.5412350917254166,0.02171423518842882,-0.9999999999999999,6.539149811747721,3.7757762206747403,9.309459974372324,7.239928633169656,6.658290677047017,118.35629516793347,0.18796909722004784,0.18796909722004784,29305.45510393518,43535.17270833333,0,0,0
2003-06-26 14:11:45.510,12.292,123.817,35152.725873958334,0.0,3.0,4.7,4.3999999999999995,0.5767855668282784,2.7568011198329576,0.15928234959536386,0.08437908520728299,0.9650988486738945,4.337516649415241,0.4459462126284336,0.17206970276903763,-0.07959449469670421,0.2056244700993517,20739928240.393894,0.018605583705399102,0.0012726338013397947,0.6123724356957945,3.6122809875741004,0.5710635016114181,4.909506176334476,3.8152947850689922,6.922057157264104,0.08580838564848041,131.13177847222687,22512.856267476855,32247.974485069444,43535.17270833333,0,0,0
2003-07-02 07:11:41.600,12.313,123.835,35158.43416203703,0.0,3.0,6.0,4.833333333333333,0.19879561552514244,1.088371945865692,0.05462127899490873,0.09729441622584341,0.49165413045651174,2.4437377765457096,0.3340932074489714,0.23440231018570745,0.5251712770896528,1.029559145009837,251470626358.47424,0.2532871477301134,0.033499444744003654,-0.4472135954999578,3.6122809875741004,0.5710635016114181,4.516901233809732,3.4180044630228004,6.557385927512261,0.7260317703454422,5.708288078698388,22518.564555555553,32253.682773148143,43535.17270833333,0,0,0
2004-02-26 15:58:49.880,8.009,123.125,35397.800230092595,5.0,3.0,5.0,4.5,0.5339115895416172,2.5673188565855196,0.17346647458893938,0.09057087550352118,0.9650988486738925,4.434026534282621,0.566787744541416,0.18087221396396297,0.19149067584455803,0.405624470099351,33274084604.996494,0.025018728335211456,0.0012726338013398116,-0.9999999999999999,7.410849195313975,3.66212367934378,7.1276966374176665,3.197215610129008,9.200832811271962,-0.09308779031260239,43535.17270833333,43535.17270833333,43535.17270833333,43535.17270833333,1,0,0
2004-02-26 17:25:55.910,8.177,123.294,35397.86071655093,4.5,4.0,5.0,4.55,0.7074102276214955,3.5123679099256946,0.22288771854463338,0.06839596503438913,0.8685889638065036,4.163274742934627,0.33602538225591405,0.11792772330548631,0.03489238240840109,0.20685281944005496,37357299910.63497,0.007546912541501533,0.0024787521766663602,-0.9999999999999998,8.867725110565202,3.66212367934378,6.42261611009406,2.967043304674225,8.062578069256846,-4.686847336952333,43535.17270833333,43535.17270833333,43535.17270833333,43535.17270833333,0,0,0
2004-02-27 08:25:12.630,8.174,123.544,35398.485215625,4.5,6.0,5.0,4.6000000000000005,0.5282737771670403,2.9071806296880456,0.09520445762659263,0.048224577382141275,1.2408413768664381,6.184991588305278,0.5252568324342856,0.23965870736960462,-0.5031704304504867,0.015485698966162253,49786988598.66293,0.02601229487374954,0.00018944182523288853,-0.9999999999999999,11.27963597824045,3.4540784109873797,5.62920770924844,2.63272572779869,6.549320198900629,-6.198013155827599,43535.17270833333,43535.17270833333,43535.17270833333,43535.17270833333,0,0,0
2004-03-01 17:49:04.880,8.24,123.11,35401.87679259259,4.5,7.0,5.0,4.542857142857143,0.5282737771670403,2.9071806296880456,0.0884279133650247,0.048224577382141275,1.2408413768664381,6.184991588305278,0.4878696526486231,0.21070951747695618,-0.5031704304504867,0.015485698966162253,50150294507.613914,0.02601229487374954,0.00018944182523288853,-1.381698559415515,12.32142385258237,3.4540784109873797,7.1455759241141195,4.676713080739733,6.774669383270584,7.539021802463692,43535.17270833333,43535.17270833333,43535.17270833333,43535.17270833333,0,0,0
2004-07-29 08:47:03.020,20.275,122.094,35551.50038217593,4.7,3.0,4.3,4.133333333333333,1.7323937598229595,7.383971915861188,0.6087638047840721,0.07488769574644512,2.368878992199564,9.952637223517918,1.13825968531872,0.1393430971708118,0.037705776188095896,0.09858774707751383,9736084865.107143,6.350657928161749e-06,7.822814343739539e-08,-0.9999999999999999,5.887866499588108,34.8529038792234,47.26658462709403,12.424457993365417,46.28009422774797,172.76920231840472,1474.2259261574145,26883.74697939815,43535.17270833333,43535.17270833333,0,0,0
2004-07-29 15:10:10.020,20.487,122.336,35551.76643541667,4.5,5.0,4.7,4.279999999999999,-0.0,0.0,0.0,0.0,,,,,,,20931999097.052128,1.0,,-1.0,10.13924389296033,34.8529038792234,50.85417524806754,11.802779077652325,57.3335973538498,50.238756768711575,1474.4919793981535,26884.01303263889,43535.17270833333,43535.17270833333,0,0,0
2004-07-30 20:52:37.160,20.226,122.403,35553.004249537036,5.1,8.0,4.7,4.2375,1.3761371230353412,6.42484019317125,0.40272782562983056,0.07882815666185271,1.4476482730108402,6.682182737973491,0.44567095267615653,0.08994158094894938,0.031249999999999112,0.08411169166403276,24407764978.13004,7.440268885525432e-05,4.539992976248456e-05,-1.3333333333333333,12.540857118757762,34.8529038792234,56.95885910063201,14.239365536880005,62.239061166088135,11.039833352906385,1475.7297935185197,26885.250846759256,43535.17270833333,43535.17270833333,1,0,0
2004-07-31 09:45:49.800,19.914,122.504,35553.54120138889,4.0,4.0,5.1,4.5,0.6593853387881258,3.229387330434037,0.2160278779356288,0.09860689698958834,0.9650988486738925,4.558965270890921,0.46278025552980345,0.15784718447020699,0.20242776042112354,0.37616753749604914,41453542745.96543,0.01051584033907025,0.0012726338013398116,-1.5491933384829666,8.01355519627422,34.8529038792234,52.07902052601575,13.749655771608717,62.5348551024433,11.337212583908373,4091.9765462963005,26885.787798611113,43535.17270833333,43535.17270833333,0,0,0
2004-08-01 14:11:44.680,20.056,122.365,35554.72586435185,4.0,11.0,5.1,4.318181818181818,1.0464787840461842,5.202374593289873,0.2713185958531861,0.09610657165497401,1.042306756567806,5.155839627968429,0.26915956068075864,0.09288148174439699,0.1286860349189105,0.15343355448831097,47445144248.57256,0.0007253767776175158,0.0007465858083766711,-1.934494259809812,14.560224270991137,34.8529038792234,57.98502115472888,12.198927139591081,63.40012603954737,4.78838450306561,1477.4514083333343,26886.97246157407,43535.17270833333,43535.17270833333,0,0,0
2004-08-01 14:27:05.640,20.372,122.334,35554.73652361111,0.0,10.0,4.7,4.24,1.5976457241966127,7.501553892360152,0.4809345897225292,0.11278106407940551,1.4009499416233948,6.582959759154277,0.36980287697583364,0.11068713782087063,0.004619929970794523,0.0010742471454294744,27156591544.810223,1.6108786568215585e-05,6.268305795836468e-05,-2.0851441405707476,14.339056225633078,34.8529038792234,56.5533484553665,12.99019903771698,61.73463539662829,0.6469578486227531,1477.4620675925908,26886.983120833327,43535.17270833333,43535.17270833333,0,0,0
2004-09-09 11:27:56.240,9.187,126.626,35593.61210925926,0.0,4.0,4.7,4.300000000000001,0.8932281190340461,4.133326221928047,0.29015002543426577,0.0714177609547535,1.240841376866432,5.56542549879369,0.5599256647283374,0.140243520011702,0.07259728634841434,0.2147969736080375,20283411659.228664,0.002090815172013808,0.00018944182523289666,-1.333333333333333,10.01427552475536,6.56275521715646,24.48591213498014,21.227799681866003,26.817774198256753,16.163168422116865,2911.303786342589,19167.02140324074,19167.02140324074,19167.02140324074,0,0,0
2004-10-08 14:58:34.340,13.777,120.504,35622.75838356481,4.5,3.0,6.2,5.0,0.19935666846350844,1.1304732620735933,0.057084956472592034,0.09321209755449511,0.4571520862139492,2.351444808196854,0.3001798605781411,0.21567943806254078,0.5293932889908692,1.0563183257652957,380600011237.645,0.25230740368965476,0.04251515251442983,-2.1213203435596424,7.410849195313975,2.48720308191048,11.726715289569794,10.830645238704227,9.021011501395444,1.9163593832805939,0.015604745371092577,11853.811400925922,11853.811400925922,43535.17270833333,0,0,0
2004-10-09 15:49:57.930,13.782,120.471,35623.79407326389,4.5,6.0,6.2,4.683333333333333,0.1106727925235226,0.6330483732345491,0.008831556192095087,0.08289384771971657,0.48254942433694675,2.5207573476139364,0.16789551835451505,0.2297995304511524,0.4800000000000022,0.9761675374960497,380890634428.96783,0.465566392235898,0.03567399334725233,-2.1213203435596424,11.27963597824045,2.48720308191048,15.016352514942497,7.833190424684719,9.069735674087081,2.2714606396661297,1.051294444449013,11854.847090625,11854.847090625,43535.17270833333,0,0,0
2004-10-11 03:37:18.810,13.431,120.526,35625.28528715278,0.0,6.0,6.2,4.683333333333334,0.1106727925235226,0.6330483732345491,0.008831556192095089,0.08289384771971657,0.48254942433694675,2.5207573476139364,0.16789551835451508,0.2297995304511524,0.4800000000000022,0.9761675374960497,380890634428.96783,0.465566392235898,0.03567399334725233,-0.9797958971132713,11.27963597824045,2.48720308191048,13.72607541194538,6.68027332371799,9.064318563331904,2.5151321654587444,2.542508333339356,11856.33830451389,11856.33830451389,22831.497856597223,0,0,0
2004-10-11 04:42:25.990,13.811,120.432,35625.330509143525,0.0,8.0,6.2,4.5875,0.30863836502054137,1.748166541396207,0.052770570352148466,0.1690163199122418,0.8685889638065021,4.513083794751602,0.4179463941583068,0.38538185087280474,0.5358741507075502,1.0041202653859713,381087334171.67126,0.11860005896217679,0.0024787521766663854,-1.5491933384829668,13.285795734172117,2.48720308191048,15.302544711724433,6.642852775253832,9.094901080047133,1.5375777240892157,2.587730324084987,17519.83407395834,43535.17270833333,43535.17270833333,0,0,0
2004-10-12 09:40:42.990,13.782,120.472,35626.53765034722,0.0,9.0,6.2,4.522222222222222,0.30863836502054137,1.748166541396207,0.04868723840752706,0.1690163199122418,0.8685889638065021,4.513083794751602,0.3856061361126315,0.38471724536201507,0.5358741507075502,1.0041202653859713,381108127961.0762,0.11860005896217679,0.0024787521766663854,-1.7499999999999998,14.187408503055094,2.48720308191048,14.787306729078162,6.403185767907873,9.095675981544886,0.9711641527744815,3.794871527781652,11857.590667708333,11857.590667708333,43535.17270833333,0,0,0
2004-10-14 18:35:47.370,13.778,120.49,35628.909228819444,0.0,10.0,6.2,4.470000000000001,0.3510105523028417,1.9840383839343447,0.058236579840683346,0.17752740560871774,0.7238241365054191,3.818212623706404,0.24764048045690928,0.296830252383892,0.5476389216282769,0.924944318463166,381128920616.0047,0.08850510936929175,0.006737946999085494,-1.7320508075688772,15.036872085228435,2.48720308191048,14.906697490608366,6.048775612388126,9.09907170046971,0.8147759108259692,6.166450000004261,11859.962246180556,11859.962246180556,43535.17270833333,0,0,0
2004-10-26 02:05:31.040,13.904,120.535,35640.22153981481,0.0,3.0,4.6,4.3,0.8337334825539026,3.7822270095120083,0.2769127479729737,0.07385819991918322,1.240841376866435,5.440486762185403,0.6133678341955725,0.15208383918822166,0.06350591807079109,0.21548569896616154,16166294909.678558,0.0031535487739366387,0.0001894418252328926,1.4411533842457844,3.817433980804671,15.9812143443802,17.181870077582165,1.041905999646012,17.600212950700932,0.7533424641634623,17.478760995370976,17534.725104629626,43535.17270833333,43535.17270833333,0,0,0
2005-08-06 13:01:23.080,11.947,125.986,35924.67700324074,4.3,3.0,5.2,4.766666666666667,0.40843784029510755,2.154597051602236,0.11367686005379093,0.08444747911881069,0.7042613220052737,3.4350188071418124,0.3379775101151624,0.17336438921446987,-0.07521409388875533,0.3225224219879994,54661402344.36331,0.059523228513229734,0.0077128704008256055,-0.44721359549995787,6.539149811747721,25.0657643237009,28.37532039492247,3.194424972092916,29.74481550318766,-0.03884530748466303,3230.1342752314813,3760.5357601851792,3760.5357601851792,43535.17270833333,0,0,0
2005-08-10 05:43:28.000,11.926,126.158,35928.37289351852,0.0,6.0,5.2,4.55,0.7147934116652713,3.7060358535422844,0.22037103951972126,0.07751959135821351,0.8515578076534353,4.275512796480447,0.31276756491940605,0.11378019809749496,0.015235013277131948,0.17918666465860955,57853911500.22096,0.00717166120578347,0.0027882170400494173,-0.7844645405527361,11.27963597824045,11.064648887436901,25.28400200423765,8.282985816251804,28.77349909811396,-0.507579895783589,3755.832995370376,3764.2316504629634,3764.2316504629634,43535.17270833333,0,0,0
2005-11-30 17:18:52.960,6.052,123.768,36040.855821296296,0.0,3.0,5.7,4.833333333333333,0.28252818423869025,1.5305595391149536,0.09014881138595252,0.07796738890566299,0.49165413045651174,2.4437377765457096,0.27299571630445046,0.17135267819870637,0.2826306028927714,0.7295591450098371,136562708490.51196,0.1420415645467177,0.033499444744003654,-0.9999999999999999,4.95782220511194,5.91196831539546,9.268558564893537,3.189713033382284,6.19268187423481,-6.153151677603782,10698.04709560185,10698.04709560185,10698.04709560185,10698.04709560185,0,0,0
2006-03-01 16:23:57.160,13.316,120.214,36131.81767546296,4.1,3.0,4.7,4.333333333333333,0.7262227698167681,3.3065446515343013,0.22512677568207257,0.11838434572598891,1.5328040537761836,6.761617875202015,1.0029071068146294,0.22406776503093065,0.1469278726022747,0.2887265182107024,18673491504.800747,0.006627224619061205,2.5210870330948685e-05,-0.9999999999999999,5.375620014486486,28.2417274026593,30.1834800954972,2.947162136958894,32.37983025366992,-40.811569540176684,12362.870692824072,12362.870692824072,12362.870692824072,23338.030244907404,0,0,0
2006-03-03 14:21:58.180,13.394,120.175,36133.73296504629,0.0,5.0,4.7,4.34,,,,,,,,,,,25552913086.713634,,,-1.5075567228888183,8.078943075289343,28.2417274026593,30.96586124943142,2.3434542527988884,32.2519971348773,1.844797490647781,12364.785982407404,12364.785982407404,12364.785982407404,43535.17270833333,0,0,0
2006-05-30 06:00:41.490,20.393,119.936,36221.38485520833,0.0,3.0,5.0,4.666666666666667,0.6842962795654154,3.39213285465113,0.21837142137658466,0.07571527995080166,1.0423067565678037,4.959040307961218,0.5066389201389832,0.1505859366229782,0.04288864933561509,0.24224487972162034,36651838121.68803,0.008853421915680797,0.0007465858083766833,-1.4411533842457844,8.672617004934883,11.611682063859,23.478842564229904,10.681932171138083,29.614987474582463,0.8385047863980438,43535.17270833333,43535.17270833333,43535.17270833333,43535.17270833333,0,0,0
2006-06-24 19:14:10.550,18.845,119.919,36246.93588599537,4.0,3.0,4.6,4.3,0.8337334825539026,3.7822270095120083,0.2769127479729737,0.07385819991918322,1.240841376866435,5.440486762185403,0.6133678341955725,0.15208383918822166,0.06350591807079109,0.21548569896616154,16166294909.678558,0.0031535487739366387,0.0001894418252328926,1.4411533842457844,8.672617004934883,3.4785834713198,22.516147028752467,25.281274121954468,13.878055561589685,3.059490944610381,43535.17270833333,43535.17270833333,43535.17270833333,43535.17270833333,0,0,0
2006-10-11 06:43:52.980,20.787,119.946,36355.41484930555,4.8,3.0,4.7,4.3,0.6842962795654144,3.1115864718655057,0.2241956812569043,0.09756609539998752,1.240841376866435,5.440486762185403,0.7371763923041442,0.19440098754961124,0.15286659480068465,0.3154856989661621,18454264756.805725,0.00885342191568085,0.0001894418252328926,-1.4411533842457844,4.95782220511194,13.4663808370822,21.1263456686068,6.7354315105951885,24.90476774330247,10.66128783340786,12695.052696527768,12695.052696527768,12695.052696527768,43535.17270833333,0,0,0
2006-10-20 17:27:02.230,13.451,121.514,36364.86148414352,5.1,3.0,5.2,4.3999999999999995,0.15729272133615246,0.7602481531247367,0.022761720170505914,0.11729767731317388,0.9650988486738945,4.337516649415241,0.8569025246947427,0.3654471932107693,0.36666666666666803,0.7056244700993517,48193002776.512985,0.33738194375120456,0.0012726338013397947,-0.9999999999999999,8.672617004934883,8.304680062820509,9.4434873890567,1.3694329324536776,9.080338346006231,35.38194817714882,4357.924704050925,4357.924704050925,4357.924704050925,43535.17270833333,1,0,0
2006-10-22 15:48:23.410,13.445,121.519,36366.79297928241,0.0,6.0,5.2,4.45,0.28090648271100355,1.6259406937190966,0.041053002184474496,0.08099268678700165,0.6059923003301194,3.0222889161061643,0.19105376950603456,0.184549049698268,-0.5881921343618952,0.21266119312118814,62570513675.60567,0.1436417051285311,0.015206284059065786,-1.5491933384829666,12.264932589646444,5.62001019429203,8.51444654726253,2.0247228939948885,9.447858877642203,-3.063134436077232,4359.856199189813,4359.856199189813,4359.856199189813,43535.17270833333,0,0,0
2006-10-24 16:37:38.870,13.436,121.505,36368.827185995375,0.0,7.0,5.2,4.385714285714286,0.28090648271100355,1.6259406937190966,0.03660524217405531,0.08099268678700165,0.6059923003301194,3.0222889161061643,0.1703546422648568,0.1908883577603901,-0.5881921343618952,0.21266119312118814,62697034328.218216,0.1436417051285311,0.015206284059065786,-1.8708286933869707,13.247641299491772,5.62001019429203,8.30100937063803,1.9326511143454217,9.426749505336574,-0.8343830179308801,4361.890405902781,4361.890405902781,4361.890405902781,43535.17270833333,0,0,0
2006-12-22 21:31:52.300,13.377,125.809,36428.031508101856,0.0,3.0,5.7,4.8,0.2513354217309753,1.3303735401753027,0.06658016743781017,0.1050917517387243,0.6681453567742341,3.283331753171446,0.47052141315326307,0.2517713678546848,0.4067805603648278,0.785902012365729,135496158368.99672,0.17619506280821412,0.009898375607203868,-1.4411533842457844,8.672617004934883,13.4708148140541,22.596829877477102,8.762529705591804,30.73024156855367,-1.9884244701003464,43535.17270833333,43535.17270833333,43535.17270833333,43535.17270833333,0,0,0
2006-12-27 02:30:41.370,21.605,120.445,36432.23902048611,0.0,3.0,7.1,5.633333333333333,0.13203534532205574,0.8462581868951519,0.02976650399548219,0.10214873134040772,0.4416554053253412,2.552901659748766,0.33305389700595,0.27819012508813773,0.6906693406148925,1.319697916143026,2455075930626.653,0.4016927228511386,0.04731880671087145,-0.9999999999999999,7.410849195313975,115.825493505216,140.35084315144834,21.247442329832754,152.02746743436575,10.856862122262681,0.5863140046276385,0.5863140046276385,0.5863140046276385,43535.17270833333,0,0,0
2007-02-19 11:12:58.230,5.151,126.652,36486.601715625,4.8,3.0,6.1,4.866666666666666,0.10663769748843083,0.5880917045846007,0.01614637965001181,0.10572224069542689,0.6059923003301194,3.0222889161061643,0.521420201982126,0.3440155291166789,0.5851425111799413,1.1126611931211876,309177166839.67224,0.4787258815287119,0.015206284059065786,-0.6123724356957945,4.308100197271101,71.6495209331176,88.90527616475235,17.003159893589,105.56393726232977,-1.9324597082150232,6.935766319445975,3092.1079216435173,3092.1079216435173,43535.17270833333,0,0,0
2007-02-22 14:27:54.140,5.023,126.733,36489.73708495371,4.8,3.0,6.1,5.233333333333333,0.2311237859209037,1.3947615576270254,0.06816096831701379,0.08067136270064795,0.40088721406454025,2.1608475537907315,0.20506468531850558,0.1700504570951996,0.06530498983627986,0.7098366872762147,317464393294.9301,0.20259496238812214,0.06271022482807163,-0.6123724356957945,4.607707969367495,71.6495209331176,96.20321074388687,21.45240530067146,106.06356744893331,-0.30860047570027327,10.071135648155177,43535.17270833333,43535.17270833333,43535.17270833333,0,0,0
2007-02-26 18:28:34.250,5.213,126.622,36493.904215856484,4.8,3.0,5.4,4.7,0.35577403715855765,1.8138854738773535,0.10496584737778615,0.10107666478519081,0.7896263307331853,3.793551843799041,0.5170621596276366,0.22409453150725853,0.30157997934807135,0.5957632412325395,73554571232.2091,0.08564024252887038,0.004276820349208924,0.6123724356957945,3.6122809875741004,71.6495209331176,97.16903680812986,22.14404609947882,110.60640224867632,6.311118149963805,14.238266550928529,3099.410421875,3099.410421875,43535.17270833333,0,0,0
2007-02-26 22:33:33.550,4.912,126.695,36494.07434664352,4.8,3.0,5.4,4.666666666666667,0.3480337620352309,1.7732490294798882,0.1070964693750073,0.09309129367093885,0.7042613220052727,3.3645926749412802,0.4385307755420679,0.19791462194624493,0.30495111994225166,0.6225224219879992,73470779721.37856,0.09034387492766226,0.00771287040082566,-0.6123724356957945,4.308100197271101,108.541527725704,109.70800748294165,1.4390103650409107,111.17690778242616,-0.2563997538855478,14.408397337967472,43535.17270833333,43535.17270833333,43535.17270833333,0,0,0
2007-02-28 17:02:16.880,5.038,126.973,36495.84429259259,0.0,5.0,5.4,4.500000000000001,0.3519165640748247,1.7967271062668673,0.066801866670659,0.11067207695464641,0.8985403073860382,4.340844576479626,0.4354961383189426,0.2243566861027931,0.29445144194790984,0.5690040604770807,74089252700.57784,0.08795292918390092,0.00201548271450704,-0.40824829046386296,6.50052317917223,71.6495209331176,103.80782848110292,18.383156093501075,110.74937805057955,3.1317152703792956,16.178343287036114,43535.17270833333,43535.17270833333,43535.17270833333,0,0,0
2007-12-09 05:22:08.240,12.47,125.61,36779.35808148148,5.0,3.0,5.4,4.533333333333333,0.1363203584913322,0.6816017924566609,0.01852129600540799,0.11405379475249264,0.8985403073860382,4.161136515002418,0.8046834350507385,0.3562986954588936,0.40000000000000124,0.7690040604770809,72773973787.8734,0.38997693758622876,0.00201548271450704,-1.4411533842457844,4.047396061842092,16.4907712806621,30.17582969275953,11.936451849979715,35.419204692220156,-9.461416899109906,1481.5053841435147,1481.5053841435147,4197.457784027778,43535.17270833333,1,0,0
2007-12-09 19:25:12.530,12.451,126.006,36779.943547800925,5.0,7.0,5.4,4.585714285714286,0.2450785451913671,1.5587695875780296,0.030360500750652702,0.060633470427191895,0.6433992324492621,3.3686766908597896,0.20924708661270044,0.18174164960199085,-0.9602857865868275,0.1642513062440738,104047747827.7877,0.183977352293364,0.011743628457021352,-1.2499999999999996,8.99386463871906,16.4907712806621,30.17234865235654,10.761153266617447,31.622971999356533,-3.1120680366187496,4607.403649652781,4615.802304745368,4615.802304745368,43535.17270833333,1,0,0
2007-12-12 19:58:39.800,12.636,125.695,36782.966780092596,5.0,7.0,5.4,4.628571428571428,0.3368167783652933,2.0349347026236466,0.05599521777863597,0.08497256069185496,0.5790593092043358,3.092015020906606,0.16550442082561576,0.1586464911286006,-0.6416666666666657,0.06027922916008244,104697305659.91417,0.09762244147944785,0.018315638888734182,-1.5275252316519468,9.829789549278047,16.4907712806621,26.11870361118697,8.311407338093266,31.090150502420936,-4.123392314822615,4201.066482638897,4201.066482638897,4201.066482638897,43535.17270833333,1,0,0
2008-03-03 17:12:57.770,13.435,125.627,36864.85171030093,4.9,3.0,6.5,4.8999999999999995,0.08606273906737343,0.49333635110554236,0.013663947703462066,0.10114640594860375,0.45715208621394965,2.305729599575461,0.38553807552457453,0.3316262484788301,0.7677126425253729,1.456318325765296,707982620100.7178,0.5518382284183623,0.04251515251442971,-0.9999999999999999,6.539149811747721,4.62000772271946,7.487526912069064,3.6934904864573257,11.652118257522432,-104.00730186892142,0.12617129630234558,0.12617129630234558,43535.17270833333,43535.17270833333,0,0,0
2008-03-03 20:06:48.170,13.694,125.438,36864.97243252315,4.9,4.0,6.5,4.9,0.21688398152576577,1.279545228795469,0.06136006627964378,0.09958992847651478,0.4571520862139492,2.4306683361837593,0.2726165876090374,0.2373576293801213,0.6003239621757901,1.1830203569361037,708449069314.5725,0.22353629859125773,0.04251515251442983,-0.9999999999999998,8.01355519627422,4.62000772271946,9.954259463370873,5.782184642011033,11.674717670148997,61.52347630861839,0.24689351852430264,0.24689351852430264,43535.17270833333,43535.17270833333,0,0,0
2008-03-04 18:34:17.400,13.341,125.512,36865.908187500005,4.9,5.0,6.5,4.880000000000001,0.2711316965852459,1.6074636398689792,0.07435610879173135,0.12898937926139495,0.45715208621394965,2.522098753426551,0.21138661431764655,0.19375789760502157,0.5712810043455017,0.9830203569361045,708757080842.8839,0.15367559745927956,0.04251515251442971,-1.2632278815997786,9.311630656989129,4.62000772271946,10.337567493173738,5.080341489928404,11.675266281675762,21.5000596438788,1.1826484953780891,1.1826484953780891,43535.17270833333,43535.17270833333,0,0,0
2008-03-07 07:58:29.420,13.443,125.193,36868.4666599537,0.0,8.0,6.5,4.6125,0.30255117381792995,1.7900073216565329,0.06233284710236176,0.14100592273356494,0.5361660270410524,2.9508673179084393,0.1957572540948519,0.22671401894896026,0.5836212959671796,0.9963552909283804,708843856771.8225,0.12369338612097477,0.024632127216140737,-1.621769708158766,12.540857118757762,4.62000772271946,9.912520309620609,4.6143649015842,11.671081632911052,-1.2637998351433193,3.741120949074684,3.741120949074684,43535.17270833333,43535.17270833333,0,0,0
2008-03-13 13:05:15.010,6.978,125.156,36874.67968761574,4.0,3.0,4.5,4.3999999999999995,0.5282737771670408,2.6430437411045293,0.06418683223773639,0.05568494546627041,1.7371779276130135,7.773268550694319,0.6940910450027437,0.222435292224447,-0.5031704304504894,0.025346927832972987,16973299261.953905,0.02601229487374945,6.144212353327941e-06,-1.4411533842457844,8.672617004934883,18.088109420734902,19.5437701048326,1.819783968056398,18.984774009561058,0.636592880276798,43535.17270833333,43535.17270833333,43535.17270833333,43535.17270833333,0,0,0
2008-03-16 05:19:00.430,13.357,125.496,36877.35590775463,5.7,9.0,6.5,4.644444444444444,0.36463360756133684,2.1616836537484523,0.0804426786177066,0.16987779890143287,0.5428681023790655,3.058197280375719,0.17830428640251134,0.21089127916457798,0.5716280427200484,0.8665924246175569,709309739628.0105,0.0805562381811954,0.023517745856009003,1.8903781134378133,13.466946939030386,4.62000772271946,12.155134223217708,7.9934143207695865,11.743530734627468,3.2600751803932506,12.630368750003981,12.630368750003981,43535.17270833333,43535.17270833333,1,0,0
2008-03-19 04:41:51.580,13.331,125.614,36880.33011087964,5.7,5.0,5.1,4.54,0.6371767367591409,3.281510947499554,0.18815279562642964,0.07848449357234223,0.8272275845776234,4.076415846553981,0.31713258575107023,0.12637871851265203,-0.0500796532375567,0.17219546041205724,48251778131.63411,0.012259416210862949,0.003298505755939073,0.34641016151377546,6.50052317917223,5.80852982421111,12.733328159047074,10.004284597835468,17.075038345800653,-0.21163204871345054,15.604571875010151,15.604571875010151,43535.17270833333,43535.17270833333,1,0,0
2008-03-19 12:31:00.000,7.03,125.17,36880.65590277778,0.0,4.0,4.8,4.5,1.156265620765308,5.49368440137059,0.3766072631636516,0.11574166888044288,1.240841376866435,5.81359377416699,0.43371655492139527,0.13426056517646215,0.04876957101393664,0.11479697360803787,26918557169.283985,0.0003397841667012711,0.0001894418252328926,-0.8660254037844386,8.867725110565202,18.088109420734902,20.266104774556425,2.0723928104014218,20.863443842810657,1.2099925400062566,36767.95347222222,36767.95347222222,43535.17270833333,43535.17270833333,0,0,0
2008-03-21 17:05:28.310,13.181,125.703,36882.84650821759,5.7,4.0,5.1,4.5249999999999995,0.6767653739576464,3.315083112640613,0.21232482934746563,0.11097669936705858,1.1581186184086742,5.466158188644394,0.6217712117331106,0.20495654616440587,0.20157694201405896,0.38013961458004175,41601871141.55315,0.009326181821540724,0.00033546262790250573,-2.8284271247461903,5.0564020833731655,8.1366136594554,12.0623674919755,3.1320396893504654,12.46161283911575,0.912360520525614,18.120969212963246,18.120969212963246,43535.17270833333,43535.17270833333,1,0,0
2008-03-25 22:31:31.340,13.081,125.959,36887.07293217593,4.7,4.0,5.3,4.825,0.5308114366660184,2.862971589833341,0.1433909332550502,0.08746535379154234,0.9143041724278993,4.62499835001072,0.4254245535945112,0.17827920504726621,-0.09357555635090176,0.24151017846805178,72041645395.22401,0.025560284885654632,0.0018075381933252185,-1.333333333333333,8.01355519627422,5.12734493146918,11.349876358001762,6.03603974223224,10.64214726621356,-2.3197097221695238,43535.17270833333,43535.17270833333,43535.17270833333,43535.17270833333,0,0,0
2008-03-29 03:01:35.270,13.257,125.524,36890.260477662036,4.8,8.0,5.3,4.625,,,,,,,,,,,82576086984.91585,,,1.6858544608470494,8.685734339762435,5.12734493146918,11.193105918362445,4.156196932390855,11.01666141151795,-0.031060316052369193,25.53493865740893,25.53493865740893,43535.17270833333,43535.17270833333,0,0,0
2008-03-30 03:14:14.520,19.98,122.03,36891.26926527778,5.5,3.0,5.4,5.0,0.18350817489217783,1.1806330825070182,0.02720062621354849,0.08099987352352783,0.5790593092043358,2.9670762842983063,0.27084084900387373,0.20580870615487631,-1.0336811327381552,0.27604078349891825,93650398794.71318,0.281498104822992,0.018315638888734182,-1.4411533842457844,5.887866499588108,34.589136191582895,43.7564354793057,15.852432250627997,45.8294158119213,-63.28867121013945,2813.9948092592604,28223.515862499997,43535.17270833333,43535.17270833333,1,0,0
2008-03-30 15:12:41.610,20.253,122.059,36891.76818993055,5.5,4.0,5.4,4.825,0.23156153512613953,1.4241034410257574,0.03746639612481925,0.09749613133231577,0.7552947511360899,3.849827421213149,0.3986043314450263,0.2344334211883529,-0.7499999999999964,0.3028807423560629,93943340806.01196,0.20198326800364297,0.005421453617662299,-1.3333333333333333,6.34332552232842,14.9631161661434,36.558105651015126,19.35967152203944,45.43516556476672,-37.07997148711354,2814.493733912037,28224.014787152773,43535.17270833333,43535.17270833333,1,0,0
2008-04-01 01:31:33.660,19.987,122.128,36893.197959027784,5.5,6.0,5.4,4.65,0.16419817945308104,1.0837079843903343,0.013749911217493745,0.08118175266958659,0.48254942433694675,2.472502405180242,0.11875361051647337,0.2500726268177097,-1.1999999999999966,0.2761675374960495,94526501345.21062,0.32166622450235705,0.03567399334725233,-1.8665130505147656,9.814560628250268,14.9631161661434,39.38436853449525,15.632432610464994,45.425244886493594,-5.387863434042011,2815.9235030092677,28225.444556250004,43535.17270833333,43535.17270833333,1,0,0
2008-04-01 13:09:18.850,20.231,122.024,36893.68250983796,5.1,8.0,5.4,4.762499999999999,0.6640167447195914,3.7504312610434685,0.16479319117891614,0.07725447810733166,0.7360923422089015,4.0113855442760755,0.20250968617664677,0.1150180796584535,-0.2480974175240771,-0.04956836833611877,104980610217.56812,0.010184735760060855,0.006190460736207604,-2.2478059477960657,10.832886466569427,12.7124094836441,32.65917404938102,16.122923233340657,39.90864637974568,-6.678553301688155,2816.4080538194466,28225.929107060183,43535.17270833333,43535.17270833333,1,0,0
2008-04-02 15:05:23.270,13.692,125.507,36894.76311655092,4.2,3.0,5.7,4.966666666666667,0.31773909724508903,1.7531436076151599,0.10062160680506371,0.07703145118302326,0.5317891615141861,2.7106357330792443,0.28185704659628125,0.16561657719194708,0.1824429136497887,0.6027999642543769,138684232671.11765,0.11137371550364801,0.02538823534233677,-0.6123724356957945,3.1062799081417087,11.981153331330301,16.968364120466735,6.7451125643288385,15.112775555651707,0.8260030861091383,30.037577546296234,30.037577546296234,43535.17270833333,43535.17270833333,0,0,0
2008-04-03 03:12:52.550,20.03,121.95,36895.26831655093,5.1,9.0,5.5,4.844444444444444,0.6280440926253329,3.6871018257199837,0.14976693869371482,0.09886314746293867,0.6514417228548783,3.7096390032305964,0.16113386466302235,0.12501938874724197,-0.37076905748330624,-0.194506312818703,137710605506.24185,0.01305773113791471,0.011108996538242261,-3.5762373640756184,12.835967333514734,12.7124094836441,33.58003965753444,15.33254750862326,40.30170127412844,-4.61844501681377,2817.9938605324132,28227.51491377315,43535.17270833333,43535.17270833333,1,0,0
2008-04-06 21:17:49.090,20.045,122.086,36899.021748726846,4.6,11.0,5.5,4.745454545454544,0.6280440926253329,3.6871018257199837,0.13531718314243563,0.09886314746293867,0.6514417228548783,3.7096390032305964,0.14558740977971044,0.13096993214264774,-0.37076905748330624,-0.194506312818703,138109083856.44806,0.01305773113791471,0.011108996538242261,0.18057877962865374,14.014946863452684,12.7124094836441,33.28471976904898,15.086322263452594,40.202744197625265,-4.8747825229965835,2821.747292708329,28231.268345949065,43535.17270833333,43535.17270833333,0,0,0
2008-04-08 12:24:53.850,13.176,125.722,36900.651664930556,0.0,4.0,5.7,4.8,0.43379298549153394,2.3293966594759246,0.1435453831456706,0.12610088791462742,0.5790593092043358,2.976203159065739,0.25578217406886344,0.15637344042526763,0.3301652230810781,0.5602792291600824,137105080926.69408,0.049959840538435815,0.018315638888734182,1.921537845661046,3.7639984282255172,11.6913162639968,25.408048866647025,16.76306875527014,15.666896671734039,-4.033460194802994,35.92612592592923,35.92612592592923,43535.17270833333,43535.17270833333,0,0,0
2008-04-13 07:56:49.930,20.04,122.069,36905.46550844907,4.6,8.0,5.5,4.75,0.8455481814239996,4.5944157939824475,0.26368886336268565,0.10936296279937106,0.7619201436899151,4.127610650940637,0.21410853495813056,0.11177813752979827,0.0663465489986299,0.08262038991256215,108454271517.11891,0.0029064004743009847,0.005178924370597765,2.121320343559643,9.614845731745175,12.7124094836441,30.514334658833427,12.703073689108614,33.961528701803765,-2.8102252245901496,2828.1910524305567,28237.712105671293,43535.17270833333,43535.17270833333,0,0,0
2008-04-13 19:40:38.270,20.291,121.987,36905.95426238426,0.0,7.0,5.5,4.771428571428571,-0.0,0.0,0.0,0.0,,,,,,,108019765633.2491,1.0,,0.7205766921228922,7.743550042979177,12.7124094836441,25.256257260400314,9.771166469558448,33.711718523995884,-0.3990241153352151,2828.6798063657407,28238.200859606477,43535.17270833333,43535.17270833333,0,0,0
2008-04-14 02:36:15.250,13.478,125.456,36906.242884837964,4.9,3.0,5.0,4.633333333333334,0.3879576522499905,2.0236404401742107,0.0944523195316692,0.08814736496812868,0.7445048261198595,3.529591041811086,0.34783959545785753,0.17767922610832396,-0.21613745324509281,0.2591428316102693,38216543033.48703,0.06856887802120433,0.0058409773431952845,0.6123724356957945,2.4934765753283394,9.3979174663903,16.116330189060932,7.781692977419182,20.851739193202196,-1.7382068927248389,41.51734583333746,41.51734583333746,43535.17270833333,43535.17270833333,0,0,0
2008-04-23 20:19:20.130,12.601,124.898,36915.98113576388,0.0,4.0,5.4,4.8,0.6134718965284063,3.2200481767026763,0.2030011626615693,0.0741604087573185,0.7896263307331853,3.9974532134806595,0.33631979093317826,0.12320391925062112,0.15110727170274796,0.3375381013840606,78449144097.86372,0.014440569145999588,0.004276820349208924,-0.8660254037844386,7.343625335737808,51.719422752381604,59.16292491540365,11.796381593158229,56.39872881613272,3.464968134634111,1758.1381473379588,17478.570510763882,30112.33564965277,43535.17270833333,0,0,0
2008-05-04 13:57:24.670,17.585,122.443,36926.71591053241,4.5,3.0,4.6,4.333333333333333,0.726222769816766,3.362935229837177,0.2139564188071468,0.08026315845908454,1.1329421267041366,5.008889761536209,0.5207161509397523,0.16286265246972553,-0.030721273977243335,0.17886528934389112,17016797020.332678,0.006627224619061301,0.00039918445425918335,-0.44721359549995787,7.410849195313975,32.054011272212,35.84999112711787,5.189341219432684,36.076469841166734,0.39903251450475746,43535.17270833333,43535.17270833333,43535.17270833333,43535.17270833333,0,0,0
2008-06-10 19:46:41.670,5.064,126.468,36963.95846840278,4.3,3.0,5.2,4.866666666666666,0.6842962795654169,3.5289921105642206,0.21837142137658566,0.07571527995080171,1.042306756567806,5.167501659274789,0.5066389201389854,0.15608832697321917,0.04288864933561598,0.24224487972162212,55474801864.94389,0.008853421915680696,0.0007465858083766711,-0.9999999999999999,4.047396061842092,66.1798972070689,89.49505853947748,25.673102576761075,102.56126919077164,-108.38422541018954,484.2925190972237,43535.17270833333,43535.17270833333,43535.17270833333,0,0,0
2008-06-13 00:26:46.310,4.831,126.842,36966.15296655092,0.0,3.0,5.2,4.5,0.35577403715855765,1.7427306664456421,0.10496584737778615,0.10107666478519074,0.7896263307331853,3.635626577652404,0.5170621596276366,0.22409453150725847,0.30157997934807135,0.5957632412325395,48597023284.12859,0.08564024252887038,0.004276820349208924,-1.4411533842457844,5.375620014486486,103.251243786866,113.911703357652,9.498523382123157,116.99111175305815,5.223281766910205,486.4870172453666,43535.17270833333,43535.17270833333,43535.17270833333,0,0,0
2008-06-26 14:04:50.430,20.447,120.28,36979.72106979167,0.0,3.0,5.5,4.766666666666667,0.34505281042790154,1.8084735719674971,0.11104744664272477,0.08036643925511867,0.6059923003301187,2.961689686073149,0.3425087345450133,0.1698299423793319,0.25884989974490846,0.6126611931211885,90860738642.96762,0.09222349330836012,0.015206284059065848,0.44721359549995787,7.410849195313975,32.3088347372935,42.8031788729482,11.888333321886165,33.747568408467615,-2.0849019636059656,13319.358999189815,43535.17270833333,43535.17270833333,43535.17270833333,0,0,0
2008-06-26 15:28:09.180,12.134,125.853,36979.778925694445,4.3,3.0,5.3,4.6000000000000005,0.3678818936174712,1.8522416076812094,0.1178469272059955,0.08420521378159475,0.6681453567742331,3.149702681816595,0.38872578187488,0.1826824038789226,0.2651188606547823,0.5859020123657279,60075868513.31686,0.07876881629971949,0.009898375607203939,-1.4411533842457844,2.9650961789828814,22.2646919576432,32.2557641521486,10.364447329592016,42.070732239323014,-19.10285850225859,1681.9262283564822,1681.9262283564822,4815.620379398148,43535.17270833333,0,0,0
2008-07-06 12:37:36.590,15.395,122.467,36989.660492939816,5.4,3.0,5.4,4.533333333333334,0.23754209769076515,1.1883932755497717,0.056735120213564964,0.11124206850437952,0.7445048261198595,3.4551405591991005,0.5573215540253862,0.2796222449728026,0.3971256164587942,0.7591428316102684,72802687724.41951,0.19380889566710063,0.0058409773431952845,-0.9999999999999999,4.95782220511194,49.4748133547416,50.48483871049069,1.0623329015797138,49.50536655188821,-9.975356491494708,13961.97442002315,43535.17270833333,43535.17270833333,43535.17270833333,1,0,0
2008-07-06 12:56:27.520,15.325,122.204,36989.673582407406,5.4,5.0,5.4,4.66,0.39728599093164,2.2254830430207035,0.0998148678916211,0.07834085427295329,0.6433992324492621,3.3043367676148634,0.26178804550749424,0.15250084930398333,-0.20171537335590717,0.26425130624407434,87846408770.34473,0.06428979296755853,0.011743628457021352,-1.0,8.078943075289343,44.432431993120595,48.982430713594695,2.726403757186054,49.207688130846115,-20.484763621377162,13965.371330092592,13965.371330092592,13965.371330092592,43535.17270833333,1,0,0
2008-07-07 14:13:48.180,15.303,122.433,36990.727293749995,5.4,11.0,5.4,4.418181818181818,0.6077081474420724,3.297945877695956,0.12111357458091927,0.10384684309715388,0.9074810069620203,4.656518269254742,0.27007090078650253,0.1641912241000317,-0.02685809228898073,0.26874300009495844,89589027497.33488,0.015027113189276914,0.0018947720907427983,-1.474331270308942,13.519985225907256,44.432431993120595,52.71692336215479,7.522357370224622,49.45417758871632,6.718959774620641,13963.04122083333,43535.17270833333,43535.17270833333,43535.17270833333,1,0,0
2008-07-11 15:02:38.230,15.405,122.475,36994.76120636574,0.0,15.0,5.4,4.4399999999999995,0.49734140867005106,2.951167596903178,0.07255817653369735,0.09456597596754829,0.886315269190311,4.722524130599306,0.23043772670137297,0.18933638418674903,-0.533886753558173,0.07173330443291892,115799834045.33807,0.03220889117186527,0.002193078576497997,-1.9473404508356194,16.571162571721665,44.432431993120595,51.739788462188066,6.848194940843312,48.14641460991242,-2.4512010231722106,13967.075133449078,43535.17270833333,43535.17270833333,43535.17270833333,0,0,0
2008-07-11 18:05:44.720,6.322,124.573,36994.88836481481,0.0,3.0,5.2,4.533333333333334,0.21687329759984628,1.062679158239247,0.036059420862404136,0.12458422444236043,1.132942126704134,5.2354781868770255,0.984061027886679,0.3566631784093824,0.29999999999999893,0.5788652893438906,48615668911.594734,0.2235527966138074,0.00039918445425919067,-1.4411533842457844,7.410849195313975,9.80761524232317,14.354225245020288,3.9413405058297304,16.583540345358312,-7.576507511902001,20829.541223611108,28892.11790185185,28892.11790185185,43535.17270833333,0,0,0
2008-08-17 04:12:32.940,13.024,124.3,37031.309756250004,5.2,3.0,5.8,4.766666666666667,0.23377177477888422,1.2498117613133513,0.06742805172751024,0.0949938049067166,0.5317891615141861,2.604277900776407,0.3489276830471849,0.2212874524740182,0.45370974534671493,0.9027999642543767,166385181150.50238,0.1989228513058466,0.02538823534233677,-1.4411533842457844,5.375620014486486,66.7468216272846,70.57322160113218,5.010906798832945,68.72054197299163,5.928228426582548,5182.493142824078,19770.060659027782,23848.09264976852,43535.17270833333,1,0,0
2008-08-20 13:18:02.830,13.037,124.348,37034.68857442129,5.1,7.0,5.8,4.557142857142858,0.4200018642434659,2.3582746858262356,0.10692628443613765,0.07736740051284391,0.5264175538221233,2.8130137173808802,0.16797427109236923,0.12142798323559352,0.1850851946238139,0.4563071520760902,173464032007.2515,0.05495337970599937,0.026347980814448748,-2.2912878474779204,10.327096646634287,66.7468216272846,71.39642858855227,5.016586792337813,69.11992245375559,2.563557246493126,5185.871960995366,19773.43947719907,23851.47146793981,43535.17270833333,1,0,0
2008-08-30 12:04:47.740,13.05,124.33,37044.63770532408,5.0,7.0,5.2,4.3999999999999995,0.1920995553334706,1.2519227945646607,0.018147070411405855,0.05202080550142017,0.5544184875360663,2.805678902371141,0.15115733021181726,0.20110411274414652,-1.3170520170721662,0.1394203738766473,68762689086.04602,0.2652780607016044,0.02171423518842882,2.0493901531919194,9.388765370770361,66.7847422099136,72.24800377874746,4.714898448569857,70.16863417696906,-0.5576286745191062,5195.821091898153,19783.388608101857,23861.420598842597,43535.17270833333,1,0,0
2008-09-28 20:27:51.390,13.313,120.366,37073.987053125005,0.0,3.0,6.5,5.466666666666666,0.24244070305112855,1.4747624631521394,0.07499935618781983,0.08496729013707077,0.47377579843991136,2.6564899275432547,0.28641265965973123,0.18763254286914183,0.417017874506306,0.8929387353875669,710524558480.2803,0.18736043707226074,0.03790291440095844,-0.9999999999999999,4.308100197271101,24.200473097899,27.594222043799096,3.005065936840156,29.889958629054984,-34.16163941064669,1.7213322916722973,1.7213322916722973,13305.040070486117,24280.19962256945,0,0,0
2008-10-01 18:04:27.830,13.299,120.208,37076.88747488426,0.0,4.0,6.5,5.225,0.27078884485709015,1.6410715617471148,0.07770623167661177,0.0939039660646186,0.5603799766493576,3.123769886250072,0.332781769680466,0.23199664190204838,0.43966334686646125,0.9256218701320851,710613144224.6033,0.15403998420849616,0.020838193670452643,-1.3333333333333333,6.798722616979547,24.200473097899,28.580646475971424,3.148398560864022,29.891578999846676,2.104284080631783,4.62175405092421,4.62175405092421,13307.940492245369,24283.1000443287,0,0,0
2008-10-08 19:34:57.640,13.026,124.362,37083.9503199074,0.0,3.0,5.5,4.733333333333333,0.3149535427314968,1.6261111995128745,0.0896617016950303,0.10294186265637376,0.7445048261198607,3.6040415244230775,0.5010130245185166,0.23419915217432505,0.3369807641784117,0.6591428316102697,90030454257.98555,0.11353751166213913,0.005840977343195231,-0.9999999999999999,2.834482277998891,66.1866145309126,69.99524504030234,3.333224199478103,71.27048311144384,81.49450030537676,5235.133706481476,19822.70122268518,23900.73321342592,43535.17270833333,0,0,0
2008-12-20 21:00:41.840,8.944,126.817,37157.00985925926,4.9,3.0,5.3,4.766666666666667,0.35577403715855765,1.8940888377245684,0.102698499101147,0.0825741806397666,0.6059923003301187,2.961689686073149,0.2979544011326429,0.16461391483338356,-0.0238534572449165,0.4126611931211883,64436404941.02002,0.08564024252887038,0.015206284059065848,-0.9999999999999999,4.95782220511194,24.862786933316603,33.05436323360627,11.747258066391536,25.713297328742495,109.59203282536822,6515.766115046295,43535.17270833333,43535.17270833333,43535.17270833333,0,0,0
2008-12-21 21:21:57.280,8.876,126.978,37158.024621296296,4.9,4.0,5.3,4.75,0.5420927902071851,2.86067053789484,0.16897214108690148,0.09242070569042016,0.6204206884332167,3.145784813904151,0.22133005261566932,0.12622610214765648,0.022913513014061415,0.22959394721607573,66636727350.88189,0.0236440369501196,0.013763786733050419,-0.9999999999999998,6.34332552232842,24.862786933316603,33.272160372895954,9.601482025940843,26.455518041017452,12.972827333625055,14521.21041412037,26063.055107407406,43535.17270833333,43535.17270833333,0,0,0
2008-12-23 13:11:51.170,8.935,127.115,37159.68427280093,4.4,5.0,5.3,4.62,0.6232535295573597,3.2632229659595335,0.20838035768067106,0.0898353834977194,0.6059923003301194,3.082888146139176,0.19699785530819344,0.12433403134331018,0.06421261781364596,0.21266119312118903,66816478216.274925,0.013497067235619971,0.015206284059065786,-1.2632278815997786,8.639623028847156,16.4558110891151,29.908890516139785,11.211568287606875,26.343020147929426,-12.916484918716764,14522.870065625004,26064.71475891204,43535.17270833333,43535.17270833333,0,0,0
2009-01-30 18:17:53.660,10.911,124.818,37197.89680162037,4.4,3.0,5.1,4.433333333333334,0.35191656407482447,1.69115213704442,0.09636173506458154,0.11067207695464641,0.8985403073860382,4.071282484263815,0.6282034558889126,0.25215788328699673,0.2944514419479054,0.5690040604770799,39569154474.63883,0.08795292918390106,0.00201548271450704,-0.9999999999999999,4.95782220511194,1.52716410121166,7.628223866226044,7.941362038125443,4.864023921467269,-11.903536202811058,22517.97923217593,22517.97923217593,43535.17270833333,43535.17270833333,0,0,0
2009-02-01 20:33:46.800,10.96,124.756,37199.99116666667,0.0,4.0,5.1,4.325,0.399969924308786,1.9202064874929698,0.09662196953891107,0.13284418212921364,1.1581186184086716,5.234534464962649,0.810078864644288,0.33514968019607966,0.2991228070175431,0.5801396145800402,39768918991.625015,0.06310884429658278,0.0003354626279025119,-0.9999999999999998,6.34332552232842,1.52716410121166,6.304538135355343,7.003717798676362,4.812023209248172,-10.995755044905032,22520.073597222225,22520.073597222225,43535.17270833333,43535.17270833333,0,0,0
2009-05-21 15:55:09.910,7.728,127.364,37308.79768414352,0.0,3.0,5.8,5.199999999999999,0.43612075866614797,2.4297374194452424,0.14062468848003581,0.08664733533604337,0.7896263307331867,4.18836500916564,0.4609897819792758,0.1845978455346899,0.22875081920781692,0.4957632412325408,171301638731.59677,0.04916292615588873,0.004276820349208884,-0.9999999999999999,4.95782220511194,7.56953150996525,9.09831786795831,1.3288628842405308,9.578608189826904,2.804307369646442,24102.69969803241,24102.69969803241,24102.69969803241,24102.69969803241,0,0,0
2009-06-03 07:10:09.760,9.371,121.829,37321.43309907408,4.9,3.0,4.8,4.333333333333333,0.3976010455997206,1.8289648097587137,0.08483980408460189,0.13773304242424445,1.5328040537761836,6.761617875202015,1.2608920367696832,0.3183599173654969,0.20000000000000284,0.38872651821070203,22011190122.76609,0.06415002990995756,2.5210870330948685e-05,-0.4472135954999578,7.410849195313975,11.687037776725399,13.340535264280199,1.4633901715734596,14.21284261664039,-0.1344384757754254,43535.17270833333,43535.17270833333,43535.17270833333,43535.17270833333,0,0,0
2009-06-06 02:14:58.530,9.191,121.904,37324.228107986106,4.4,4.0,4.8,4.25,0.6399339549118066,2.9356184289505745,0.17410027225774566,0.16393904024743297,1.4476482730108402,6.392653083371323,0.890953943677633,0.2938899814314219,0.21262280830972458,0.3841116916640326,22368312912.358128,0.012028130608117166,4.539992976248456e-05,0.8660254037844386,8.867725110565202,11.245455966248802,12.81676543977235,1.5890290051155347,14.06201484432631,-0.31234380611626605,43535.17270833333,43535.17270833333,43535.17270833333,43535.17270833333,0,0,0
2009-06-07 03:36:22.210,9.21,122.125,37325.28463206018,0.0,5.0,4.9,4.38,0.3225321382114082,1.741673546341604,0.046271079169283164,0.08994991577134967,0.7238241365054201,3.4134737826372876,0.2330396175866393,0.20228149366807457,-0.4999999999999991,0.1841116916640333,34073961767.789196,0.10774660265587237,0.006737946999085445,0.40824829046386296,10.13924389296033,11.245455966248802,13.16916956654344,1.585781582422473,14.337067902431217,0.0029404340773192495,43535.17270833333,43535.17270833333,43535.17270833333,43535.17270833333,0,0,0
2009-06-15 11:36:13.930,5.087,126.657,37333.617869560185,4.3,4.0,6.3,5.35,0.39533987125464953,2.3400396449102363,0.11786186288971447,0.13267163345751445,0.7238241365054201,4.076415846553979,0.3950919581487847,0.21743306686829142,0.3809419563883276,0.6682233833280664,472246870956.70544,0.0651598965648941,0.006737946999085445,-1.5491933384829668,6.34332552232842,87.2472071190513,106.90007804610488,21.247682516196004,129.65209409629657,-28.858187173591745,1.2628964120376622,43535.17270833333,43535.17270833333,43535.17270833333,0,0,0
2009-06-15 12:55:42.040,4.867,126.609,37333.67305601852,0.0,5.0,6.3,5.08,0.39906351160866727,2.3653931495418075,0.13577044520645848,0.11816686658459208,0.36191206825271005,2.1220906779893447,0.11166763873811074,0.12486479470604339,0.37263986625422785,0.4364467666561316,472263651004.73627,0.06350522589161986,0.08208499862389866,-1.5075567228888183,7.601202965865766,87.2472071190513,108.17211402215851,18.619569996476006,129.64652431760499,-4.1349938290001615,1.3180828703698353,35157.17409768519,35157.17409768519,35157.17409768519,0,0,0
2009-06-15 15:57:02.490,5.254,126.32,37333.798987152775,4.1,3.0,5.2,4.666666666666667,0.35577403715855765,1.8585114340087119,0.10269849910114699,0.0825741806397666,0.6059923003301187,2.9010904560401376,0.2979544011326428,0.17044020597593926,-0.023853457244913834,0.41266119312118743,52375876287.96824,0.08564024252887038,0.015206284059065848,-0.9999999999999999,5.887866499588108,87.2472071190513,106.17041658700244,16.558718369063314,93.670049050437,9.859976396692117,854.1330378472194,3939.3051931712907,3939.3051931712907,43535.17270833333,0,0,0
2009-08-13 21:24:02.670,5.735,126.224,37393.026072569446,0.0,3.0,5.5,4.666666666666667,0.304458362142266,1.570069172240736,0.09401159459194416,0.08943895125452535,0.6059923003301187,2.9010904560401376,0.37244300141580355,0.19886351714604547,0.3430742345415343,0.7126611931211873,89916760508.5214,0.12207448859421714,0.015206284059065848,-1.4411533842457844,3.6122809875741004,67.676636508347,71.15786536159939,4.758142497432971,69.43345359541253,-11.726316929764245,3998.5322785879616,3998.5322785879616,3998.5322785879616,43535.17270833333,0,0,0
2009-08-16 17:29:41.770,5.035,127.246,37395.863330671295,0.0,3.0,4.9,4.666666666666667,0.5112013443424956,2.6347077886954176,0.11155046955180639,0.0877740720468474,1.0423067565678037,4.959040307961218,0.46374424619108373,0.1831412717134682,-0.25395316904763643,0.1422448797216207,33943532044.168915,0.029268196826665663,0.0007465858083766833,-0.6123724356957945,4.308100197271101,34.6269257555193,42.67757967343817,12.975456904741966,47.25713019842903,-2.2485373677562785,134.49847094907454,43535.17270833333,43535.17270833333,43535.17270833333,0,0,0
2009-09-12 19:37:01.770,10.425,123.028,37422.95175659722,0.0,3.0,4.9,4.433333333333333,0.5689391661997593,2.6801352752375407,0.17895338471467134,0.10323769287842227,1.1329421267041366,5.122183974206623,0.709616498846248,0.20326289284601357,0.18924103935477188,0.3788652893438922,27196247251.846275,0.019641855032959652,0.00039918445425918335,-0.44721359549995787,7.410849195313975,29.787190739882497,30.80441615987783,0.9150027877486592,30.016658372504136,-0.03493406047065709,43535.17270833333,43535.17270833333,43535.17270833333,43535.17270833333,0,0,0
2009-11-14 10:49:05.590,9.352,125.538,37485.58513414352,0.0,3.0,5.8,5.033333333333333,0.314953542731497,1.720597262332324,0.08966170169503042,0.10294186265637369,0.7445048261198607,3.8273929722590356,0.5010130245185166,0.23419915217432496,0.3369807641784135,0.6591428316102697,167644550781.7094,0.11353751166213895,0.005840977343195231,-2.1213203435596424,6.539149811747721,4.70046082562825,6.065318217399626,1.297989751709061,7.223752913860928,-1.1127569203963812,43535.17270833333,43535.17270833333,43535.17270833333,43535.17270833333,0,0,0
2009-11-29 08:10:08.210,4.854,126.518,37500.47474780092,5.6,3.0,6.0,5.2,0.30014239991050934,1.7304676101247378,0.09569999106717439,0.07718662437356268,0.5109346845920612,2.725233866924732,0.2773243264182978,0.16793713275290736,0.234511316492787,0.6661795546321061,255870628400.1692,0.12576876613882398,0.029322159123893774,-1.4411533842457844,2.9650961789828814,100.610439448045,102.845996491274,2.819935082036815,101.85172181321703,-1.4773418269634926,0.5832086805603467,35323.97578946759,35323.97578946759,35323.97578946759,1,0,0
2009-11-29 20:09:09.110,5.173,126.367,37500.97406377315,4.5,5.0,6.0,4.88,0.40790888610116977,2.330765970372957,0.12773113288385918,0.0775857769729899,0.5264175538221233,2.8656554727630925,0.21273118384313794,0.1181854224020437,0.2860622805974389,0.5563071520760898,256480350041.48083,0.059741117440286304,0.026347980814448748,-1.6984155512168937,4.928286077634257,100.610439448045,108.9554199975104,9.208518271604735,102.08434494155439,1.7492438912016652,1.0825246527892887,33344.11039479167,33344.11039479167,43535.17270833333,0,0,0
2009-12-10 10:29:17.320,5.282,126.889,37511.57138101852,4.2,5.0,5.3,4.680000000000001,0.3857217063663255,2.184510778777922,0.0826956029834043,0.08265551232955318,0.7552947511360899,3.849827421213149,0.31707879042073317,0.16957640335691615,-0.3634375061673625,0.20288074235606235,77220924075.3336,0.06963617065128279,0.005421453617662299,3.872983346207416,6.82361176504136,37.292491806605,83.81508399560099,29.33887383406119,65.16387252718386,-12.812358370880577,1031.905431712963,4117.077587037034,4117.077587037034,43535.17270833333,0,0,0
2009-12-26 06:59:13.420,6.413,126.309,37527.4255025463,5.5,4.0,5.0,4.4,0.5199609016014222,2.55875496314384,0.1523157584910007,0.09030899869919437,0.9650988486738925,4.4624553860235325,0.524743486201193,0.20205151950312955,0.0789473684210531,0.37616753749604914,34960605481.67826,0.02754972671862564,0.0012726338013398116,-0.6324555320336758,4.819094914515003,15.7203981718887,23.415630338025572,8.00184241520936,20.076272060070217,-1.1329243011763335,12587.520803472224,26836.50278263889,26836.50278263889,31301.60848865741,1,0,0
2009-12-26 18:22:24.280,6.577,126.577,37527.899933796296,5.5,3.0,5.0,4.6000000000000005,0.3263387505685668,1.7308299430159604,0.0748313391467608,0.08865899475899208,0.6681453567742331,3.149702681816595,0.3136809421021744,0.1906734457583374,-0.30378307816771777,0.2859020123657281,38109903754.33625,0.10495031545278663,0.009898375607203939,-0.9999999999999999,4.607707969367495,14.815138926356699,16.229182993258565,1.7256380778090532,17.010779445144127,-0.8311665623037918,3281.4758944444475,3281.4758944444475,3281.4758944444475,31302.082919907407,1,0,0
2009-12-28 11:51:18.650,6.341,126.402,37529.628340856485,5.5,6.0,5.0,4.383333333333334,0.6153385501914997,3.1233888583047786,0.15319600108645992,0.07621733593968,0.7445048261198607,3.6040415244230775,0.22426123822775204,0.14076238935119972,-0.07588685502110604,0.15914283161026965,39691036801.6489,0.014255562202213003,0.005840977343195231,-1.1547005383792517,6.516283101734105,7.6835546684232,17.020157054949866,8.65737018941435,16.74469859628161,-1.7069557103650714,5366.12918344908,26838.705620949077,26838.705620949077,31303.811326967596,1,0,0
2009-12-30 11:17:47.590,6.353,126.537,37531.60506469908,5.3,8.0,5.0,4.4125,1.061418312999913,5.282864061747551,0.3227411811546947,0.07433394098212036,1.1737688700087883,5.746176145373808,0.39468116892586375,0.107461053874442,0.022825593788314613,0.10450797239938314,42338950364.2345,0.0006542520031337394,0.00030108796056705354,-2.065591117977289,7.944091836616385,7.6835546684232,15.361809539475063,4.179733660160353,16.678248841190225,1.1350305310022897,5368.105907291672,26840.68234479167,26840.68234479167,31305.788050810188,1,0,0
2009-12-30 11:38:03.120,6.549,126.068,37531.61913333333,5.3,7.0,5.0,4.5,1.127002535485697,5.625459445764444,0.3717127289757403,0.06530253967634891,1.0592548339103722,5.253765790150619,0.3283662825592278,0.10122775617170063,0.008476672734301971,0.04013045590202058,43406306923.1485,0.00041590332608530884,0.0006641030858712658,-1.8708286933869707,8.99386463871906,7.6835546684232,17.316335823013542,5.985669500475359,18.097977477162754,-0.2945533292773571,27509.38971203704,29994.60270972222,31305.802119444445,31305.802119444445,1,0,0
2010-01-03 21:38:40.050,6.51,126.233,37536.03622743055,0.0,12.0,5.5,4.6,0.9894172270540984,5.2968185898682005,0.28668613690102357,0.11985677608135158,0.8228737551851102,4.492599656735298,0.19829610298692843,0.12969794781832775,0.14652681898514608,0.04035369529477517,106055655356.04138,0.0010758415641490579,0.0033992157820051275,0.0,12.384510703944075,7.6835546684232,19.014396745440084,7.7092009707664495,18.525184419343358,2.073782011488931,12596.131528356476,29999.01980381944,31310.219213541663,31310.219213541663,0,0,0
2010-01-03 21:47:17.000,6.328,126.508,37536.04221064815,5.2,11.0,5.5,4.636363636363636,0.7721991026794813,4.296353485469086,0.2078068488376278,0.07274278925600045,0.7238241365054191,4.015533773965245,0.18258596593257775,0.08423088304605261,-0.06378979276331087,-0.04766492500790154,117745195306.3088,0.004823948825339212,0.006737946999085494,-0.16823164622761322,10.214275862200104,7.6835546684232,17.146031558313773,7.193038492944607,16.6907486383757,0.6111021888087677,5372.5430532407445,26845.11949074074,26845.11949074074,31310.22519675926,1,0,0
2010-01-08 12:15:02.060,6.322,126.733,37540.644815509266,0.0,8.0,5.5,4.5375,0.6619779597639307,3.516228072790147,0.17861706047529535,0.11150839213410117,0.8405699649740359,4.343743093600228,0.2879941151012312,0.11958991789344865,0.18830038685264316,0.33238365085481014,96348271641.49298,0.010329186541653273,0.0030080850072550297,2.520504151250418,10.385454546787079,12.598998638392802,18.2958924095054,7.541181735291869,17.482372185543667,0.8181520685873866,5377.145658101861,26849.722095601857,26849.722095601857,31314.827801620377,0,0,0
2010-02-02 18:34:04.800,10.25,126.15,37565.90804166667,0.0,3.0,4.9,4.333333333333333,0.38795765224998907,1.8042266775508158,0.09859086032377531,0.12181047332156644,1.1329421267041366,5.008889761536209,0.840782110788485,0.28157465256596004,0.24942366238410418,0.47886528934389183,26467540670.08115,0.068568878021205,0.00039918445425918335,-1.4411533842457844,4.607707969367495,43.1956270201403,56.485667561759406,11.576809238056317,60.92030105466589,-6.251996110773014,3813.714864583344,19349.17247453704,43535.17270833333,43535.17270833333,0,0,0
2010-03-08 17:22:03.980,20.13,122.02,37599.85803217593,4.8,3.0,4.9,4.9,,,,,8.685889638065067,43.03798048123849,0.0,,,-0.05493061443340519,44520560913.16449,,8.75651076269468e-27,-1.4411533842457844,8.672617004934883,33.971660885868204,42.396752470151505,10.117600667521044,42.3967524701515,12.649045896891105,3522.5835761574126,28932.10462939815,43535.17270833333,43535.17270833333,0,0,0
2010-04-30 16:27:59.780,10.347,126.263,37652.820483564814,4.0,3.0,4.2,4.133333333333334,,,,,5.211533782838985,21.8444097643595,2.0822731350081995,0.3698240606033472,,0.008448975944324033,9180657049.329304,,2.3195228302441573e-16,-0.44721359549995787,4.607707969367495,43.2816565921632,58.66800168006123,13.324997395604916,56.80796499466806,-1.353274151186421,3900.6273064814886,19436.084916435186,43535.17270833333,43535.17270833333,0,0,0
2010-07-23 22:51:13.770,6.684,123.584,37737.08661770833,7.1,3.0,6.9,5.533333333333334,0.17448369771385794,1.1251884936816046,0.05458960567483284,0.07722519546491213,0.31394781824331447,1.7957020913415833,0.17673199628610248,0.17388701760356234,0.4513259495059456,1.1802530006757808,1624268322060.1562,0.2996048965106228,0.11432903696051587,-0.44721359549995787,4.047396061842092,5.9768731562871595,15.21643260502858,15.808262815614002,5.981083040901175,-2.439672229669376,0.029881249996833503,0.029881249996833503,43535.17270833333,43535.17270833333,1,1,1
2010-07-23 23:15:07.550,6.574,123.34,37737.10321238426,6.6,4.0,7.1,5.925000000000001,0.13331556206295048,1.1205348003883135,0.02764306377129817,0.07040644866840785,0.24467294755112773,1.6296863710426988,0.09311001303286617,0.17166352587299946,-1.3051312768662857,0.43932750901219375,2943440748986.075,0.39815604502510066,0.18449353715774003,-0.6324555320336758,6.34332552232842,2.27784685315688,11.981786167060655,14.437885318828743,3.5208091444698275,-2.5516130226352782,0.016594675929809455,0.016594675929809455,0.016594675929809455,43535.17270833333,1,1,0
2010-07-25 04:21:36.980,6.789,123.798,37738.31605300926,0.0,9.0,7.1,4.988888888888889,0.17260600664200168,1.3653995389814781,0.027961654512274982,0.07908995638326279,0.36191206825271005,2.334373143870297,0.12292980307982967,0.20181565476265692,-0.8104983977378222,0.6498886369263346,2943490272377.7046,0.30351627256361396,0.08208499862389866,-1.4411533842457842,10.542179763548235,2.27784685315688,14.57661440571549,8.421487378184565,3.523216882357875,21.66963351847488,1.2294353009274346,1.2294353009274346,1.2294353009274346,43535.17270833333,0,0,0
2010-07-26 16:37:02.670,6.859,123.669,37739.82676701389,0.0,12.0,7.1,5.133333333333334,0.17169399529309973,1.5493726887312151,0.023815910402993554,0.06744911220174288,0.35055159974253486,2.4616143883322246,0.09927979713867453,0.18941712233175415,-1.9240353839181914,0.07788288474457072,3832842279682.8086,0.3054344461278428,0.08878614520019415,-1.2163272811190746,12.719532193247936,2.27784685315688,17.277061280906942,8.76573809864992,11.72927647432379,10.89356121465025,2.7235546296287794,2.7235546296287794,2.7235546296287794,43535.17270833333,0,0,0
2010-07-26 23:06:48.420,6.696,123.137,37740.09743541666,6.6,4.0,7.1,6.300000000000001,0.02814809500701307,0.6274201421943206,0.0013391299780343786,0.04332464069147234,0.1930197697347785,1.3934410472405543,0.06296921834414317,0.21978508909242778,-15.18996818569781,-0.11916231251975606,3831642428738.8477,0.8232954494686276,0.26359713811572694,-1.5491933384829666,7.343625335737808,2.27784685315688,13.791738574067784,11.272457641505417,11.733373619011743,28.342192938965933,2.994223032401351,2.994223032401351,2.994223032401351,43535.17270833333,1,1,0
2010-07-29 07:31:55.330,6.396,123.4,37742.44820983796,0.0,9.0,7.1,5.311111111111111,0.21379090234706793,1.7332350401853618,0.0433244968710656,0.060613421673756024,0.2579967219227238,1.887537154651356,0.06309333196172931,0.11845440713668218,-1.0071505904008475,-0.21612843986722652,3482480226938.3286,0.22836381674953815,0.16827121642351517,-1.326977605394074,10.916558896465869,2.27784685315688,19.986718944151853,13.285228625332035,13.204023350454758,11.14396379354667,5.081184143506107,5.3449974536997615,5.3449974536997615,43535.17270833333,0,0,0
2010-07-30 12:40:26.480,6.804,123.39,37743.662459259256,0.0,15.0,7.1,5.34,0.2565007105228716,2.1813892003223843,0.04271900878945872,0.05945703113293516,0.3390887846692054,2.57202512638442,0.07465705834850171,0.11727186916533493,-1.4044177689631567,-0.4851082155180473,3932357184179.8833,0.17001916088806412,0.09610226997257615,-1.7516226243634263,15.714824854439842,2.27784685315688,18.154314372950378,11.064294789614616,12.211119832512052,1.8433166539582169,1.2142494212966994,1.2142494212966994,6.559246874996461,43535.17270833333,0,0,0
2010-08-10 19:54:27.710,6.698,123.714,37754.96386238426,0.0,3.0,6.6,5.666666666666667,0.27010176542903147,1.6799352194782402,0.08352449498790408,0.08685868362293467,0.5317891615141861,3.0828881461391746,0.32377102199609714,0.1949956273088592,0.38036194317419625,0.8027999642543762,875889005995.8684,0.15477282288392682,0.02538823534233677,1.4411533842457844,1.9684287409111465,18.2772828400389,20.076481200028766,1.693592435184897,18.33096779918041,2.0377471059359253,12.51565254630259,12.51565254630259,17.86065000000235,43535.17270833333,0,0,0
2010-09-14 07:33:22.670,5.324,124.46,37789.44922071759,5.1,3.0,5.0,4.3999999999999995,0.4084378402951077,1.9360776673323135,0.11721904168669867,0.10931767509699683,0.9650988486738945,4.337516649415241,0.6544701137687373,0.24047409237108758,0.2597984899404926,0.5056244700993515,32436965601.017952,0.05952322851322967,0.0012726338013397947,-0.9999999999999999,8.672617004934883,11.881032075167601,29.09618093399847,15.202753572637802,14.02975508839556,49.82148832289657,43535.17270833333,43535.17270833333,43535.17270833333,43535.17270833333,1,0,0
2010-10-04 01:48:13.110,19.398,121.835,37809.209526736115,4.8,3.0,5.8,4.833333333333333,0.2601779147494089,1.410889215133552,0.08156351155079364,0.08320539552023094,0.49165413045651174,2.4437377765457096,0.2912557057986873,0.18638797412349173,0.3772137635415591,0.8295591450098367,166872823178.66763,0.1657548541976291,0.033499444744003654,-1.4411533842457844,5.375620014486486,18.2394642832605,23.717302163891233,8.20009457061585,18.568186377543853,-4.2736065643645755,18932.666413310188,43535.17270833333,43535.17270833333,43535.17270833333,0,0,0
2010-10-04 01:50:00.090,19.413,122.214,37809.210764930554,4.8,4.0,5.8,4.55,0.22062032882011598,1.1629502691536882,0.046942854617729984,0.151446704358491,0.7238241365054201,3.497356537349643,0.5052944899889389,0.3483043230802045,0.5287257009669935,0.9682233833280653,166225002861.36322,0.21784069481457566,0.006737946999085445,-0.6324555320336758,8.867725110565202,18.2394642832605,23.632588523943003,7.089157494191617,18.32149437926097,-1.0074344289102872,43535.17270833333,43535.17270833333,43535.17270833333,43535.17270833333,0,0,0
2010-10-07 08:04:51.900,13.042,124.616,37812.471086805555,5.0,3.0,4.7,4.333333333333333,0.7262227698167681,3.3065446515343013,0.22512677568207257,0.11838434572598891,1.5328040537761836,6.761617875202015,1.0029071068146294,0.22406776503093065,0.1469278726022747,0.2887265182107024,18673491504.800747,0.006627224619061205,2.5210870330948685e-05,2.1213203435596424,7.410849195313975,63.5713401197434,67.97731444091556,6.538750649079808,64.89946334260067,4.194511272424086,2654.6280983796314,24629.253980324072,24629.253980324072,43535.17270833333,1,0,0
2010-10-13 12:24:50.310,5.716,125.944,37818.651623958336,4.1,4.0,4.7,4.275,0.7884118934056643,3.6553642330626253,0.2432881475895523,0.08952055811330686,1.3362907135484663,5.947222845521828,0.698902377913728,0.18861220431071954,0.06363636363636438,0.24945433263603523,20081767633.157993,0.004312849662788349,9.797783966128993e-05,0.0,3.6297049773194057,22.116357915026498,42.29016933420203,22.019294140209183,35.05034806941297,0.5699236868748311,657.3780141203752,14659.980181828709,14659.980181828709,14659.980181828709,0,0,0
2010-10-14 06:06:17.070,19.445,121.996,37819.388739236114,4.0,7.0,5.8,4.500000000000001,0.36660821827956513,1.9972748617587368,0.0745079297936064,0.10237877833592589,0.5544184875360656,2.8611207511247447,0.17040153847375095,0.1621557361872964,0.35201830681364843,0.6394203738766455,167942933172.50073,0.07946490072399669,0.02171423518842892,1.5275252316519468,10.89430573446043,6.41273604541344,16.6882664032821,6.8547823055282135,17.810685681962337,-4.909178636624403,43535.17270833333,43535.17270833333,43535.17270833333,43535.17270833333,0,0,0
2010-12-18 05:14:40.060,10.496,126.499,37884.35289421297,5.0,3.0,5.6,5.033333333333333,0.44664628299006315,2.420752998519782,0.1458998097899757,0.07863332416342274,0.7445048261198607,3.8273929722590356,0.40537999419218373,0.1676214009863374,0.18015639956945861,0.4591428316102695,114667069760.03845,0.04571525546543173,0.005840977343195231,-1.4411533842457844,3.1062799081417087,17.2487571032904,32.594673010429396,15.017549744447034,45.14224780015069,15.781804399767873,19668.26652847223,19668.26652847223,43535.17270833333,43535.17270833333,1,0,0
2010-12-18 06:11:50.250,10.37,126.288,37884.39259548611,5.1,6.0,5.6,4.733333333333333,0.43786181187488116,2.37540032942123,0.08940907112912284,0.08118175266958666,0.6681453567742341,3.441313172502882,0.20818496060937888,0.1701943062159669,0.1750000000000007,0.4494543326360354,116195022723.89401,0.04857519630534143,0.009898375607203868,-1.4411533842457844,6.516283101734105,17.2487571032904,31.3670521793279,10.279130535372836,44.263262227199455,6.543121188845089,4132.199418402786,19668.306229745373,43535.17270833333,43535.17270833333,1,0,0
2010-12-19 10:10:09.630,10.274,126.38,37885.55809756945,5.1,9.0,5.6,4.71111111111111,0.8560098719154058,4.629859250073934,0.25036055072417085,0.12000054107875963,0.8563553164289488,4.613061432301632,0.25056265850873854,0.11602223801425432,0.19134829868939285,0.2131455672648066,122368733520.959,0.0027037739799693665,0.0026973298014426796,-1.5359763347691506,8.813535484901909,17.2487571032904,33.52897156294043,9.78041814198489,43.85625295839797,5.975271900125328,4133.364920486121,19669.471731828708,43535.17270833333,43535.17270833333,1,0,0
2010-12-19 11:17:38.910,10.423,126.565,37885.60496423612,4.4,10.0,5.6,4.679999999999999,0.875128096193764,4.729911290464009,0.24037364152320456,0.12010972008368316,0.9650988486738945,5.14952492115708,0.2923392870597762,0.12486788845515932,0.19517833899284476,0.26425130624407434,122708122472.12363,0.002369276306748343,0.0012726338013397947,-1.698415551216894,10.447075389265803,17.2487571032904,34.203512252821696,9.46457192237353,43.81635953184282,5.56259777442794,19669.51859849538,19669.51859849538,43535.17270833333,43535.17270833333,0,0,0
2010-12-21 16:12:10.840,9.957,126.139,37887.809500462965,5.1,3.0,5.6,5.0,0.4053943661141592,2.2026103866249147,0.1309404643762913,0.07703687050994551,0.6681453567742341,3.416960824526293,0.35568075592405973,0.16465160544485144,0.1667464307960831,0.4859020123657283,114480656546.35442,0.06078786658970015,0.009898375607203868,-1.4411533842457844,3.6122809875741004,40.274378461753095,44.95368563659179,4.0525297887969565,47.17096930164102,-5.899078958642022,4824.1542400463,4824.1542400463,43535.17270833333,43535.17270833333,1,0,0
2010-12-30 16:56:10.620,9.986,126.354,37896.840053472224,4.0,7.0,5.6,4.628571428571428,0.6203558289524467,3.349938854663085,0.18192680951807505,0.08869127707182912,0.7360923422089026,3.8641670758343,0.25614127562429834,0.10952145400564531,0.19997198652924286,0.35043163166388247,116933697414.45432,0.013769954751137898,0.006190460736207559,2.6457513110645907,8.016485235359784,30.098775672464598,44.206553424421884,11.742006737189374,46.229412550702946,4.8217054993985204,4833.18479305556,4833.18479305556,43535.17270833333,43535.17270833333,0,0,0
2011-01-02 23:52:51.300,10.411,126.49,37900.12941319444,0.0,3.0,5.1,4.533333333333333,0.46317056677946716,2.2560583564320584,0.14618473799091838,0.09504836453090831,0.8985403073860382,4.161136515002418,0.5501679088557153,0.19347284302723525,0.22909818057101994,0.4690040604770802,40258240830.129,0.04078385740341284,0.00201548271450704,0.4472135954999578,2.1255371128042,37.443212053660396,44.90217910940527,10.91053466421503,55.33926993228834,1.7848027882526052,4147.9362361111125,19684.0430474537,43535.17270833333,43535.17270833333,0,0,0
2011-07-11 20:47:03.270,9.506,122.023,38090.00038506944,4.6,3.0,5.2,4.833333333333333,0.7201331838111292,3.665172346697928,0.24184276013092465,0.07889452777180135,1.1329421267041366,5.5753608248882776,0.5985809547955873,0.16158117751988668,0.11042430887451005,0.27886528934389165,53416065244.337875,0.006911947783070505,0.00039918445425918335,-0.9999999999999999,8.672617004934883,22.252694523652,24.971923122733898,2.3731675752018857,25.76673145929123,-80.51356647987384,43535.17270833333,43535.17270833333,43535.17270833333,43535.17270833333,0,0,0
2011-07-12 18:08:22.840,9.582,122.332,38090.890194907406,4.6,10.0,6.2,4.8,0.5040385835744423,3.057869129776014,0.1371750049267796,0.06734529938234085,0.43741890263636873,2.6822574310870055,0.10331003602631968,0.08236083088263967,0.13326378292150665,0.06798920915222428,408155491303.22076,0.030752770645465007,0.048724040116019315,-1.4002800840280099,15.833959887352426,4.98122521482784,21.757987766891233,10.44812273607646,19.233546331941096,-2.1397068500016423,0.8898098379650037,43535.17270833333,43535.17270833333,43535.17270833333,0,0,0
2011-07-14 18:49:24.160,9.647,122.235,38092.918682407406,4.3,12.0,6.2,4.708333333333333,0.5296454173048495,3.2020707503127377,0.13276537866304539,0.06602111072449263,0.47593915825013916,2.9020344516425283,0.10720555189285669,0.07605311451645075,0.15431236504079315,0.10250959321715047,408329090996.561,0.0257669935106764,0.037340706031090354,-1.5199211913146968,17.345234009869767,4.98122521482784,24.811594805654142,12.565589581178635,19.27084930094094,2.639767076082463,2.918297337964759,43535.17270833333,43535.17270833333,43535.17270833333,0,0,0
2011-07-18 15:25:12.570,9.582,122.188,38096.776881597216,4.1,14.0,6.2,4.6499999999999995,0.557448878356728,3.3595800277548933,0.13036448930776692,0.06941307994692043,0.5043419789844217,3.072478821173896,0.10670860741145802,0.07729038635940284,0.17329484694917774,0.10794550284936744,408581744033.9189,0.021264411351378295,0.030688387056042998,-1.1795356492391769,18.734993995195193,4.98122521482784,26.121482770820382,12.269562137727476,19.340971348470717,3.006307895880589,6.776496527774725,43535.17270833333,43535.17270833333,43535.17270833333,0,0,0
2012-02-01 04:39:13.240,11.745,125.764,38294.32827824074,4.4,3.0,5.0,4.6000000000000005,0.6842962795654149,3.316875355735133,0.2241956812569047,0.09756609539998759,1.240841376866432,5.812739175245319,0.7371763923041407,0.18706251660450468,0.15286659480068376,0.3154856989661612,34363449020.21881,0.008853421915680823,0.00018944182523289666,-1.4411533842457844,5.887866499588108,22.243297501509403,41.73713279924504,16.961819526560987,48.5603579523169,23.75596082735973,5599.785550231485,6130.187035185183,6130.187035185183,43535.17270833333,0,0,0
2012-02-04 13:46:25.460,12.139,125.981,38297.70828078703,5.4,5.0,5.9,4.94,0.38176812198505305,2.2176889817462406,0.10200762882296978,0.08288329160571009,0.6681453567742341,3.608714096812016,0.3124461939341745,0.16921994411476435,0.09100534058454635,0.4989086652720722,217500357815.5512,0.07156416923225788,0.009898375607203868,-1.986798535597566,8.078943075289343,5.87347380203087,27.421017517522746,21.49900516778998,7.005326158113046,-7.067716859292888,2999.855583449069,2999.855583449069,6133.549734490734,43535.17270833333,1,0,0
2012-02-06 07:04:00.190,10.057,123.284,38299.428821643516,6.3,3.0,6.9,5.466666666666666,0.1711883501970109,1.0853971724156763,0.052834494905849544,0.0808426367984705,0.3298439103062675,1.8624656780059858,0.19614899519966805,0.18620106073203913,0.5596317964011295,1.2534938199203234,1622889912534.2437,0.30650315507581616,0.10243969319189963,-0.9999999999999999,8.672617004934883,11.8490554839201,16.157638627423534,5.913819585195638,22.862632081926918,-110.96093461456059,0.13528668980870862,0.13528668980870862,43535.17270833333,43535.17270833333,1,1,0
2012-02-06 11:40:15.370,9.929,123.075,38299.62066400463,0.0,7.0,6.9,5.257142857142857,0.30203030275163756,2.0719575627566864,0.08490010937677935,0.07354622071170011,0.29951343579534606,1.986877778256007,0.083491032515407,0.09996807923524142,0.03990171224482353,0.2663150269705543,1691342955706.4897,0.12413924271745269,0.12631638626303018,-1.0,13.247641299491772,11.8490554839201,21.386651640754767,6.124175127157068,23.442520031200658,32.79706493490093,0.06247534721478587,0.3271290509219398,43535.17270833333,43535.17270833333,0,0,0
2012-02-07 13:08:04.780,10.166,123.183,38300.6816525463,0.0,12.0,6.9,4.941666666666666,0.36765301388426763,2.482913704463797,0.08211590769545,0.07356906401935154,0.3922659836545502,2.5710683680942776,0.09347862905517727,0.0928170196815488,0.14658411410334438,0.3455994778316187,1692100460963.2834,0.07889345185874368,0.06655827366327874,-1.4411533842457844,17.345234009869767,11.8490554839201,22.539084659975135,5.186249741525406,23.44158516570329,7.259871027118159,1.1234638888854533,1.3881175925926073,43535.17270833333,43535.17270833333,0,0,0
2012-02-07 14:20:49.410,9.931,123.011,38300.732169097224,0.0,13.0,6.9,4.938461538461539,0.3966604093384826,2.6634481379395685,0.08793286006009675,0.07025293885117068,0.4185970909910862,2.7449171873527227,0.09792777778161856,0.08263914150819304,0.1853189397413102,0.34257940050717206,1692295678491.255,0.06456821374554733,0.05548923366531262,-1.4944832472167273,18.05349194556475,11.8490554839201,21.982682803819184,5.355402273868464,23.434464996413087,1.0631361441822815,1.1739804398093838,1.4386341435165377,43535.17270833333,43535.17270833333,0,0,0
2012-02-09 03:09:58.050,9.97,123.186,38302.266296874994,0.0,18.0,6.9,4.85,0.46820921477397137,3.1138123572122813,0.09430622746065712,0.08757136798473918,0.47066397053554376,3.1123141555146177,0.09529768856722022,0.08433267422512643,0.2495278201316946,0.2873966346451393,1693491008287.489,0.03938876423598298,0.0387264857358031,-1.49826689716823,21.243486396674964,11.8490554839201,21.29767801819362,5.260409847722364,23.41973964363933,-1.0310459850173377,2.708108217579138,2.972761921286292,43535.17270833333,43535.17270833333,0,0,0
2012-02-11 05:39:08.280,10.118,123.212,38304.369887500005,0.0,19.0,6.9,4.810526315789473,0.46820921477397137,3.1138123572122813,0.09139810184343826,0.08757136798473918,0.47066397053554376,3.1123141555146177,0.09235898921674844,0.08529753961738937,0.2495278201316946,0.2873966346451393,1693498090781.256,0.03938876423598298,0.0387264857358031,-1.8601246995197873,21.825607502590685,11.8490554839201,21.445799532814846,5.152809235101688,23.41977769066857,-0.15975021959227925,4.811698842589976,5.07635254629713,43535.17270833333,43535.17270833333,0,0,0
2012-02-14 13:40:01.550,10.036,123.339,38307.70383738426,0.0,21.0,6.9,4.757142857142857,0.4744104145096678,3.1517559480950736,0.08724847450673041,0.08842443035020091,0.5059741536736914,3.305467522211867,0.09924441564342966,0.08954223906732224,0.25647816384341837,0.3671217922652996,1693539938989.5908,0.03773712031420202,0.030344329037784803,0.5,22.94558781116753,5.58293933702734,20.54127067802755,6.009099973654579,23.417966855293194,-1.6967687708706232,8.145648726844229,8.410302430551383,43535.17270833333,43535.17270833333,0,0,0
2012-02-15 15:09:23.890,10.122,123.125,38308.76590150463,0.0,23.0,6.9,4.734782608695652,0.48969581351931585,3.2464871735755025,0.08575455221637224,0.09053699601608732,0.5251933269527692,3.4247939908990217,0.09863766885830924,0.09170570703799813,0.27040039153316986,0.3789841851760345,1693679529483.2446,0.033955689955050807,0.02657174152039892,1.407291281149713,24.0133891223804,5.58293933702734,20.56939773563548,5.85917609149778,23.418379405375184,-0.516280617161717,9.20771284721559,9.472366550922743,43535.17270833333,43535.17270833333,0,0,0
2012-02-18 19:30:08.340,10.246,123.191,38311.946971527774,0.0,24.0,6.9,4.704166666666667,0.48969581351931585,3.2464871735755025,0.0838222039235207,0.09053699601608732,0.5251933269527692,3.4247939908990217,0.0964150191434779,0.09203142527255048,0.27040039153316986,0.3789841851760345,1693684208322.9387,0.033955689955050807,0.02657174152039892,2.0251582216668433,24.529865179292887,5.58293933702734,20.08027611256431,6.211207393217704,23.41781235424098,-0.8110007450225956,12.388782870359137,12.65343657406629,43535.17270833333,43535.17270833333,0,0,0
2012-02-28 21:13:52.860,9.898,123.227,38322.01901458333,0.0,3.0,4.1,4.066666666666666,,,,,3.7225241305993144,15.36721777711692,1.0623842525552167,0.19616115400424933,,-0.02817143367794639,7989091957.47558,,6.79872708748768e-12,2.1213203435596424,2.0450933046475694,8.06980854657146,9.667301733949634,2.1422128983012607,9.75755378857775,0.21555881440011868,22.46082592591847,22.725479629625625,43535.17270833333,43535.17270833333,0,0,0
2012-07-25 13:27:52.870,5.564,126.441,38469.69540358797,4.0,3.0,4.7,4.3,0.6842962795654144,3.1115864718655057,0.2241956812569043,0.09756609539998752,1.240841376866435,5.440486762185403,0.7371763923041442,0.19440098754961124,0.15286659480068465,0.3154856989661621,18454264756.805725,0.00885342191568085,0.0001894418252328926,0.4472135954999578,3.259718258647996,66.8139722871087,74.40480864203806,10.75373069611822,71.87653176625703,2.8374938498221605,40.5095579861154,5075.2016096064835,5075.2016096064835,43535.17270833333,0,0,0
2012-08-31 13:55:05.390,10.707,126.941,38506.714298495375,0.0,4.0,7.6,6.125,0.1668046066530895,1.3047353358006792,0.048693116499130426,0.116404463211447,0.19967562386356408,1.4007624867822188,0.06977528045007556,0.1549791930083176,-0.22193826645442627,0.5848097645642376,6988589186568.325,0.31592659010854185,0.2517521153523297,-0.9999999999999998,8.01355519627422,17.4589524632296,46.08392924373102,19.826699005300256,53.24064921730675,-560.8421507059796,0.019256134262832347,0.02790150463260943,0.04692118056118488,0.04692118056118488,0,0,0
2012-08-31 15:51:49.910,10.652,126.681,38506.795369328705,0.0,6.0,6.6,4.75,0.10555597250555196,0.634117731125945,0.009853253208294496,0.08579817828724423,0.3776473755680455,2.0382079232769907,0.12612087137162026,0.22519469862725394,0.5925925925925961,1.2028807423560632,871350243378.0311,0.4823164590595927,0.0736305209655769,-0.9999999999999999,9.814560628250268,17.4589524632296,31.98229176827273,12.71233601107591,50.501193534327484,-78.42551005592686,0.1089723379627685,0.1089723379627685,43535.17270833333,43535.17270833333,0,0,0
2012-08-31 16:34:31.200,11.116,126.97,38506.82501388888,0.0,6.0,7.6,5.683333333333334,0.23682474879714813,1.7677280504200996,0.07139038931890342,0.09608343578425181,0.22560752306662435,1.6172938451277719,0.06478772567350623,0.12569917881711826,0.13571233834921337,0.4313833548442112,6988667460815.609,0.1947716545865939,0.2104638113026162,-0.9999999999999999,11.27963597824045,31.9888068128155,45.61665399811468,11.944751453732804,53.237880178358154,-189.42916215451038,0.12997152777097654,0.13861689814075362,0.15763657406932907,0.15763657406932907,0,0,0
2012-08-31 16:46:03.830,10.71,127.34,38506.83303043981,0.0,6.0,7.6,5.816666666666666,0.2576631377842362,1.9211306524250484,0.08055113827249447,0.10459666704243419,0.20680689614440567,1.532691023977788,0.05189160845005219,0.13883833701287632,0.14402213313967138,0.18878184164822986,6989899720935.814,0.1686594138413165,0.2396510364417757,-0.9999999999999999,12.264932589646444,35.7006186827847,56.779544460925564,21.760515990412962,53.29923048298581,-202.61770976111805,0.13798807869898155,0.14663344906875864,0.1656531249973341,0.1656531249973341,0,0,0
2012-08-31 19:17:45.800,10.282,126.691,38506.938377314815,4.1,4.0,4.8,4.3500000000000005,0.8491460390956902,3.976060626698288,0.2832278864246704,0.07807051426235229,1.0857362047581285,4.9450048103604765,0.4630414560700847,0.12701826097393232,0.11757737346022523,0.24548225555204262,23913363350.89762,0.0028350575726657228,0.0005530843701478377,-0.9999999999999998,7.343625335737808,9.72004519903801,18.487594420558203,6.507784881110717,21.538375378250436,-48.25937119002107,20290.852011574076,20290.852011574076,43535.17270833333,43535.17270833333,0,0,0
2012-09-01 00:36:03.560,11.281,126.6,38507.1594162037,5.3,4.0,4.6,4.425,1.80617997398389,8.338530879892287,0.5627443519775267,0.0777256106610321,2.48168275373287,11.273295832379304,1.062384252555215,0.1752263078071922,-0.01666666666666483,0.05739848680401849,20648166692.161045,3.8146972656249284e-06,3.588820514756982e-08,-0.9999999999999998,6.798722616979547,39.1337339813934,47.4669289110017,6.810309544385973,47.66747337191004,7.992022315020869,43535.17270833333,43535.17270833333,43535.17270833333,43535.17270833333,1,0,0
2012-09-01 08:13:12.700,10.465,127.041,38507.47688310185,0.0,25.0,6.6,4.696000000000001,0.5309721245092558,3.477974621172366,0.08918379156376186,0.08485091643378312,0.6074048697947579,3.8521304488019648,0.11670757029501382,0.10526855277766592,0.049798095546277565,0.2580514244088965,1006559149904.3077,0.025531928906682953,0.015058627506286195,-1.0000000000000002,24.51034533791704,0.877984671467261,26.732450184255413,17.172860899126867,51.673619778156066,-36.36156813166232,0.7818407407394261,0.7904861111092032,43535.17270833333,43535.17270833333,0,0,0
2012-09-01 10:18:05.220,10.375,126.478,38507.56360208333,4.0,14.0,5.8,4.464285714285714,0.649206792613715,3.6414272181120015,0.1428481333429147,0.08389519512476508,0.6681453567742341,3.709300485443727,0.15130398573643167,0.0877247454094475,0.19095946077278647,0.24836299790810745,179767757033.63785,0.011281831841191867,0.009898375607203868,-1.0,15.8529378831233,0.877984671467261,12.373605715231744,6.676112016348239,18.727375147189623,-9.55079158739691,4755.370425000008,20291.477236342595,43535.17270833333,43535.17270833333,0,0,0
2012-09-01 11:05:35.020,10.97,126.648,38507.59658587963,0.0,20.0,7.6,4.6,0.29952372190210086,1.988262071120227,0.035802346982822315,0.2696784698862329,0.7238241365054201,4.244181355978689,0.20908129038807785,0.5540379028072033,0.9619211911032233,1.7364467666561314,6918608022836.307,0.12630741130896855,0.006737946999085445,-1.0,20.27848778592066,7.073886219406639,29.321699316722874,14.247649411674693,53.20011051626489,-34.27621641349393,0.9292085648194188,0.9292085648194188,0.9292085648194188,0.9292085648194188,0,0,0
2012-09-01 14:54:01.770,10.784,126.885,38507.75522881944,0.0,37.0,7.6,4.683783783783783,0.4414080135532476,3.14821759353207,0.056895105350521356,0.1225485853501081,0.6263862719758447,4.1079435970182105,0.11457211795128901,0.2551593458156399,0.46778332774355746,1.0418364820475743,6991180521448.071,0.047399739986763764,0.013208125416383177,-1.2479790261065367,30.021407099253274,0.877984671467261,28.572167641337764,15.576342221554258,53.151896742536024,-18.0977607277399,1.0601864583295537,1.0688318286993308,1.0878515046279063,1.0878515046279063,0,0,0
2012-09-02 05:20:39.400,11.381,126.623,38508.35705324074,5.3,8.0,4.7,4.4625,3.4948500216800955,16.468340519413662,1.7557591468928702,0.0736908247690509,3.3407267838711707,15.732240531756286,1.604315470143168,0.45488713071881615,-0.012173746299064092,-0.009226928616432595,32672562747.85748,3.2767999999999667e-11,9.50210113266811e-11,-1.3333333333333333,11.332878441396392,20.6935489643286,44.881740512029474,16.586254422318092,45.893165814873754,-8.26962513724861,43535.17270833333,43535.17270833333,43535.17270833333,43535.17270833333,1,0,0
2012-09-02 13:14:46.890,10.843,126.631,38508.68630659722,0.0,36.0,7.6,4.533333333333334,0.39734509371984267,2.6854070664952068,0.038954916189395804,0.24163737920928324,0.8481171700467557,5.0244901120953305,0.1774754457666321,0.5973739488210171,0.8416252045416845,1.6757123077483076,6920729379714.188,0.06426355088551898,0.0028552785967502214,-1.2662144246027864,29.17674406131082,0.877984671467261,26.449802290445984,13.724636694959502,53.12576621425144,-6.917076678982424,2.0189292824070435,2.0189292824070435,2.0189292824070435,2.0189292824070435,0,0,0
2012-09-02 15:18:24.570,10.527,127.078,38508.772159374996,0.0,33.0,7.6,4.745454545454545,0.4376522570485227,3.1236421650703545,0.060872209950265696,0.11912795673098082,0.5960904653574058,3.9507379858433236,0.11292369343831715,0.22301071168700096,0.4627303646601888,0.9722509997294999,6991167338955.066,0.04864556241579302,0.01628278183167537,-1.4709099764908788,28.303411559243692,0.877984671467261,28.744232169877442,16.120378162787926,53.15233240437202,-11.018850983269031,2.077117013883253,2.08576238425303,2.1047820601816056,2.1047820601816056,0,0,0
2012-09-02 17:23:56.340,11.002,126.827,38508.85933263889,0.0,32.0,7.6,4.703125,0.34015860934088504,2.4650048465894177,0.03695633305461272,0.09874213212443193,0.5522820001081823,3.637118085666682,0.09741990813003765,0.2292631688260685,0.35336628590473573,1.0143823536631018,6989363139455.721,0.0953946836170108,0.022037077534685454,-1.9632763950249676,27.410443695199785,7.073886219406639,31.32725834355367,14.115209471602139,53.21473147773696,-7.309730200588912,2.164290277774853,2.1729356481446302,2.1919553240732057,2.1919553240732057,0,0,0
2012-09-02 23:56:04.480,10.257,126.947,38509.13164907407,4.1,23.0,5.8,4.560869565217392,0.9353788491883954,5.27200250287692,0.20073265557360387,0.10564613507659817,0.7202932870590512,4.255680727026289,0.11903143624205624,0.15439981197775327,0.16377836910541266,-0.10826098685742647,193434327853.01004,0.0015626562469122052,0.006904307711947415,-1.7657514526496587,23.46702083094983,0.877984671467261,22.143838432369172,12.316546040827948,21.990749107026794,5.3976292284292775,43535.17270833333,43535.17270833333,43535.17270833333,43535.17270833333,0,0,0
2012-09-03 04:20:26.400,11.478,126.402,38509.31523611111,5.3,3.0,5.4,4.7,0.34505281042790176,1.7940369573023078,0.11067165048328341,0.07716164404290428,0.5790593092043358,2.7933584915370058,0.31168172908012015,0.16652136346986834,0.20068875521543106,0.5760407834989181,74513936177.97267,0.09222349330835998,0.018315638888734182,-1.4411533842457844,4.607707969367495,26.4568114175887,32.069956014388104,6.75334148541235,38.431753921536526,7.04555780469777,43535.17270833333,43535.17270833333,43535.17270833333,43535.17270833333,1,0,0
2012-09-03 09:21:38.730,10.502,126.643,38509.52440659722,0.0,45.0,5.8,4.504444444444445,1.1431622842262816,6.46394828997749,0.19152039625766046,0.12366720564595211,0.843772136269175,5.07532188937279,0.10433970771650779,0.21307941833317098,0.14555497572906884,-0.21503850531714175,211943958389.55432,0.0003719744817101622,0.0029422772325183224,-1.687236389907007,32.435834681562014,0.877984671467261,22.041016739363336,10.621375512708346,22.41888542258814,0.014458489698049276,20293.438040856483,20293.438040856483,43535.17270833333,43535.17270833333,0,0,0
2012-09-03 10:02:54.810,10.016,126.815,38509.55306493056,0.0,11.0,5.3,4.481818181818181,0.5457494838280363,3.1305927554964392,0.10725249192453087,0.08418188089291345,0.6059923003301187,3.3233189117701425,0.13223759325722545,0.1265222630319903,-0.4363183076923942,-0.18409428628010627,90766238041.01408,0.023054279206112388,0.015206284059065848,-2.0083160441856087,15.842145117751423,0.877984671467261,13.238049761633148,7.253387063905372,16.454520909905217,4.6321501511684176,5781.862289467594,5781.862289467594,43535.17270833333,43535.17270833333,0,0,0
2012-09-03 17:52:57.660,10.778,126.901,38509.87948680556,0.0,59.0,7.6,4.606779661016949,0.5056632282421485,3.5803783097700275,0.0500423233693829,0.14735911796153564,0.7288858437537095,4.742561781141167,0.10397615423526135,0.30571729020344407,0.5194410235907423,1.093409397667381,6991755690046.029,0.03040957253012144,0.006506425610195117,-2.3468939883184037,38.11292054390976,0.877984671467261,29.609337010471634,15.197512490450913,53.130130744191945,-1.9607616540285053,3.1844444444504916,3.1930898148202687,3.212109490748844,3.212109490748844,0,0,0
2012-09-03 19:52:26.200,7.838,124.875,38509.96245601852,0.0,3.0,5.7,4.866666666666666,0.30014239991050917,1.6227172433478205,0.09594888613268181,0.07967148303978631,0.5317891615141861,2.657456816927825,0.3012064025285063,0.17054321022068775,0.2935088017166123,0.7027999642543783,136592506190.96985,0.12576876613882415,0.02538823534233677,-0.9999999999999999,7.410849195313975,55.0467701339959,55.663285576302336,0.7316297091784377,55.45704320249751,-1.689573655903866,20966.09321990741,20966.09321990741,43535.17270833333,43535.17270833333,0,0,0
2012-09-04 09:58:03.960,10.55,127.127,38510.54969861111,0.0,46.0,7.6,4.802173913043478,0.5312330091188666,3.780289055933456,0.06961302145485798,0.10266982081442116,0.5621935040818794,3.963272708471856,0.07796362515998075,0.10520597390760505,0.4839341851070982,0.5503406216969831,6994713110099.54,0.025485958561878186,0.0205787735291589,-1.8900563184434513,33.96006057541291,0.877984671467261,30.71122043967542,17.681432507612428,53.14118764738983,-2.4435068003583873,3.854656249997788,3.863301620367565,3.8823212962961406,3.8823212962961406,0,0,0
2012-09-04 23:12:37.200,10.676,126.88,38511.10147222222,0.0,69.0,7.6,4.666666666666666,0.5719604402848084,4.051545769847945,0.0602381467162616,0.12529034291706373,0.6344275300047512,4.4049583155141985,0.07411458119199549,0.13793648447568796,0.5163881197264741,0.6567982831999579,6994707517909.629,0.01923617321750488,0.012494457668460418,-3.1288307569145806,40.95501327422548,0.877984671467261,28.366550394762008,14.649960779899605,53.062837162329565,2.224313033087636,4.406429861104698,4.415075231474475,4.4340949074030505,4.4340949074030505,0,0,0
2012-09-05 00:35:28.600,11.636,126.492,38511.15901157408,0.0,4.0,5.4,4.575,0.44546620349470856,2.297787988364277,0.1423623600400606,0.08035446837292178,0.6948711710452029,3.381544675508774,0.34639709843099514,0.16516353152919452,0.24183542917959855,0.5335660243000682,74757170159.20284,0.04608943556001356,0.00822974704902003,-1.921537845661046,6.798722616979547,12.121492742038999,27.082840196300825,11.396945974446819,38.057072410769095,-3.488958481416485,43535.17270833333,43535.17270833333,43535.17270833333,43535.17270833333,0,0,0
2012-09-05 17:23:55.800,10.926,126.688,38511.85932638889,0.0,53.0,7.6,4.628301886792452,0.5061658596717004,3.555965010517066,0.0536999095059831,0.1502383433066234,0.6955181646867724,4.554644747264031,0.10139226136062986,0.26594019151854026,0.5747039580593833,1.0514366719448347,6977460977007.001,0.030304171908738468,0.008193048126474202,-2.9029295547773803,35.72974375943087,7.073886219406639,29.219694906570965,12.769370059423423,52.9872420810712,-0.11294060785014218,5.172929398147971,5.172929398147971,5.191949074076547,5.191949074076547,0,0,0
2012-09-06 09:15:26.500,10.596,126.957,38512.520098379624,0.0,64.0,7.6,4.7171875,0.5725939423760513,4.056430146626871,0.06307700073567997,0.12558072184769922,0.6097379481025783,4.2851752516316175,0.0715260078881175,0.12826761900405453,0.5156949691186057,0.5721034011963644,6994749044008.663,0.019152178152831368,0.01481788280766276,-2.4172466387215934,39.39634096467608,0.877984671467261,28.17006672765522,15.575016254373734,53.06157314558565,1.1336647552927817,5.825056018511532,5.833701388881309,5.852721064809884,5.852721064809884,0,0,0
2012-09-06 19:04:26.800,11.082,126.681,38512.92912962963,0.0,40.0,7.6,4.54,0.44116390725240734,2.987288947994188,0.04597562323454083,0.2352845628136723,0.7664020268880918,4.696009767649648,0.13875254748173887,0.4475068091082688,0.8286188899740567,1.4726548170581122,6920570361895.52,0.047479734113763744,0.005021042753348022,-2.896827297511606,30.451885300266287,7.073886219406639,29.75545812554543,12.316953677998491,53.13604275025103,-1.1437906882699804,6.261752314814657,6.261752314814657,6.261752314814657,6.261752314814657,0,0,0
2012-09-07 02:32:24.400,10.253,126.887,38513.24021296296,0.0,39.0,5.8,4.5256410256410255,1.0688590625689178,6.0901225550686044,0.19202266568090898,0.1378359410408276,0.7946082003277176,4.79975243927537,0.10612499722586001,0.20060081682958486,0.10222115492806072,-0.24040134156156956,216048480752.84485,0.000621473782615995,0.004132143536555724,-3.447145558284419,30.844644082556187,0.877984671467261,22.887814230155023,11.234624618238717,24.09687525429933,2.052342641475505,43535.17270833333,43535.17270833333,43535.17270833333,43535.17270833333,0,0,0
2012-09-07 04:12:14.300,10.825,126.812,38513.30954050926,0.0,73.0,7.6,4.628767123287671,0.5666105596029943,4.011724292046203,0.05566524301442784,0.12559290658496786,0.69346074241656,4.683387129791696,0.08337935704692144,0.19169728487399068,0.5197855139567311,0.8463557872488785,6994291773670.753,0.019960357763735528,0.008310320488974444,-3.1799299456439343,42.467743361982706,0.877984671467261,29.261650837891708,13.501185662209236,53.069553096153165,0.1646533283533069,6.614498148148414,6.623143518518191,6.642163194446766,6.642163194446766,0,0,0
2012-09-08 18:40:46.400,11.336,126.749,38514.91268981482,0.0,26.0,5.4,4.419230769230769,1.0307494704582614,5.603285463188137,0.17932270509673126,0.08286414011624858,1.1135755946237236,5.97804749308362,0.20929962462608542,0.09319895011251365,-0.03612742356973442,0.031664413313944983,108316762603.47437,0.0008086332380983915,0.0004563239005810281,-0.8325507757631521,24.06359726644254,12.121492742038999,35.58299182388249,12.724927083906797,35.73066434634512,-2.570653656374124,43535.17270833333,43535.17270833333,43535.17270833333,43535.17270833333,0,0,0
2012-09-09 01:59:21.900,10.517,126.921,38515.21726736111,0.0,67.0,7.6,4.6716417910447765,0.5670360434282152,4.018985059133914,0.06056154677644828,0.12260300030770095,0.653521108199149,4.48515134393067,0.08044422401010384,0.1537185391816251,0.5122934851976426,0.7369449469046074,6994675005875.443,0.019901777644649885,0.010950568731825322,0.273165315038534,40.33874722342164,0.877984671467261,26.593436221123135,14.338188283093347,53.06129665830894,0.524378095493595,8.522225000000617,8.530870370370394,8.54989004629897,8.54989004629897,0,0,0
2012-09-09 04:03:19.400,10.567,126.603,38515.30334953704,0.0,62.0,5.8,4.458064516129032,1.037974421956363,6.07989046227733,0.13871303850472627,0.07924296602638684,0.9153747862129455,5.497786615869715,0.10788023235741159,0.1011001474603107,-0.05745692154727511,-0.20604987014657983,253675094111.01422,0.0007692663475397781,0.001794219784984782,0.25599605579485835,38.4313434587588,0.877984671467261,21.90519498803097,9.32322654743446,21.747718120773314,0.7378127438656251,20299.2169837963,20299.2169837963,43535.17270833333,43535.17270833333,0,0,0
2012-09-09 10:02:03.100,10.935,126.776,38515.55246643519,0.0,68.0,7.6,4.605882352941178,0.5416153521331409,3.8404968497865517,0.05343565588107991,0.11900157413409884,0.7293495115932481,4.803630638185886,0.09689929233979347,0.26229072377342577,0.5091802241926233,1.0138152397024847,6993708076129.481,0.023722144313216,0.006485619491588693,0.144525874705985,40.33707355097748,7.073886219406639,30.163153993870463,12.661491276575648,53.08725080279913,-0.45791469762944165,8.857424074078153,8.86606944444793,8.885089120376506,8.885089120376506,0,0,0
2012-09-10 22:27:54.700,10.656,126.563,38517.07042476852,4.0,67.0,5.8,4.450746268656717,1.0658180443055032,6.227955669282798,0.13580709061781218,0.07113505664988835,0.9436997611201489,5.653735076733139,0.10646920189157016,0.09769312825031609,-0.043357318406999745,-0.19103158617131832,254209303906.87497,0.0006346669264328141,0.0014753692129460833,1.4042635879172418,40.02570635256116,0.877984671467261,22.631713556019616,9.390606999980312,21.749862006528765,0.795488096924209,20300.98405902778,20300.98405902778,43535.17270833333,43535.17270833333,0,0,0
2012-09-11 18:10:04.800,10.965,127.024,38517.891375,0.0,64.0,7.6,4.645312499999999,0.510215413552015,3.6267967800284326,0.04853847604568287,0.12587599540008765,0.7293495115932481,4.8005867420475035,0.0991860010238389,0.2661863579102916,0.49163619189899066,1.0179886793085986,6992205897353.006,0.029468210218966593,0.006485619491588693,2.5129734975766604,39.72300463393808,10.018000221234,34.11285942543487,13.188540689835335,53.15787479939095,-0.94945459412639,11.196332638886815,11.204978009256592,11.223997685185168,11.223997685185168,0,0,0
2012-09-12 14:23:05.500,10.489,126.994,38518.73374421297,0.0,66.0,7.6,4.690909090909091,0.5698722168336352,4.037799825145229,0.06132143975582532,0.12408867855222601,0.6429662585377884,4.440820975352955,0.07806093341270906,0.14404756255121823,0.5145522349197131,0.693228584883884,6994693257953.197,0.019515664773634357,0.011778804792770013,2.11433737497384,40.02706848850986,0.877984671467261,27.5631287925645,15.232910171494918,53.06153732745938,-0.422016001060645,12.038701851859514,12.047347222229291,12.066366898157867,12.066366898157867,0,0,0
2012-09-13 05:41:19.600,10.546,126.136,38519.37140740741,0.0,4.0,4.2,4.05,3.0102999566398103,12.542916485999212,1.0421191703287498,0.17379974903075246,4.3429448190325335,17.973839267458096,2.169034515633577,0.22269144496702475,0.03333333333333233,0.061370563888011986,9157215802.351906,9.3132257461549e-10,9.357622968839192e-14,0.8660254037844386,7.343625335737808,8.34912027805498,16.737301985720222,8.153762171149605,15.066030164872398,-1.138095043619785,4767.178230324083,20303.28504166667,43535.17270833333,43535.17270833333,0,0,0
2012-09-14 08:55:35.800,10.269,126.534,38520.506317129635,4.1,29.0,5.8,4.389655172413794,0.8384657540927201,4.737020727151664,0.13861005441776436,0.10134473924300251,0.9418434547299435,5.211015014969069,0.17489666317285443,0.11554390358468004,0.15037065732343624,0.26721746719232264,192324154574.08203,0.0030521279623000595,0.0014944095553797992,2.4244128727957577,24.341914073118126,0.877984671467261,15.43673615480031,6.704247832255459,18.80427278886773,0.4005168667526109,20304.419951388896,20304.419951388896,43535.17270833333,43535.17270833333,0,0,0
2012-09-15 06:50:39.400,10.661,126.26,38521.41955324074,0.0,9.0,4.6,4.199999999999999,1.5740312677277193,7.281367828078693,0.43522410765235947,0.06580284609923079,2.0680689614440566,9.384859642401057,0.7513049775406399,0.1495886805686459,-0.02593595017341599,0.062018038388838015,22525630712.900627,1.8962962962962888e-05,6.248749509463084e-07,1.0834726777719228,10.916558896465869,8.34912027805498,18.75536519320487,14.913443114917172,15.288098380264856,1.539331982689614,4769.226376157414,20305.3331875,43535.17270833333,43535.17270833333,0,0,0
2012-09-16 09:20:11.100,10.731,126.821,38522.523392361116,0.0,44.0,5.6,4.543181818181818,0.9277484932554135,5.519270911275062,0.1395967767236669,0.12286938689870965,0.8497065950281014,5.125070199885313,0.1170989102171252,0.12315911889083814,-0.34910253306720396,-0.4315763463220117,214443280412.18115,0.0016472310506680595,0.0028241009370984127,2.6311740579210876,22.254758436164856,8.34912027805498,29.50186107098003,11.786547910200529,33.71659871226242,-0.15797861116964887,15.828350000003411,15.836995370373188,15.856015046301764,15.856015046301764,0,0,0
2012-09-20 12:42:37.000,10.407,126.497,38526.66396990741,4.1,10.0,4.6,4.23,3.1931658712548005e-16,0.30102999566398264,1.5653870089853558e-32,3.925231146709438e-17,1.7371779276130135,7.944612877161241,0.46330541148475607,0.19420531809761427,-942732096612591.9,0.026713204860013384,24865988096.537006,0.9999999999999978,6.144212353327941e-06,1.9298025627080306,6.4221894086107705,8.34912027805498,23.675938614278277,14.285587096069648,21.158926966893745,3.088228377164222,20310.57760416667,20310.57760416667,43535.17270833333,43535.17270833333,0,0,0
2012-09-20 14:23:34.100,10.857,126.751,38526.73407523148,0.0,15.0,4.9,4.346666666666667,1.3425628583817228,6.660442287861661,0.28569827135596315,0.08167470132967185,1.4009499416233948,6.863149747478956,0.31108823780729267,0.10086888042978231,-0.06099102271451162,0.0010742471454294744,44040628450.80947,9.382345570870628e-05,6.268305795836468e-05,1.9148542155126766,6.7534056352889635,8.34912027805498,27.38070083845384,11.070640043261928,33.723087900224485,0.2592880000890524,20.03903287036519,20.047678240734967,20.066697916663543,20.066697916663543,0,0,0
2012-09-21 15:24:59.300,9.741,126.89,38527.77672800926,5.2,3.0,4.7,4.366666666666667,0.8337334825539061,3.822596072672562,0.28199413966319864,0.08932670334796952,1.371456258641845,6.100091915151227,0.7630438887732062,0.17006372367772424,0.11508629236872814,0.25210610858843197,19166261160.9207,0.0031535487739365615,7.68477619648805e-05,-0.44721359549995787,4.95782220511194,3.63197745046877,15.56788333950099,13.482195270758593,7.746977853331199,-1.9397338049776933,5800.085952546295,5800.085952546295,43535.17270833333,43535.17270833333,1,0,0
2012-09-21 17:11:51.700,10.108,126.585,38527.85094560185,5.2,4.0,4.3,4.275,,,,,3.4743558552260145,15.194354583277224,0.6940910450027368,0.22249684891430005,,-0.07328679513998715,14183443433.605919,,3.775134544279108e-11,-0.8660254037844386,2.792055429197538,12.880190596086601,18.808627744829,6.015717497519982,18.404971819457305,-1.1746697428913577,5800.160170138886,5800.160170138886,43535.17270833333,43535.17270833333,1,0,0
2012-09-22 11:45:36.500,10.617,126.88,38528.624380787034,0.0,19.0,5.1,4.4263157894736835,1.5419393298445407,7.834542039031211,0.37831429254836807,0.07464505438923637,1.2815247006981214,6.59295119251106,0.2613196933047454,0.10002254294752387,0.01903352655185575,-0.04461499565282967,63669458039.51534,2.3669114494278407e-05,0.00014302959137875082,-0.1184005556945787,7.955721128998149,8.34912027805498,26.291109211497275,9.919686108958148,34.66869587293418,-0.3098144162980172,21.929338425921742,21.93798379629152,21.957003472220094,21.957003472220094,0,0,0
2012-09-23 15:23:47.700,10.819,126.953,38529.775899305554,0.0,15.0,5.1,4.453333333333334,1.392557021540285,7.095715673831823,0.3638263697961553,0.08344804735656143,1.1054768630264606,5.709196237330684,0.22928070753893054,0.09638833205666542,0.004542101993521008,-0.06446470141458693,60903812843.11081,6.642459809607932e-05,0.00048258010204473424,-0.6166698388447787,5.963173202839535,8.34912027805498,27.27031993896736,10.543438942744066,36.35956000883213,-0.6947493702383531,23.08085694444162,23.089502314811398,23.108521990739973,23.108521990739973,0,0,0
2012-09-24 02:46:10.000,10.352,126.845,38530.249768518515,0.0,15.0,5.1,4.34,0.8932281190340479,4.490617469541673,0.13135575256402923,0.07141776095475313,1.240841376866435,6.061762049540277,0.25348768093411034,0.15613461353520122,0.07259728634841434,0.2147969736080384,50952512774.03053,0.0020908151720137823,0.0001894418252328926,-0.22549380840084857,7.434875303417722,8.34912027805498,25.29358272258631,8.316213628228207,34.48583998245804,-0.15889773372005458,23.563371527772688,23.563371527772688,43535.17270833333,43535.17270833333,0,0,0
2012-09-25 00:28:56.400,9.733,126.374,38531.154472222224,5.2,3.0,4.3,4.199999999999999,2.3856062735982984,10.278930099240732,0.7557266632048305,0.03606670660650789,2.895296546021689,12.347837093408586,1.113149032429009,0.18893301937488577,-0.008728650238096769,0.03520815669978461,10735465618.82471,6.969171937626306e-08,2.0611536224384135e-09,-1.4411533842457844,3.427505006446984,12.880190596086601,20.564503637353933,8.935177582395468,18.63097417223693,2.2133443687662373,5467.49921180556,5467.49921180556,22104.563766203704,22104.563766203704,1,0,0
2012-09-25 09:59:13.500,9.776,126.895,38531.55050347223,5.2,5.0,5.2,4.7,0.49417209553545516,2.7178710587406925,0.11373030430976105,0.0790984249913469,0.6681453567742341,3.416960824526293,0.20790343923568494,0.15677796516101775,-0.2998472865930859,0.08590201236572881,64684572692.253395,0.032921810699588716,0.009898375607203868,-1.2632278815997786,7.18724635423819,3.63197745046877,10.536368934172284,6.10893867949255,9.191257271004513,12.332087841849573,5803.859728009265,5803.859728009265,43535.17270833333,43535.17270833333,1,0,0
2012-09-26 19:22:59.200,9.749,126.701,38532.94200462963,5.2,10.0,5.2,4.590000000000001,0.8761379486892479,4.705137685900778,0.2255601955305684,0.08744474429392654,0.8106830328860702,4.331035081424359,0.19311661765812269,0.10027798143960003,-0.1703160477638601,-0.14245186556534595,73291972772.44208,0.002352806189165607,0.0036978637164829277,-1.7586311452816474,11.42535086671439,2.3209225077186404,16.626772228547434,16.608561240889188,9.043644349250073,1.6815766112636523,5805.251229166664,5805.251229166664,22106.35129861111,22106.35129861111,1,0,0
2012-10-04 14:45:28.540,9.863,126.613,38540.74928865741,4.3,11.0,5.2,4.581818181818182,0.9564584940447957,5.105848828963521,0.243758865561381,0.07735338094766293,0.8685889638065036,4.638022531359909,0.20102810428787726,0.09271367260472287,-0.1382858333676822,-0.13972077083991774,74145841515.59535,0.0013509040940753502,0.0024787521766663602,2.293658554627822,11.274405987112152,2.3209225077186404,16.90090620589154,15.782475080164375,9.386574813934095,1.452337318886718,5813.058513194446,5813.058513194446,22114.15858263889,22114.15858263889,0,0,0
2012-10-05 16:10:08.120,9.948,126.387,38541.80808009259,0.0,8.0,5.2,4.4,0.7301263615502772,3.653833467006945,0.1605334345259257,0.11719952548613177,1.0857362047581285,5.270725671787915,0.35499160188795165,0.15608798106020605,0.1956149244512133,0.34548225555204315,52752749904.281586,0.006450908997088589,0.0005530843701478377,0.6123724356957946,7.524355605803992,18.4442027584082,27.499788304257912,12.17530359892804,28.470018635151042,-0.41783899691821647,5478.152819675925,5478.152819675925,43535.17270833333,43535.17270833333,0,0,0
2012-10-28 01:43:14.630,10.676,126.857,38564.206072106484,0.0,3.0,5.2,4.733333333333333,0.35191656407482436,1.8768587912838925,0.09351297332309115,0.08619356854408897,0.6355529003462219,3.0828881461391724,0.3049972042117209,0.17168441946347837,-0.13324936329179327,0.3492816027434582,54548596956.892975,0.0879529291839011,0.012397705021160662,-1.4411533842457844,-0.5724091945327392,9.10056856940416,16.87633872347122,12.620833981699707,25.336405412161227,23.840542715730045,57.51102974537207,57.51967511574185,57.53869479167042,57.53869479167042,0,0,0
2012-11-03 11:12:18.360,10.65,126.915,38570.60125416667,0.0,9.0,5.5,4.655555555555556,0.7497952643180393,4.1074955449133865,0.21454734487977373,0.07774302282611849,0.6514417228548774,3.5793506586596164,0.16195296329429762,0.0895810141394741,0.021843841399460828,0.005493687181296281,108568979324.38474,0.005631371869220912,0.011108996538242329,-0.6868028197434451,2.373457790503527,9.10056856940416,17.69742009721348,7.575228304766598,19.83010881841697,5.061624619851316,63.906211805558996,63.91485717592877,63.93387685185735,63.93387685185735,0,0,0
2012-11-04 05:24:19.280,10.72,127.267,38571.35959814815,0.0,4.0,5.2,4.875,0.3242811422309733,1.9595140503553432,0.05166217222946726,0.04632393964078359,0.6948711710452029,3.590006026822335,0.23721265952379061,0.17491503687108179,-0.8426395345544169,0.033566024300068165,71226436280.08815,0.10645267358092132,0.00822974704902003,0.0,1.406918477404114,26.7736324626284,31.618859024435597,4.136011304406626,31.007076792292757,0.7383404740921483,64.66455578703608,64.67320115740586,64.69222083333443,64.69222083333443,0,0,0
2012-11-05 08:43:03.910,4.591,124.623,38572.49761469908,5.0,3.0,5.2,5.033333333333334,0.9542425094393248,5.047254795538943,0.251707279949361,0.08283624741336047,1.5328040537761787,7.8345807128453195,0.6494586987710416,0.16736048491054478,-0.08927892607143484,0.08872651821070221,65122536294.62028,0.0013717421124828542,2.521087033094951e-05,-0.9999999999999999,7.410849195313975,46.9521047754631,59.79582518920507,12.589718602100687,55.009015018336164,398.1245619691767,43535.17270833333,43535.17270833333,43535.17270833333,43535.17270833333,1,0,0
2012-11-06 14:27:53.240,10.493,127.004,38573.737074537035,0.0,12.0,5.5,4.65,0.8285993802783788,4.592766194702915,0.21601233692303676,0.107659602076103,0.7589612305105375,4.217775800634636,0.18122934901403423,0.10798755459416272,-0.04280669768292089,-0.057300730364613806,119231796886.57907,0.0032673966479517744,0.005285867937272853,0.8267673819143257,4.508242388185489,9.10056856940416,24.61196592008677,16.379883031652138,22.451745494983925,4.026617310931057,67.04203217592294,67.05067754629272,67.0696972222213,67.0696972222213,0,0,0
2012-11-11 16:10:06.210,10.81,126.774,38578.80805798611,0.0,3.0,5.2,4.666666666666667,0.47917886305725726,2.3840177241267346,0.1440918071411608,0.1069731930549739,1.0423067565678037,4.959040307961218,0.6817656070974014,0.21797746407309657,0.22478529850790352,0.4422448797216205,49716338173.008545,0.03651433627468975,0.0007465858083766833,0.6123724356957945,-0.5889066319230475,31.376483085896698,33.54950331005217,2.933939024157136,31.67286581665629,-0.29311592108820883,72.11301562500012,72.1216609953699,72.14068067129847,72.14068067129847,0,0,0
2012-11-14 18:11:55.240,10.785,126.966,38581.892653240735,0.0,5.0,5.2,4.4799999999999995,0.6774512434035111,3.3642273197273727,0.20952315996899273,0.13459713873398996,0.9650988486738945,4.655475155758319,0.4252257364552976,0.1661461020667869,0.2339934386635507,0.3761675374960509,50702461383.72202,0.009282100573702346,0.0012726338013397947,1.299038105676658,0.3260990065804774,20.570336550656602,37.80445492811802,17.807884962940808,33.4075528879015,-2.9730445313274574,75.19761087962252,75.2062562499923,75.22527592592087,75.22527592592087,0,0,0
2012-11-26 22:32:43.400,10.652,126.602,38594.073766203706,0.0,3.0,4.7,4.5,0.6816017924566595,3.3133348493280663,0.16322161714127859,0.08686069254313902,1.240841376866435,5.68865503755869,0.5409395838292615,0.18410367179794673,-0.16110055166668058,0.1154856989661619,22699273723.755966,0.009019752538805458,0.0001894418252328926,-0.44721359549995787,-0.5724091945327392,8.757679825654542,26.45307211464325,15.8381414359055,20.10082053388001,-1.696248861597716,20377.987400462967,20377.987400462967,43535.17270833333,43535.17270833333,0,0,0
2012-12-06 10:26:15.660,11.034,126.728,38603.56927847223,0.0,4.0,5.4,4.75,0.6134718965284065,3.1698765107586815,0.2014574051801508,0.11430124957987396,0.8685889638065036,4.336992535695928,0.40385224852702856,0.15902504456468547,0.2328904246522372,0.40685281944005514,76039318197.84064,0.014440569145999565,0.0024787521766663602,0.8660254037844386,0.41776949505910455,6.68157610084764,14.738745013790698,11.274660016295536,12.872542932464377,-0.512020111536267,96.9019011574128,96.9019011574128,96.9019011574128,96.9019011574128,0,0,0
2012-12-07 16:06:31.560,10.402,126.534,38604.80557361111,0.0,4.0,4.7,4.45,1.0110210668019572,4.829422286108639,0.27982214666739946,0.07509939628237441,1.4476482730108402,6.682182737973491,0.5737038797198588,0.14860118522261603,-0.07677710651962588,0.08411169166403276,23879093679.8648,0.0009266949569199734,4.539992976248456e-05,1.3333333333333333,0.8184169989022089,6.68157610084764,16.417020205778222,11.273432701611053,16.828138120491257,-29.179306714520294,20388.719207870374,20388.719207870374,43535.17270833333,43535.17270833333,0,0,0
2012-12-24 14:05:24.250,4.001,126.439,38621.72146122685,4.9,3.0,5.0,4.5,0.49053693002164767,2.3876226608282836,0.15976462726329005,0.07670250492469737,0.7896263307331853,3.635626577652404,0.41398104511822353,0.1620671755187227,0.13263423260932328,0.39576324123253936,33789665181.887074,0.03375897173202931,0.004276820349208924,-0.44721359549995787,4.607707969367495,190.82117742345602,199.596606522227,7.918995002782733,193.36982135106413,-0.5234976531987556,1929.1782549768468,43535.17270833333,43535.17270833333,43535.17270833333,0,0,0
2012-12-24 19:50:29.230,3.582,126.466,38621.96110219907,4.7,4.0,5.0,4.525,0.680043864379314,3.3591697770332987,0.21874044408170196,0.0996914010963993,0.7552947511360899,3.623238995872322,0.2698287177155814,0.1291369331274232,0.06036308393244294,0.20288074235606235,36500514310.079994,0.009117345379231636,0.005421453617662299,-0.8660254037844386,7.343625335737808,190.82117742345602,197.77823891925723,7.4184116130646105,193.18982110426438,-0.7744777683213848,1412.0941693287023,1412.0941693287023,1412.0941693287023,1412.0941693287023,0,0,0
2012-12-28 17:10:21.260,10.399,126.653,38625.84989884259,0.0,3.0,4.7,4.366666666666667,0.6842962795654144,3.1868439707815024,0.21837142137658402,0.07571527995080175,1.0423067565678037,4.646348280990877,0.5066389201389832,0.15608832697321823,0.04288864933561243,0.24224487972162034,19683202466.76185,0.00885342191568085,0.0007465858083766833,0.6123724356957945,-0.2870422457958267,14.6396351548092,23.379691354390065,8.078262303509863,26.308780023355414,0.8082588637083743,20409.763533101854,20409.763533101854,43535.17270833333,43535.17270833333,0,0,0
2012-12-29 16:44:00.080,3.722,126.21,38626.83159814815,4.7,8.0,5.0,4.6375,0.52827377716704,2.9952262592158867,0.07569217053216079,0.055684945466270404,1.3714562586418488,6.922965670336352,0.5101486876936264,0.2816022447294293,-0.6698370971171581,-0.04789389141156786,57527555187.78529,0.02601229487374958,7.684776196487846e-05,-1.2163272811190748,12.540857118757762,164.622522806369,190.63309361470786,20.021229519331115,190.02277747938655,-1.2319207833830923,1934.288391898146,43535.17270833333,43535.17270833333,43535.17270833333,0,0,0
2013-01-30 15:34:21.620,10.663,126.825,38658.78323634259,0.0,3.0,5.5,4.633333333333334,0.2823238036375617,1.4461156446143917,0.08221306919406046,0.09745333460381114,0.6355529003462219,3.0193328561045503,0.416628791221328,0.2223820795711107,0.3778118388102021,0.7492816027434577,89678914223.34282,0.14224224204108546,0.012397705021160662,-0.9999999999999999,-0.9349544101932187,0.5353835296460681,16.321325799381288,13.67373045663426,23.96163123851531,-57.434417584438954,152.08819398147898,152.09683935184876,152.11585902777733,152.11585902777733,0,0,0
2013-04-11 16:16:01.380,20.645,122.101,38729.812168749995,4.5,3.0,6.1,5.266666666666667,0.20909684095954767,1.1951600153997943,0.04200019923703058,0.11620471964680326,0.8405699649740359,4.511857086595035,0.6787410925908061,0.30565470644377457,0.38417947437564237,0.7323836508548096,310799723105.39764,0.23588997106898943,0.0030080850072550297,-0.9999999999999999,7.410849195313975,75.8739201198665,90.92178594907607,14.112457449624923,103.31147238646572,-252.03382259827742,0.8302398148152861,43535.17270833333,43535.17270833333,43535.17270833333,0,0,0
2013-04-13 13:10:35.750,20.592,122.508,38731.683399884256,0.0,3.0,4.8,4.6,1.2552725051033073,5.990089772684739,0.41847858352885436,0.06779651486832529,1.7371779276130135,8.120704136216922,0.8014673033488849,0.14028396693850187,0.028056260029560853,0.12534692783297352,26650296079.90801,0.00017146776406035515,6.144212353327941e-06,-1.4411533842457844,7.410849195313975,87.4641194211255,96.86548066654241,11.796591499499009,93.88520207816654,11.22218757638542,4654.408943865739,43535.17270833333,43535.17270833333,43535.17270833333,0,0,0
2013-06-01 17:21:04.420,7.216,124.772,38780.85734282407,5.7,3.0,5.7,4.8999999999999995,0.31279959660676054,1.676080732192175,0.09369172803921197,0.09551392553483096,0.6681453567742341,3.3501462888488693,0.42747506772666344,0.20717766181251682,0.34167872857176906,0.6859020123657293,136163011951.84474,0.11523945883906796,0.009898375607203868,-0.9999999999999999,7.410849195313975,55.9375761454147,59.67864413813833,3.432083563050857,60.29775564255127,-80.44210798286757,43535.17270833333,43535.17270833333,43535.17270833333,43535.17270833333,1,0,0
2013-06-02 20:08:26.120,7.36,124.794,38781.973566203706,0.0,9.0,5.7,4.566666666666666,0.6379464278292319,3.444890090683081,0.1567854267498348,0.12549033256028527,0.9650988486738964,4.995023089312011,0.35882349135861125,0.19985628701496175,0.30003232182809114,0.5243404329251131,139920379024.92447,0.012194407858945407,0.0012726338013397777,-1.5359763347691506,13.466946939030386,54.1878388425148,58.84823925322863,3.0957419529770704,60.223275423594515,-0.21800425794085657,43535.17270833333,43535.17270833333,43535.17270833333,43535.17270833333,0,0,0
2013-06-03 20:54:15.920,7.208,124.807,38783.0053925926,0.0,11.0,5.7,4.663636363636363,0.4730580691062324,2.8480239635479867,0.08786283544969453,0.09981939763953235,0.8059072860060345,4.419643839265273,0.255003692484371,0.1900898446774487,-0.32045319495103985,0.21594008887992633,194680799242.65167,0.03809129981897196,0.003821889637084595,-1.7539302113940216,15.842145117751423,54.1878388425148,58.87122403528941,2.7793863320968755,59.87730368180803,-0.04097572759666237,43535.17270833333,43535.17270833333,43535.17270833333,43535.17270833333,0,0,0
2013-06-05 16:05:47.590,10.759,126.845,38784.805064699074,0.0,3.0,4.8,4.533333333333334,0.39760104559971754,2.0547373065066856,0.07947597138551347,0.08724318262606637,0.8985403073860365,4.161136515002412,0.4058970889899507,0.189521977565352,-0.36783677821431127,0.1690040604770786,27366170936.815823,0.06415002990995895,0.0020154827145070628,-0.6123724356957945,-0.9210669826523614,16.0507082832992,29.13137855746233,12.002488903896039,35.34321246397017,2.538597889847151,278.1100223379617,278.1186677083315,278.13768738426006,278.13768738426006,0,0,0
2013-06-05 19:00:14.090,7.306,124.856,38784.92620474537,0.0,12.0,5.7,4.616666666666666,0.4730580691062324,2.8480239635479867,0.08377161666017752,0.09981939763953235,0.8059072860060345,4.419643839265273,0.24312977682084108,0.18784466781451567,-0.32045319495103985,0.21594008887992633,194742398883.62238,0.03809129981897196,0.003821889637084595,-2.2031642209035764,15.951814179059156,52.7459404100372,58.36078373318506,3.1857979119852233,59.86423259148965,-1.7451798586111653,43535.17270833333,43535.17270833333,43535.17270833333,43535.17270833333,0,0,0
2013-06-07 07:38:24.890,10.804,126.989,38786.45271863426,0.0,4.0,4.8,4.425000000000001,0.5017166594399685,2.5336691301718397,0.10927537774727471,0.10386521616834572,1.1581186184086687,5.350346326803503,0.5822524969749686,0.21122798687637764,-0.24999999999999822,0.1801396145800398,27801000718.19754,0.03125000000000004,0.0003354626279025184,-0.8660254037844386,-0.32029797238724633,16.0507082832992,28.281829574796898,9.946193266164189,34.88912666191327,1.6125826063614952,279.7576762731478,279.7663216435176,279.78534131944616,279.78534131944616,0,0,0
2013-06-08 08:18:39.550,10.896,126.927,38787.48066608796,0.0,8.0,5.2,4.637499999999999,0.7920831149419056,4.270312920578814,0.2180560580085545,0.10364437649983325,0.7664020268880918,4.073679966002438,0.2041455582836639,0.11924924801366904,-0.1912434693068974,-0.11533036589589685,71195466581.53949,0.004204851427042989,0.005021042753348022,-1.8665130505147658,1.6147804621214836,16.0507082832992,30.306238795567413,10.053440789064439,34.71281364155095,1.0269198750857302,280.78562372684974,280.7942690972195,280.8132887731481,280.8132887731481,0,0,0
2013-07-25 10:51:22.980,7.386,124.836,38834.58672430555,4.5,3.0,5.2,4.833333333333334,0.5689391661997586,2.951160356985459,0.17371458582869437,0.07899762856162043,0.8985403073860382,4.430698607218231,0.43329108041193576,0.16192226323524214,0.012871863440517828,0.26900406047708003,55088451402.13732,0.019641855032959753,0.00201548271450704,1.4411533842457844,2.834482277998891,45.788093901681,54.47680901154507,7.654640841702875,54.63162892058576,10.989981139541433,43535.17270833333,43535.17270833333,43535.17270833333,43535.17270833333,0,0,0
2013-07-26 17:07:50.350,7.394,124.749,38835.848152199076,4.5,6.0,5.2,4.650000000000001,1.0224026886849922,5.282413891539126,0.40587680390397923,0.12751601907919127,0.9650988486738925,4.9165759586195685,0.36165448980695153,0.1583901069127467,0.033333333333333215,0.10562447009935028,61665189792.894325,0.0008566273454844366,0.0012726338013398116,0.0,5.902161781301538,45.788093901681,56.17624249436684,5.857966799563698,54.81788221078115,0.35650817350022107,30790.285385995372,30790.285385995372,43535.17270833333,43535.17270833333,0,0,0
2013-07-28 08:42:00.840,7.343,124.918,38837.496884722226,4.3,7.0,5.2,4.571428571428572,0.822371293513614,4.284618272416702,0.2533595950272289,0.11826352227831025,0.8515578076534338,4.360668577245784,0.27166253099546245,0.12434501015815458,-0.010077620913175878,0.07918666465860813,61859388627.62768,0.0034110345586997074,0.002788217040049443,-0.2738612787525831,6.833987119784463,45.788093901681,57.36247729345559,6.200528217604481,54.932901973775785,0.5299874295635066,43535.17270833333,43535.17270833333,43535.17270833333,43535.17270833333,0,0,0
2013-07-29 22:29:06.790,7.578,125.119,38839.071259143515,4.4,5.0,4.9,4.4,0.9595129533079612,4.593084228802808,0.3140804181811462,0.10248651699970267,1.240841376866432,5.812739175245319,0.5252568324342808,0.13445289371508815,0.11310867876462005,0.21548569896616154,30294207774.386044,0.001322699349850073,0.00018944182523289666,-1.6984155512168937,4.928286077634257,45.9226597682107,56.80591475755292,7.379559940509663,54.25175846932966,-3.3479511358652503,21295.202023032405,21295.202023032405,43535.17270833333,43535.17270833333,0,0,0
2013-08-02 20:04:57.180,7.521,127.479,38842.97114791667,0.0,3.0,4.5,4.233333333333333,1.0256360732154912,4.538816852173774,0.35153612104784393,0.07834514779044838,1.5328040537761836,6.608337469824397,0.785157280999174,0.15493269739687915,0.07463220073369392,0.18872651821070185,13343510729.228596,0.0008377062976308601,2.5210870330948685e-05,-0.6123724356957945,8.672617004934883,11.7485652416966,15.635971559949667,5.861499899026101,14.329150046230707,0.7518733742993986,25636.87316180556,25636.87316180556,25636.87316180556,25636.87316180556,0,0,0
2013-10-15 01:55:27.460,9.819,123.828,38916.21455393518,0.0,3.0,7.2,5.466666666666666,0.11918237111126963,0.7614086748465854,0.028874088719911886,0.09796765066274347,0.35695436868760444,2.0120250400763617,0.2590058939001696,0.2554680328605445,0.8113985000707187,1.563355048787134,3020070204663.209,0.4389882405334547,0.0849448187352699,-0.9999999999999999,8.672617004934883,19.934816105989,26.822107454999365,6.336169465965305,28.125058611163706,-34.98447362483633,0.07148553239676403,0.07148553239676403,0.07148553239676403,43535.17270833333,0,0,0
2013-10-15 02:36:47.690,9.923,124.032,38916.24326030093,0.0,4.0,7.2,5.324999999999999,0.1789538273003477,1.1444774242985303,0.047198968952617146,0.14484664301413333,0.40399486688674613,2.3392379189409707,0.24054826209145902,0.2610013371262762,0.8046216973180851,1.409733561796119,3020179586472.061,0.29049490393744976,0.0613783768501916,-0.9999999999999998,10.01427552475536,19.934816105989,28.183179074668573,5.845918189907942,28.126526904858643,16.211852100020803,0.10019189814920537,0.10019189814920537,0.10019189814920537,43535.17270833333,0,0,0
2013-10-15 10:07:20.450,10.054,124.227,38916.55613946759,0.0,10.0,7.2,4.85,0.18195282106246854,1.1791787087911725,0.021304172350759182,0.14784462732477013,0.496336550746574,2.9348417798368605,0.15852566970525309,0.2754751374496285,0.7193161507161596,1.2869924340200969,3020600663635.3184,0.2845388269974095,0.032433240894795407,-1.0,15.833959887352426,28.127773497511697,32.25361266940725,2.515813993251016,28.13813295566133,3.6950680888742418,0.4130710648096283,0.4130710648096283,0.4130710648096283,43535.17270833333,0,0,0
2013-10-15 19:47:49.150,9.67,123.65,38916.9592494213,0.0,11.0,7.2,5.00909090909091,0.1154325547282936,0.7666079664014319,0.007758087332851231,0.08659327552058532,0.39481316536659267,2.3935397721069225,0.0907572444526971,0.251139209602032,0.5588235294117672,1.1375381013840604,3022284195419.512,0.45050782193856703,0.06539740322986015,-0.9999999999999999,16.606797231426484,19.1053781157425,28.503513484600127,5.991905057592086,28.103640634341954,-9.022215493352903,0.8161810185192735,0.8161810185192735,0.8161810185192735,43535.17270833333,0,0,0
2013-10-16 22:19:10.840,9.938,124.061,38918.06436157408,0.0,24.0,7.2,4.7125,0.39504724871854174,2.575519328275149,0.047939313376547284,0.21152225039340009,0.7552947511360899,4.553537101273639,0.1752373429829593,0.34985916697413244,0.6804777488524607,1.1711786763718992,3022713782513.7466,0.06529174169931762,0.005421453617662299,-1.274985473881061,24.529865179292887,19.1053781157425,30.022470376173462,5.940157627904699,28.108563280896714,-1.747793295196332,1.9212931712972932,1.9212931712972932,1.9212931712972932,43535.17270833333,0,0,0
2013-10-16 23:37:29.320,9.779,123.785,38918.118742129634,0.0,26.0,7.2,4.6499999999999995,0.4699321595910516,3.0540718763013417,0.0672214705174126,0.2184964827535733,0.6681453567742341,4.128297539232513,0.13588752369730508,0.27385047949838914,0.701036662485321,1.0212583573674952,3022999412717.507,0.03892275039788411,0.009898375607203868,-1.4100479758212652,25.531493157611106,13.8944577721248,28.287981225028037,8.030870157949462,28.095335295385212,-3.9084326301963483,1.9756737268544384,1.9756737268544384,1.9756737268544384,43535.17270833333,0,0,0
2013-10-17 03:29:22.850,9.814,124.336,38918.27977835648,0.0,21.0,7.2,4.609523809523809,0.2671557758770605,1.7255334945527965,0.024240127768629206,0.20322395462218895,0.7392246500480889,4.3035233772131525,0.18559174250002672,0.42955408023388497,0.7410960557077724,1.3783280942630975,3020934353612.48,0.15795474340586899,0.006057955096172429,-1.6550318531021113,22.94558781116753,19.501050593899702,31.77147430972685,4.897113697534774,28.141301913274567,-0.9523562042561776,2.1367099537019385,2.1367099537019385,2.1367099537019385,43535.17270833333,0,0,0
2013-10-18 07:24:30.640,9.878,124.165,38919.443062962964,0.0,27.0,7.2,4.61851851851852,0.3117030068965597,2.0119702407749567,0.025832106958423768,0.2383880861311098,0.9475515968798227,5.43791859169481,0.23871712882592208,0.587480482518795,0.7452331345567051,1.4610844521804998,3021250720611.249,0.11611570926661192,0.0014366309200863827,-2.0218433340122375,26.01785101480465,6.63383216750643,29.20661853589443,8.406244113648357,28.138507379851415,-6.329647840291252,3.299994560184132,3.299994560184132,3.299994560184132,43535.17270833333,0,0,0
2013-10-18 13:22:09.390,9.618,123.624,38919.69142812501,0.0,16.0,5.5,4.574999999999999,0.9629802197106107,5.291453749865492,0.24819820063027517,0.10599605874012064,0.7119581670545108,4.0614201183343965,0.13566657099134238,0.12951640193578728,0.005127268911452987,-0.20457690672636897,120283260300.48544,0.0012913957145098457,0.007313503925535988,-2.5620504608813937,20.02855104951072,13.8944577721248,23.59410391953865,6.789488537316276,20.586605758437663,0.7282319376848235,43535.17270833333,43535.17270833333,43535.17270833333,43535.17270833333,0,0,0
2013-10-19 20:40:40.950,10.031,124.238,38920.99596006945,0.0,28.0,7.2,4.557142857142858,0.22963518558718743,1.4866524030406034,0.013730099267912842,0.1877908829604034,0.7696357907146237,4.462386256372988,0.15422945444344746,0.45917323904485957,0.7260252071599274,1.4019507016045027,3021061498741.2236,0.20468897123202867,0.004910125898792362,-1.9882004869908336,26.495282598983543,6.63383216750643,29.136111773311093,8.533414394700072,28.135754121404766,-2.298831616178086,4.852891666669166,4.852891666669166,4.852891666669166,43535.17270833333,0,0,0
2013-10-19 22:38:08.960,9.924,124.03,38921.07753425926,0.0,38.0,7.2,4.63421052631579,0.4208227834178237,2.748407587286531,0.037762996556021264,0.23387721695610159,0.8685889638065036,5.228496165568806,0.1608779685932829,0.4046117255411202,0.6689667584900931,1.1804713351923706,3023626511510.401,0.05464263699271708,0.0024787521766663602,-2.183042960561419,30.866070137195727,6.63383216750643,28.205543708365052,8.127092686757402,28.091976199190412,-0.5872706944488257,4.934465856480529,4.934465856480529,4.934465856480529,43535.17270833333,0,0,0
2013-10-20 08:05:40.850,9.768,123.68,38921.47165335648,0.0,32.0,7.2,4.612500000000001,0.5003807475813846,3.248863145597653,0.06437191790561109,0.23691858430448728,0.7130207911844441,4.408412082915316,0.1307072426399274,0.29423262390975147,0.7072179309431954,1.017274142045392,3023254685483.0063,0.03153971446465471,0.007260016812851386,-2.966865730633982,28.324648528899957,13.8944577721248,28.137688487351923,7.921315604687781,28.09500854362948,-0.05301204032235367,5.328584953698737,5.328584953698737,5.328584953698737,43535.17270833333,0,0,0
2013-10-20 23:03:18.340,9.891,124.028,38922.09500393518,0.0,46.0,7.2,4.586956521739131,0.43419722375128555,2.834459783232771,0.0349032876067216,0.24409940858519,0.9390150960070303,5.617490933888967,0.16324406465475302,0.45285282650538455,0.6719532318880272,1.2176777159641006,3023857035844.551,0.04982052832700102,0.0015238938345903876,-2.7279973459194373,33.96006057541291,6.63383216750643,28.141644331996822,7.947220733200132,28.090883916372942,-0.1369074558391287,5.951935532400967,5.951935532400967,5.951935532400967,43535.17270833333,0,0,0
2013-10-22 03:13:09.110,9.884,124.113,38923.268508217596,0.0,45.0,7.2,4.575555555555556,0.42464159166642923,2.7782776154559197,0.033918396318858034,0.2197754139347079,0.8811772096587702,5.287660921074458,0.14605511290720435,0.4108166497727838,0.657358699714103,1.1993217446896205,3024020038132.681,0.05322004347668326,0.0022723141402201503,-3.050212692314166,33.58890122814805,6.63383216750643,29.43686354834815,7.584025945947269,28.12222150016789,-0.028410041796795703,7.125439814815763,7.125439814815763,7.125439814815763,43535.17270833333,0,0,0
2013-10-24 12:53:08.320,9.901,123.773,38925.671276851856,0.0,51.0,7.2,4.535294117647059,0.5632386307723983,3.661423751985397,0.05628957973801921,0.25411508616809503,0.8213018855476961,5.050112047732981,0.11968749509747029,0.3375844465197804,0.6993383764101964,1.0510891834063596,3024504848500.001,0.020430740500974112,0.0034363258833910795,0.4239181542078527,35.7581159618744,12.6700461770315,28.457217858321503,7.575639302723346,28.10630984825342,0.10430437788918381,9.528208449075464,9.528208449075464,9.528208449075464,43535.17270833333,0,0,0
2013-10-24 16:13:53.030,9.889,124.134,38925.8106832176,0.0,48.0,7.2,4.547916666666667,0.5495388149021059,3.5684110277017074,0.05459880980009608,0.25312464159626596,0.8556249494213316,5.197701222389613,0.13235894887503058,0.3746049994237083,0.7065350600623557,1.1252575256192863,3024069002789.339,0.022458645254248663,0.002710972747190239,0.607456739230787,34.690468019739534,6.63383216750643,29.65661092572886,7.403029454132955,28.12709106067554,0.05103991169431276,9.66761481481808,9.66761481481808,9.66761481481808,43535.17270833333,0,0,0
2013-10-25 16:59:48.870,9.817,123.95,38926.84257951389,0.0,62.0,7.2,4.517741935483873,0.5926663828899869,3.8504028322546,0.053119376220295215,0.27059825981471,0.8642676256781139,5.318410781743852,0.11296108858890308,0.3558563679543215,0.7032542026779218,1.0463380743077488,3024946755054.058,0.0166725048079205,0.0025538602173790356,0.900750938803985,39.42624216722374,6.63383216750643,27.3793839072988,8.176068780470985,28.100576090732737,0.19955363343192734,10.699511111110041,10.699511111110041,10.699511111110041,43535.17270833333,0,0,0
2013-10-29 15:41:19.800,10.037,124.203,38930.78807638889,0.0,34.0,5.4,4.423529411764706,1.3668383659927716,7.282469919979156,0.25915429793245054,0.07831883880522521,1.132942126704134,6.193870439561695,0.17804900292008824,0.1190792765543375,0.07203284516402864,-0.06706693446064627,108037617641.6058,7.933866747020014e-05,0.00039918445425919067,3.416968784708996,24.453739290842904,6.63383216750643,28.712281850709047,8.006635005376584,30.12784339941166,0.5594928947384348,14.645007986109704,14.645007986109704,14.645007986109704,43535.17270833333,0,0,0
2013-10-31 10:11:43.740,9.897,124.107,38932.559186805556,0.0,24.0,5.4,4.3999999999999995,1.1379216037976159,6.071063437545579,0.23917070383233732,0.08286115263623799,0.930631032649825,5.080894686441873,0.15996993075780672,0.10077417870962983,0.064778823704148,-0.05962310323440079,98797943577.9246,0.0003856871668364114,0.0016147559818205884,2.3333333333333335,15.711242829841487,18.2088386540016,30.502013100380356,5.416088851828384,30.85647043194158,-0.01481816701036444,16.416118402776192,16.416118402776192,16.416118402776192,43535.17270833333,0,0,0
2013-11-01 07:02:47.510,9.753,123.61,38933.42798043982,0.0,13.0,5.4,4.4692307692307685,0.430042850948545,2.2469738962061467,0.042640217883265746,0.0912258648319535,0.9650988486738945,4.836994584431285,0.21475315137935563,0.2306623075918948,0.1750000000000025,0.3880837687480252,81855179091.21922,0.05127095975047722,0.0012726338013397947,1.7392527130926088,10.635882440524712,12.6700461770315,25.04428190117983,6.729600718677999,30.224307817160415,0.3568816822428265,17.28491203703743,17.28491203703743,17.28491203703743,43535.17270833333,0,0,0
2013-11-01 13:58:39.680,9.849,124.123,38933.7167787037,0.0,22.0,5.4,4.3999999999999995,1.0890240336920012,5.818665998901186,0.2367398667557453,0.08258700188217448,0.9099503430353842,4.954179160210377,0.16528439647209386,0.0947596525917847,0.05699027855722605,-0.04445001656285896,97643124581.06505,0.0005406645549796284,0.0018627259759257154,2.573070083610708,14.12078500428747,18.2088386540016,31.098614711156667,5.4436886958787705,31.12148142016982,-0.11882067852404662,17.573710300923267,17.573710300923267,17.573710300923267,43535.17270833333,0,0,0
2013-11-12 05:21:22.610,9.883,124.07,38944.35755335648,0.0,4.0,5.2,4.475,0.5336610557378366,2.6440248939139885,0.17200942191684374,0.09399454238048369,0.8272275845776234,3.910970329638456,0.41330554318586227,0.1716157026084218,0.24549776400982637,0.47219546041205795,49688197103.02236,0.025062063890107275,0.003298505755939073,1.921537845661046,1.17745868111411,28.3092005729607,31.6395685861085,2.3098089759251366,28.85699105877427,-0.34894207991717097,28.214484953699866,28.214484953699866,28.214484953699866,43535.17270833333,0,0,0
2013-11-14 18:13:55.310,9.908,124.032,38946.89404293981,0.0,4.0,5.2,4.55,0.5839940867125795,2.8976123200378145,0.17685568706921534,0.11800166903654827,1.085736204758131,5.162152051312113,0.6112948970928115,0.22641411059622144,0.23828482862033962,0.44548225555204457,50080156617.26665,0.01770181264394893,0.0005530843701478286,0.6324555320336758,1.0388192471993274,14.0260777904318,26.889248918297923,8.84175205528056,28.163608609117524,0.647718021814654,30.75097453703347,30.75097453703347,30.75097453703347,43535.17270833333,0,0,0
2013-12-24 09:57:59.130,3.411,126.891,38986.54964270833,0.0,5.0,5.4,4.660000000000001,0.6320189755459467,3.265741388941617,0.18738496266775806,0.12465322069243083,1.0218693691841223,5.098285215738101,0.4898524266683707,0.1850689634061193,0.23284281754258362,0.41082489652404686,76462461425.15947,0.012704075712673162,0.0008597890156869469,-2.5,6.50052317917223,158.30111281978,218.906540074027,36.44766748857254,234.95500602956042,0.4989702393029208,1776.682709837958,1776.682709837958,1776.682709837958,1776.682709837958,0,0,0
2013-12-31 21:32:02.670,19.169,120.077,38994.031628125,5.1,3.0,5.5,5.1000000000000005,0.5112013443424946,2.7264071698266377,0.12021033465048384,0.1425672434406158,1.7371779276130073,8.9892931000234,1.3881820900054775,0.3242703363568224,0.16666666666666785,0.3253469278329719,96253151861.4219,0.02926819682666587,6.144212353328218e-06,-1.4411533842457844,8.672617004934883,17.381859849294298,24.42709962912677,11.729967743902577,19.891265128040725,-9.75867509817671,43535.17270833333,43535.17270833333,43535.17270833333,43535.17270833333,1,0,0
2014-01-01 01:26:05.270,19.09,119.698,38994.19415821759,0.0,4.0,5.5,5.1,0.9919547586567846,5.340733569136348,0.33312529989917955,0.09554729002450382,1.240841376866435,6.558098600286851,0.521262425928895,0.1315762805108813,0.11595045285302508,0.2147969736080384,104371257671.44508,0.0010571478333421527,0.0001894418252328926,-0.9999999999999998,10.01427552475536,10.4982449478977,14.86726779848265,3.582858709200431,16.91706448827466,1.3734524365808163,21142.567190625,21142.567190625,43535.17270833333,43535.17270833333,0,0,0
2014-01-02 09:56:11.120,10.454,126.644,38995.548392592595,5.1,3.0,4.9,4.566666666666666,0.468595834311766,2.362381390925563,0.12139620214927002,0.08684467055974965,0.8405699649740359,3.9234581111132094,0.3906213609673927,0.17157729395779564,-0.14140501887992496,0.2323836508548105,31194309216.753773,0.039283710065919186,0.0030080850072550297,-0.6123724356957945,2.299312497411129,14.951032449721701,20.409929845501768,7.333749040623904,17.15787628546317,0.46855418710412955,20779.462026851856,20779.462026851856,43535.17270833333,43535.17270833333,1,0,0
2014-01-02 16:00:34.840,18.953,120.276,38995.80144490741,4.9,6.0,5.5,5.033333333333334,0.6020599913279637,3.2511239531710032,0.08520204998083358,0.09519404303287904,1.7371779276130135,9.16063742649035,0.7093476157927877,0.18501257891188982,0.10000000000000142,0.22671320486001445,110520343484.51106,0.01562499999999986,6.144212353327941e-06,-1.4411533842457844,12.264932589646444,10.4982449478977,19.13648556933355,9.686273735194337,18.44744861290691,-11.958390760938508,43535.17270833333,43535.17270833333,43535.17270833333,43535.17270833333,0,0,0
2014-01-02 19:02:25.680,19.181,120.416,38995.92772777777,4.9,7.0,5.5,5.0,0.9396275030257871,5.062736265949323,0.18800347707630766,0.11210386476092919,1.7371779276130073,9.1630108927847,0.6426034405356705,0.17522358071049707,0.11197522460091136,0.22534692783297228,112477829620.66138,0.0015174608349342966,6.144212353328218e-06,-1.732050807568877,13.247641299491772,10.4982449478977,21.619506804712785,11.015640861142515,19.31375418883905,2.545009844766425,43535.17270833333,43535.17270833333,43535.17270833333,43535.17270833333,0,0,0
2014-01-03 10:24:32.680,19.315,120.111,38996.56808657407,4.3,9.0,5.5,4.977777777777778,0.6020599913279637,3.2511239531710032,0.06021132984121694,0.09519404303287904,1.7371779276130135,9.16063742649035,0.5012879769464262,0.18700670675770636,0.10000000000000142,0.22671320486001445,118205960307.37936,0.01562499999999986,6.144212353327941e-06,-1.9958974315773466,15.021413287133042,10.4982449478977,22.8570411309172,10.28193958733783,20.25305989649774,2.700220824816879,43535.17270833333,43535.17270833333,43535.17270833333,43535.17270833333,0,0,0
2014-01-06 13:47:43.290,18.99,120.166,38999.70918159722,0.0,10.0,5.5,4.97,0.6020599913279637,3.2511239531710032,0.054243612539710974,0.09519404303287904,1.7371779276130135,9.16063742649035,0.4516038902313661,0.19949994520320286,0.10000000000000142,0.22671320486001445,120968353300.34607,0.01562499999999986,6.144212353327941e-06,-1.9867985355975657,15.833959887352426,2.27555896642903,20.798892914468382,11.676110086172384,19.24121054290917,-0.6137243328921077,43535.17270833333,43535.17270833333,43535.17270833333,43535.17270833333,0,0,0
2014-01-26 03:34:37.820,11.094,124.614,39019.28342384259,4.9,3.0,5.0,4.366666666666666,0.32633875056856765,1.5392654003207034,0.07788692719816588,0.12085936312260563,1.042306756567806,4.646348280990886,0.7945447886166821,0.29237692915383134,0.28322824782867606,0.542244879721621,32246507735.176563,0.10495031545278602,0.0007465858083766711,-0.9999999999999999,8.672617004934883,4.94580878122363,7.483326557280054,3.6257914559821294,11.200080295061188,28.60014866215226,24339.36585439815,24339.36585439815,43535.17270833333,43535.17270833333,0,0,0
2014-03-05 16:20:27.320,20.186,120.286,39057.81524675926,4.3,3.0,4.9,4.766666666666667,1.4313637641589874,7.068773191267094,0.4155809566599094,0.07137846678465129,2.0044360703226998,9.69752717820408,0.8149669936305581,0.16334925330409703,-0.0384882922619072,0.0619673374552443,35885308303.59527,5.08052634252909e-05,9.698214581498479e-07,-0.6123724356957945,7.410849195313975,39.9754560323069,44.55383606850456,3.9848284273522068,43.581693944237855,0.32408639905676123,18535.45945972222,43535.17270833333,43535.17270833333,43535.17270833333,0,0,0
2014-05-30 16:01:00.500,9.403,126.956,39143.80174189814,5.5,3.0,5.6,4.933333333333333,0.37449793747821813,2.016857735424575,0.12117340230244286,0.07839884009539388,0.6355529003462228,3.2099987262084206,0.3489890910662465,0.16397333769661376,0.21450242154703147,0.5492816027434584,112864041579.09377,0.07524994512546763,0.012397705021160586,-0.9999999999999999,6.539149811747721,20.413082702234398,26.0346236995661,6.119492118667385,20.91955660347673,253.625901464389,6456.273831018505,43535.17270833333,43535.17270833333,43535.17270833333,1,0,0
2014-05-30 17:06:15.200,9.381,126.663,39143.84705092592,5.5,8.0,5.6,4.75,0.6842962795654175,3.727453123474397,0.17743691338800122,0.09756609539998737,1.240841376866435,6.557244001365195,0.5834291853421698,0.3178627866686945,0.152866594800682,0.3154856989661612,122650698455.47342,0.008853421915680669,0.0001894418252328926,-0.9999999999999998,11.897021792832335,12.435338014330501,22.74305326859345,5.915619648797111,21.383431008720173,-140.31254942314126,573.9504861111054,573.9504861111054,22717.2563449074,22717.2563449074,1,0,0
2014-05-30 20:37:52.560,9.763,126.554,39143.994011111114,5.5,3.0,4.7,4.533333333333332,0.9542425094393282,4.570133540819298,0.2517072799493628,0.08283624741336035,1.5328040537761882,7.068178685957272,0.6494586987710497,0.16736048491054628,-0.08927892607143573,0.0887265182107031,23106347818.180786,0.0013717421124828221,2.521087033094786e-05,-0.9999999999999999,5.375620014486486,31.8493840063406,35.302265395649464,5.3826640934943715,35.428486504803715,12.360643615021708,6080.338750694449,6080.338750694449,22717.403305092594,22717.403305092594,1,0,0
2014-05-31 18:13:48.440,9.478,126.961,39144.89396342593,5.5,16.0,5.6,4.606249999999999,0.9739864632074302,5.298069088678969,0.24105466606954104,0.13920902680008676,1.7371779276130135,9.211141849639786,0.7668286065183159,0.5071639045459179,0.16042841577908273,0.2976405218914753,131551496602.82901,0.0011968524423707305,6.144212353327941e-06,-1.3333333333333333,19.382110612207818,12.435338014330501,26.495169906113134,8.24419294852271,23.0091318298491,16.74079072777736,6457.366052546295,43535.17270833333,43535.17270833333,43535.17270833333,1,0,0
2014-05-31 18:33:08.180,9.343,126.733,39144.90738634259,5.5,17.0,5.6,4.570588235294117,0.9892378455252113,5.39875249936701,0.2469846611418906,0.1237305602478671,0.7380167666329773,4.213613772165342,0.13746780352479673,0.16303145930443871,0.14251318448024364,-0.10937404496775027,131611721325.90857,0.0010771754912116396,0.006108712698214868,-1.3128815832701213,18.400674203203266,12.435338014330501,26.782013390863977,8.069544205055216,23.028406824936127,10.993544791149688,575.0108215277724,575.0108215277724,22718.316680324067,22718.316680324067,1,0,0
2014-06-01 19:21:21.490,9.445,127.136,39145.940873726846,5.0,30.0,5.6,4.506666666666666,1.161348386526438,6.377223592136956,0.2484039272600387,0.1688538062939908,0.7360923422089015,4.392617832941368,0.09979252586383118,0.25664228576900916,0.10877646525082607,-0.3674820413968556,146839777541.76962,0.00032806117829998945,0.006190460736207604,-2.085144140570747,26.943384848739353,12.0933932533445,27.23283799089058,7.282626548763427,24.696992345061197,2.8748868140787995,43535.17270833333,43535.17270833333,43535.17270833333,43535.17270833333,1,0,0
2014-06-02 01:04:06.110,9.499,126.818,39146.17889016204,4.8,37.0,5.6,4.54054054054054,1.0611157875636346,6.047524119010541,0.18919572184104957,0.12202359279404904,0.7238241365054201,4.455034721293583,0.08803429311141467,0.19064371714738987,-0.0992122724852722,-0.5548579228128885,178011387752.9051,0.0006556206700437078,0.006737946999085445,-1.9106717841289922,29.198092698258854,12.0933932533445,29.409225010596618,8.264076229157428,29.864419417248506,3.63692295709262,6418.488114699074,6418.488114699074,22719.58818414352,22719.58818414352,0,0,0
2014-06-04 13:53:30.740,9.383,126.872,39148.713203009254,4.8,37.0,5.6,4.548648648648649,1.0602861503951175,6.052402012777816,0.1913190024659396,0.13276563120688575,0.7101670773260715,4.397675072740318,0.08582879207268633,0.20089087848242274,-0.1082722532236966,-0.5924513444054469,179999030606.84082,0.0006593887736148049,0.007404551669730757,-1.7822272881786254,29.198092698258854,12.0933932533445,29.324526201147425,8.216172266017047,29.882395350321595,3.707223116395641,6461.1852921296195,22722.122496990734,22722.122496990734,22722.122496990734,0,0,0
2014-06-05 10:23:07.470,9.595,127.055,39149.56710034722,4.8,36.0,5.6,4.530555555555555,1.2498921104447878,6.882128401927427,0.2556083371563439,0.19359363378686675,0.7311354914196154,4.4687090726344225,0.08746326676392935,0.30883091161396026,0.0938220311844784,-0.5120122399717131,157040107760.28543,0.00017796052105755703,0.006406097226458343,-2.017722525146031,29.601228660863697,12.0933932533445,28.5000253198749,7.749157470866285,25.813605272655018,1.4048212594700402,6462.039189467589,43535.17270833333,43535.17270833333,43535.17270833333,0,0,0
2014-06-06 05:03:05.290,9.198,126.802,39150.34485289352,4.8,37.0,5.6,4.564864864864864,1.0790599171424273,6.15271449250399,0.19558170794134014,0.13287574679216324,0.712823769689228,4.425223596853745,0.0853495940269844,0.2077216854775262,-0.10192108404660605,-0.608019127621156,180732027710.9869,0.0005791889245937614,0.0072699042502376654,-1.9411053315719065,28.069772541029852,12.0933932533445,28.76591089742373,7.802744931232209,29.786504419827384,1.0906698937250088,580.4482880787036,580.4482880787036,22723.754146875,22723.754146875,0,0,0
2014-06-06 14:41:29.200,9.331,127.366,39150.746518518514,4.8,20.0,5.6,4.54,1.0085721824637697,5.537067189782922,0.2432569328195929,0.1400513924861616,0.6603307911979273,3.887332675338131,0.10427359647180369,0.20400810337845973,0.10999414215766645,-0.28694746202277877,136931472090.60669,0.0009425045437972961,0.01044738565138293,-2.034190510862431,21.809359409176462,12.0933932533445,25.332539438564908,7.45742221419458,23.26972801756177,2.0209808151365896,43535.17270833333,43535.17270833333,43535.17270833333,43535.17270833333,0,0,0
2014-06-07 19:20:37.510,9.563,126.656,39151.940364699076,4.8,34.0,5.6,4.602941176470589,1.2448405192899763,6.996312571025187,0.25514182312982936,0.10672114913835301,0.9430394464184901,5.522431109836035,0.14642456443033677,0.15331822637516934,-0.020248106171621316,-0.25599163514243983,177063232352.25693,0.0001842801012214124,0.0014821141744508011,0.5174769818825207,27.889226052526627,12.435338014330501,29.789635482657403,7.451392847427898,29.87594890913965,-0.20238698605652425,582.0437998842608,582.0437998842608,22725.349658680556,22725.349658680556,0,0,0
2014-06-08 05:35:32.580,9.578,127.005,39152.36739097222,4.4,43.0,5.6,4.5162790697674415,1.106989365651119,6.298425779880098,0.1863936225898667,0.1256232244526266,0.7619201436899151,4.677185858217306,0.08830047963355446,0.1979624306366204,-0.08968950860285307,-0.5386825075474295,181559059665.94144,0.00047756435399811363,0.005178924370597765,0.9155519068396107,32.428631889753945,12.0933932533445,29.13077371553149,8.403360026908931,29.861032685723895,0.17219133840680947,6424.6766155092555,6424.6766155092555,43535.17270833333,43535.17270833333,0,0,0
2014-06-10 20:02:07.720,9.363,127.244,39154.969186574075,4.4,29.0,5.6,4.544827586206897,1.1885309103360568,6.519214128087575,0.2577831270258465,0.1675428706448571,0.7004749708116974,4.243024873073111,0.0895403461989301,0.28060643931183576,0.11489728084205275,-0.45735400960347317,147122151695.29593,0.000271898786300521,0.007917263287169669,1.9117259564583742,26.47458612494336,12.0933932533445,26.52859649319544,7.493181359501995,24.362912269524923,1.333068001744824,43535.17270833333,43535.17270833333,43535.17270833333,43535.17270833333,0,0,0
2014-06-10 20:44:20.050,9.591,127.091,39154.99849594907,4.4,41.0,5.6,4.497560975609756,1.2795578707746627,7.039994024524505,0.24654483330338775,0.1921468290316535,0.7795029162366074,4.7210702795359705,0.09149798481915632,0.30372164819177067,0.09810423950392178,-0.45651394138332524,158633404114.52686,0.00014498610661149795,0.004586604061523277,1.697475456347215,31.646526671151264,12.0933932533445,28.467880217324524,7.764542298999065,25.843225561102866,0.45562923142130696,6467.470585069434,43535.17270833333,43535.17270833333,43535.17270833333,0,0,0
2014-06-15 01:28:21.320,9.251,126.846,39159.19573287037,0.0,13.0,5.1,4.438461538461538,1.0714285714285705,5.56889589043422,0.2649403930779264,0.07118364638199053,1.1737688700087883,5.980929919375566,0.31797055435399557,0.10763501770695853,-0.09763616440527656,0.004507972399382609,60863826777.0966,0.0006105402296585363,0.00030108796056705354,1.4,8.504291395649673,12.0933932533445,27.104855169874913,7.251365343505595,29.452062390220455,0.3436153055809056,589.299168055557,589.299168055557,22732.605026851852,22732.605026851852,0,0,0
2014-07-14 19:20:56.070,5.384,126.778,39188.94057951389,4.2,3.0,6.1,5.0,0.22485328017982525,1.280345029257913,0.07073382652993548,0.07988451425528635,0.41361379228881134,2.131576423874908,0.23934189348969379,0.17974185892340677,0.4058645698476635,0.9464570968984845,310122235549.2679,0.21156321565725578,0.0574326192676173,-0.9999999999999999,4.607707969367495,76.0999837573917,91.4027630760108,15.561222096006457,76.59532176377154,8.240488788283203,0.4728710648196284,5794.446785532404,5794.446785532404,43535.17270833333,0,0,0
2014-07-27 19:02:49.820,4.974,126.898,39201.92800717593,4.7,4.0,4.9,4.35,0.6950096161190971,3.2910199150339383,0.22450027639586956,0.08852590533408583,1.085736204758131,4.945004810360486,0.5478780393986503,0.1726605444451044,0.164785063822789,0.3454822555520449,27994768908.3634,0.008221880336373317,0.0005530843701478286,0.0,5.9546515815684335,86.0382912445921,100.41938630581853,9.740686430138368,105.52775709728559,0.6312232995958887,1702.036468055565,43535.17270833333,43535.17270833333,43535.17270833333,0,0,0
2014-07-28 05:27:54.000,5.298,126.47,39202.36208333333,4.7,4.0,6.1,4.775,0.258559928349403,1.464246784135371,0.07463816562969446,0.09004362685475367,0.5264175538221233,2.7077302066164557,0.3093849939030787,0.22550698243815187,0.4369152618395207,0.9563071520760893,310160908741.3596,0.1676178303948264,0.026347980814448748,0.9999999999999998,5.0564020833731655,76.0999837573917,90.06164511815612,12.98571567486165,76.6046018047085,-8.224275655053754,13.894374884264835,5807.868289351849,5807.868289351849,43535.17270833333,0,0,0
2014-08-03 13:43:21.840,5.355,126.791,39208.706155555556,4.1,4.0,4.4,4.175000000000001,1.6812412373755803,7.337255445319758,0.5551384482718156,0.06535701756106518,1.9301976973477812,8.322850780719087,0.7317198318144539,0.1016085271272564,0.035810446350208025,0.08808376874802448,12622259849.25376,9.042245370370809e-06,1.619596792312662e-06,0.0,4.819094914515003,89.9975943502438,98.51722911026735,7.039762151880869,99.35341916712073,-4.292880169873252,20.238447106487,5814.212361574071,5814.212361574071,43535.17270833333,0,0,0
2014-08-03 14:17:19.690,4.788,127.089,39208.72974178241,4.2,3.0,4.4,4.2,1.2552725051033002,5.487980770643385,0.4184785835288506,0.06779651486832566,1.7371779276130073,7.425832965171692,0.8014673033488809,0.14028396693850106,0.028056260029560853,0.12534692783297263,11633276172.76789,0.00017146776406036355,6.144212353328218e-06,0.6123724356957945,5.375620014486486,95.64222121317461,101.35710736360853,5.0939106558498395,101.24774558209897,-3.2831308199206637,1876.3747686342613,28613.505436226853,28613.505436226853,28613.505436226853,0,0,0
2014-08-05 03:02:05.890,5.485,126.522,39210.26083206019,4.1,3.0,4.7,4.333333333333333,0.7262227698167681,3.3065446515343013,0.22512677568207257,0.11838434572598891,1.5328040537761836,6.761617875202015,1.0029071068146294,0.22406776503093065,0.1469278726022747,0.2887265182107024,18673491504.800747,0.006627224619061205,2.5210870330948685e-05,0.6123724356957945,3.427505006446984,67.79042161941321,81.47298740646023,11.968418222381613,84.38618914281003,1.6194814611212323,21.793123611118062,5815.767038078702,5815.767038078702,43535.17270833333,0,0,0
2014-08-05 06:00:42.080,4.943,126.584,39210.38486203703,4.1,5.0,4.4,4.160000000000001,,,,,,,,,,,13539193952.827433,,,2.4999999999999996,6.50052317917223,86.0776448559954,96.02931225941296,8.25332294594831,97.44017083329189,-5.053750505712395,1710.4933229166709,43535.17270833333,43535.17270833333,43535.17270833333,0,0,0
2014-08-06 06:45:37.310,5.379,126.9,39211.416056828704,4.8,5.0,4.7,4.32,0.9030899869919422,4.1843169397293325,0.20028218273175571,0.09519404303287937,2.171472409516257,9.855508597535513,1.157947562738816,0.2667984857506774,0.06666666666666643,0.16137056388801074,21637547632.92607,0.0019531250000000178,3.0590232050183034e-07,0.40824829046386296,6.50052317917223,86.63094624972369,92.90827209066651,6.532198725000017,91.15362562482483,-1.1401583130911463,2731.7501075231485,5816.92226284722,5816.92226284722,43535.17270833333,0,0,0
2014-08-07 03:27:53.600,5.324,126.532,39212.27874537037,4.8,7.0,4.7,4.242857142857142,0.9030899869919468,4.244522938862149,0.1824057913167305,0.08244045955542247,1.240841376866435,5.636647916189652,0.34435714830151737,0.171066598520458,8.881784197001252e-16,0.15739848680401902,23203823315.658234,0.0019531249999999577,0.0001894418252328926,-1.0606601717798212,7.256861376451739,75.34461676208609,89.58107396590306,15.196596103541882,94.18042754663242,0.018819985242878708,23.81103692130273,5817.784951388887,5817.784951388887,43535.17270833333,0,0,0
2014-08-19 17:12:13.600,5.258,126.511,39224.85119907407,0.0,3.0,4.1,4.066666666666666,,,,,3.7225241305993144,15.36721777711692,1.0623842525552167,0.19616115400424933,,-0.02817143367794639,7989091957.47558,,6.79872708748768e-12,1.4411533842457844,2.834482277998891,75.34461676208609,82.88816587134197,10.778299260270146,83.40596038448032,22.40716755557999,36.383490625004924,5830.357405092589,5830.357405092589,43535.17270833333,0,0,0
2014-09-20 04:26:09.940,6.747,124.979,39256.319212268514,0.0,3.0,5.0,4.533333333333333,0.46317056677946744,2.2918403894806527,0.1433822146709598,0.07837604981463453,0.7445048261198607,3.4551405591991053,0.3704660476877737,0.1626410574170627,0.05184363199857156,0.35914283161026983,34733197430.13792,0.040783857403412754,0.005840977343195231,-0.9999999999999999,6.539149811747721,9.91054166371502,11.18804963750874,1.3876637901409303,10.189639708397602,10.160036321035982,23884.126828009255,23884.126828009255,23884.126828009255,43535.17270833333,0,0,0
2014-10-22 02:30:29.160,6.73,125.006,39288.23887916667,4.1,3.0,5.0,4.466666666666667,0.4905369300216478,2.360256297586104,0.16082619792674452,0.08274702250559432,0.8405699649740359,3.8394011146158062,0.4722381981451846,0.17453659966671242,0.18842282173955027,0.4323836508548098,33151550627.90995,0.033758971732029276,0.0030080850072550297,-2.1213203435596424,3.817433980804671,3.92296510651057,10.77263496103429,7.726068273255887,5.724270126783601,-2.151161212585752,31.919666898153082,23916.04649490741,23916.04649490741,43535.17270833333,0,0,0
2014-10-29 06:20:23.120,6.905,124.962,39295.39853148148,0.0,5.0,5.0,4.54,,,,,,,,,,,46410983575.233955,,,1.299038105676658,5.948525409849168,3.92296510651057,9.285086645775822,5.84710443848719,6.116518593823904,-1.9090412718381882,39.07931921296404,23923.20614722222,23923.20614722222,43535.17270833333,0,0,0
2014-11-10 04:41:15.190,10.029,126.837,39307.32968969907,0.0,3.0,5.0,4.566666666666666,0.5767855668282786,2.7793217920494517,0.16725132910304352,0.12121265910605336,1.3714562586418488,6.374383166879612,0.9455940494198064,0.24164515894776803,0.1813603670202184,0.3521061085884325,33736189240.873512,0.018605583705399074,7.684776196487846e-05,0.9999999999999999,4.308100197271101,14.931028324733301,18.879516570025032,3.5420444250296415,15.951203690504604,65.53742391283983,6579.638914236108,6579.638914236108,43535.17270833333,43535.17270833333,0,0,0
2014-11-17 14:27:42.090,19.567,120.538,39314.73694548611,5.1,3.0,5.2,4.666666666666667,0.43612075866614763,2.218236630189548,0.13910437691372762,0.07682079753864314,0.7042613220052727,3.3645926749412802,0.36273958574537923,0.15649517086438647,0.11371005366974973,0.42252242198799905,51022143548.3715,0.049162926155888825,0.00771287040082566,-0.9999999999999999,5.375620014486486,38.1316844800947,41.29941224615583,4.483846461780017,38.464991953612866,110.04107829860622,43535.17270833333,43535.17270833333,43535.17270833333,43535.17270833333,1,0,0
2014-12-30 14:13:25.790,8.667,121.43,39357.72703460648,0.0,3.0,6.1,4.7,0.05657564285213373,0.30739432616326007,0.0051532934162528245,0.09485680735400003,0.5790593092043358,2.7933584915370058,0.539848590557686,0.3853530636288349,0.6666666666666634,1.2760407834989174,309080825134.7746,0.6765082099169335,0.018315638888734182,-1.4411533842457844,8.672617004934883,39.3898068465455,42.39495185059043,3.823278954404856,46.68916357792538,-3.161025288613874,1.197092939815775,43535.17270833333,43535.17270833333,43535.17270833333,0,0,0
2014-12-30 19:09:02.710,9.834,126.523,39357.93232303241,4.6,3.0,5.2,4.933333333333334,0.9542425094393263,4.866636798140561,0.2792441551584595,0.15087898849914927,2.3688789921995523,11.847740417277514,1.7208868884365407,0.279172317198039,0.1000000000000032,0.19858774707751348,56248549467.94726,0.0013717421124828388,7.822814343740164e-08,-0.9999999999999999,2.834482277998891,42.4099740945806,49.3264822477604,8.322549340815344,48.170237678232276,-56.44579856586519,6294.2770626157435,6294.2770626157435,22931.341617013888,22931.341617013888,0,0,0
2015-01-01 16:41:49.920,8.716,121.436,39359.83009166667,0.0,4.0,6.1,4.55,0.10368622097968846,0.5646649608106971,0.012788859657517403,0.12360174860496408,0.7238241365054201,3.497356537349643,0.623240763644673,0.4678963368806221,0.6540983606557358,1.2682233833280652,309119628615.17346,0.48858635839456854,0.006737946999085445,-1.5491933384829666,10.01427552475536,39.3898068465455,44.459684909209045,5.176626802807059,46.69311874318212,5.28238279711438,3.300150000002759,43535.17270833333,43535.17270833333,43535.17270833333,0,0,0
2015-03-05 12:11:34.300,9.811,126.602,39422.642410879635,0.0,3.0,4.5,4.2,0.9396275030257853,4.123108762923527,0.3101899115637147,0.11210386476092922,1.7371779276130073,7.425832965171692,1.0602415843053512,0.20948738738186432,0.11197522460091225,0.22534692783297228,12873608751.792267,0.0015174608349343153,6.144212353328218e-06,-1.4411533842457844,1.8251671638682199,42.0506680562934,47.916966596458,8.339715732437401,45.031944345013436,-2.211429725805026,6358.98715046297,6358.98715046297,22996.051704861115,22996.051704861115,0,0,0
2015-06-03 18:56:34.490,10.811,126.298,39512.9236630787,5.0,3.0,4.1,4.066666666666666,,,,,3.7225241305993144,15.36721777711692,1.0623842525552167,0.19616115400424933,,-0.02817143367794639,7989091957.47558,,6.79872708748768e-12,-0.9999999999999999,7.410849195313975,17.5999031177107,20.380960130479036,2.6467482493891525,20.680899453168152,9.485455926021173,21296.83729733796,21296.83729733796,43535.17270833333,43535.17270833333,1,0,0
2015-06-03 19:56:45.940,10.952,126.611,39512.96546226851,5.0,4.0,4.1,4.05,,,,,4.3429448190325335,17.973839267458096,1.2522926614826297,0.13326448623926973,,-0.03862943611198855,8926058605.54431,,9.357622968839192e-14,-0.9999999999999998,8.01355519627422,17.5999031177107,22.971390177823,5.613510088868303,22.766210185246337,26.492779607730576,1006.298084953698,1006.298084953698,1006.298084953698,1006.298084953698,1,0,0
2015-06-07 15:45:22.930,10.956,126.674,39516.79089039352,4.4,6.0,4.1,4.05,,,,,,,,,,,10932144498.881155,,,-1.5491933384829666,11.27963597824045,17.5999031177107,21.335807682718016,5.035235173921641,21.184382200637266,3.4782286273987824,1010.1235130787027,1010.1235130787027,1010.1235130787027,1010.1235130787027,0,0,0
2015-07-15 04:37:23.610,10.017,126.116,39554.327009374996,4.0,3.0,6.1,5.166666666666667,0.26545914274351373,1.5322486591100353,0.08439114311284036,0.07914550902973166,0.4737757984399109,2.5143571880112794,0.26881112525367024,0.17117279442255798,0.32793035766527723,0.7929387353875654,311557015549.2662,0.1598168519598119,0.037902914400958554,-0.4472135954999578,3.427505006446984,61.746685070271994,64.33251910095693,3.7781842819421794,68.46886628116953,-1.2136847321954916,11.912508217596042,6490.671748958332,43535.17270833333,43535.17270833333,0,0,0
2015-07-17 17:47:06.620,9.189,126.814,39556.8754238426,4.2,3.0,5.0,4.3999999999999995,0.26024795711981485,1.2318403303671244,0.04673300943767555,0.12867003372411437,1.240841376866435,5.564570899872046,1.0623842525552156,0.33526434586387827,0.26666666666666394,0.5154856989661623,32372467597.95101,0.16567467550414816,0.0001894418252328926,-0.9999999999999999,8.672617004934883,4.76913550849285,6.054809312743942,2.150691243290725,4.927293050646996,-7.721415638694555,986.9788590277822,986.9788590277822,23130.284717824077,23130.284717824077,0,0,0
2015-07-20 06:15:50.940,9.22,126.887,39559.395381250004,0.0,4.0,5.0,4.5,0.4561060540363356,2.346209541962911,0.11221240082929515,0.10064694326833332,0.9650988486738925,4.558965270890921,0.5024036383075863,0.2050953728208431,-0.1440000000000019,0.2761675374960495,38529112248.02046,0.04282346827250373,0.0012726338013398116,-1.3333333333333333,10.01427552475536,4.76913550849285,9.422569196189308,6.960666281289986,9.527418553205495,8.132521522091132,6877.087058333334,43535.17270833333,43535.17270833333,43535.17270833333,0,0,0
2015-08-30 20:31:43.180,9.234,126.71,39600.98973587963,4.0,3.0,4.3,4.2,2.3856062735982984,10.278930099240732,0.7557266632048305,0.03606670660650789,2.895296546021672,12.347837093408517,1.113149032428996,0.18893301937488385,-0.008728650238096769,0.03520815669978283,10735465618.82471,6.969171937626306e-08,2.061153622438658e-09,-1.4411533842457844,4.95782220511194,35.036607713753504,43.74017825263644,9.304244053291129,44.40894616697094,-4.041072024818465,1031.0931710648147,1031.0931710648147,23174.39902986111,23174.39902986111,0,0,0
2016-01-13 03:05:33.720,3.223,126.905,39736.263237499996,0.0,4.0,4.8,4.725,1.505149978319891,7.534275312007352,0.24943828579631763,0.014766461302362232,2.48168275373287,12.017800658499164,0.6781036548332128,0.19571889926134145,-0.20566416671474386,-0.04260151319598027,36769292712.66071,3.0517578125003185e-05,3.588820514756982e-08,-1.5491933384829668,8.01355519627422,191.41733474015402,208.70056512384025,16.279901353273544,207.0936657049003,-14.548892874872728,3574.2436957175887,43535.17270833333,43535.17270833333,43535.17270833333,0,0,0
2016-05-18 18:13:15.740,5.44,126.575,39862.89358495371,4.2,3.0,4.9,4.366666666666667,0.47917886305725543,2.2402640652095487,0.1440918071411597,0.10697319305497387,1.0423067565678037,4.646348280990877,0.6817656070974014,0.22712642458172724,0.22478529850790352,0.4422448797216205,26699254398.001774,0.036514336274690216,0.0007465858083766833,-0.9999999999999999,3.6122809875741004,90.69542822092241,93.90735070222955,5.196251922822895,91.43639114793058,20.887144404239805,674.4258765046397,6468.399790972224,6468.399790972224,43535.17270833333,0,0,0
2016-09-24 08:49:03.890,6.622,126.666,39991.501781134255,0.0,3.0,6.5,5.233333333333333,0.185718217458453,1.1021523407410179,0.05208725339515728,0.09430009113038602,0.4416554053253408,2.376239497618628,0.2945706982360833,0.22151904449012472,0.5654591896049173,1.119697916143025,708451043589.2303,0.2772332700475753,0.047318806710871575,-0.9999999999999999,4.95782220511194,6.93404105994251,16.70780066553967,8.74723543773831,7.007105268648607,18.836123074393015,0.4138299768528668,0.4138299768528668,5745.0777417824065,33765.684767245366,0,0,0
2016-09-28 04:01:46.210,6.617,126.655,39995.302270949076,0.0,4.0,6.5,5.0,0.1992985149158768,1.1809180659940761,0.04746984822811875,0.10704031421173893,0.5790593092043358,3.092015020906606,0.4007336516744402,0.30667999175848204,0.5746268656716413,1.160279229160082,708489827202.9431,0.25240877857711336,0.018315638888734182,-1.5491933384829666,6.34332552232842,6.93404105994251,18.320282545411303,7.836441142964114,7.015159616261635,20.342153959095494,4.2143197916739155,4.2143197916739155,5748.878231597228,33769.48525706019,0,0,0
2016-12-23 18:16:58.320,9.979,126.372,40081.896161111115,4.3,3.0,5.3,4.933333333333334,0.5689391661997584,3.008054273605435,0.17371458582869426,0.0789976285616204,0.8985403073860382,4.520552637956834,0.43329108041193576,0.16192226323524225,0.012871863440515163,0.26900406047708003,67773601392.46507,0.019641855032959774,0.00201548271450704,-0.44721359549995787,3.259718258647996,49.6375298961566,53.02420279125334,2.984048796485764,53.08298288039165,0.5874487098259392,539.4816599537153,7018.240900694451,43535.17270833333,43535.17270833333,0,0,0
2016-12-25 00:11:52.370,10.009,126.413,40083.14262002314,4.2,5.0,5.3,4.7,0.645064276422816,3.3973385224934964,0.18900187921099817,0.08045365049404726,0.8685889638065036,4.383398125554549,0.3426799962370759,0.13579872049078964,0.03333333333333499,0.25342640972002695,68959853482.74144,0.011609330383882474,0.0024787521766663602,-0.9486832980505137,5.948525409849168,49.6375298961566,55.0143626220844,3.6035486818326765,53.32225332499871,0.7843262108979107,540.7281188657435,7019.487359606479,43535.17270833333,43535.17270833333,0,0,0
2016-12-31 21:57:35.310,10.071,126.46,40090.04936701389,0.0,5.0,5.3,4.5600000000000005,-0.0,0.0,0.0,0.0,,,,,,,61728562916.58595,1.0,,0.9486832980505137,5.948525409849168,50.9721786270928,55.281292368271636,3.123096069972561,54.36705234114541,-3.3180860550668325,547.6348658564893,7026.394106597225,43535.17270833333,43535.17270833333,0,0,0
2017-02-12 03:01:30.280,9.731,125.335,40132.26041990741,0.0,3.0,6.7,5.5,0.07533493495573643,0.4620542677285166,0.007831986346203352,0.10091632488809604,0.6681453567742341,3.75103350291341,0.6160571405349766,0.3807938681847029,0.5666666666666691,1.0859020123657288,1072135722934.7902,0.5942855836319414,0.009898375607203868,-1.4411533842457844,6.539149811747721,4.48709257189643,7.787969776745946,2.8977909739798666,4.506772386789914,6.214533034022209,1.5401415509331855,1.5401415509331855,24999.143521759266,43535.17270833333,0,0,0
2017-02-13 20:03:59.700,9.691,125.382,40133.970482638884,0.0,5.0,6.7,4.959999999999999,-0.0,0.0,0.0,0.0,,,,,,,1072163842203.0332,1.0,,-1.9867985355975657,8.639623028847156,4.48709257189643,9.849574471920308,3.514929455409229,4.509291753972421,3.971507514117153,3.2502042824053206,3.2502042824053206,25000.85358449074,43535.17270833333,0,0,0
2017-02-15 00:35:36.560,9.855,125.517,40135.1591037037,0.0,6.0,6.7,4.966666666666666,-0.0,0.0,0.0,0.0,,,,,,,1072630087461.457,1.0,,-2.520504151250418,9.814560628250268,4.48709257189643,9.44339671648409,3.297524143242921,4.5174163417441004,1.0322333961894938,4.4388253472207,4.4388253472207,25002.042205555554,43535.17270833333,0,0,0
2017-02-17 09:18:26.100,9.705,125.33,40137.52217708333,0.0,8.0,6.7,4.7250000000000005,0.31394413346120936,1.9115501404134263,0.07267101574291747,0.1586546368349563,0.4386812948517698,2.5414314427134523,0.141890957665447,0.18623605694028025,0.6111773826166571,0.906656466690241,1072644863126.385,0.1143319470800449,0.04830099924173003,-2.8284271247461903,12.540857118757762,4.48709257189643,9.425759767673737,3.034415572153672,4.518275559063555,0.27056367449240193,6.801898726851505,6.801898726851505,25004.405278935184,43535.17270833333,0,0,0
2017-02-23 01:50:15.000,7.075,125.537,40143.2109375,4.0,3.0,4.5,4.366666666666666,0.35218251811136314,1.8506330753539786,0.03803664132606662,0.05568494546627029,1.3714562586418488,6.100091915151243,0.5768069626061557,0.21171027888094351,-0.7547556456757247,0.05210610858843179,16606426814.610945,0.08779149519890221,7.684776196487846e-05,0.4472135954999578,8.672617004934883,28.616919189782998,32.07449451717553,5.072576684740511,30.137498942993716,1.7905963838519479,9225.54960648148,40030.50850694445,43535.17270833333,43535.17270833333,0,0,0
2017-04-04 16:49:01.140,13.685,120.929,40183.835082638885,6.0,3.0,5.5,4.933333333333334,0.4466462829900637,2.376088370220779,0.14589980978997608,0.07863332416342274,0.7445048261198607,3.75294248964705,0.40537999419218373,0.16762140098633727,0.18015639956945861,0.4591428316102686,93204893500.07686,0.045715255465431544,0.005840977343195231,-0.9999999999999999,4.308100197271101,11.527214396713,12.5293179085931,1.3298539413589485,13.72345231269366,-26.963545596498914,8176.675759722213,8176.898302546291,8176.898302546291,43535.17270833333,1,1,0
2017-04-08 00:29:16.840,13.709,120.967,40187.1547087963,6.0,5.0,5.5,4.860000000000001,-0.0,0.0,0.0,0.0,,,,,,,97664690099.15787,1.0,,-1.2632278815997786,6.82361176504136,11.527214396713,14.066425595988301,2.817040346518394,13.924972708203617,5.7317214180428415,8179.995385879625,8180.217928703703,8180.217928703703,43535.17270833333,1,1,0
2017-04-10 12:56:42.970,5.873,127.291,40189.67376122685,5.2,3.0,5.7,4.933333333333333,0.2545687419169581,1.4451279097985497,0.07419406486161795,0.0815725765159316,0.4416554053253412,2.2437428760210274,0.2233192254560846,0.1707423933439739,0.02323112839219199,0.6196979161430258,140450769903.40997,0.1723033710148561,0.04731880671087145,-1.4411533842457844,4.047396061842092,11.7779822455313,12.290776393853166,0.7316014792342221,12.095001681644145,0.6476032278598288,3520.965552893518,3520.965552893518,21748.19141168981,21748.19141168981,1,0,0
2017-04-10 14:31:30.930,5.683,127.553,40189.73959409722,5.2,5.0,5.7,4.779999999999999,0.4589076671842207,2.5555910004177402,0.14960725370557332,0.09335298348994286,0.5264175538221239,2.813013717380883,0.1968623879757404,0.11963443141684944,0.13114337989074976,0.35630715207609054,142910531522.1563,0.042002679691428235,0.026347980814448654,-1.2632278815997786,7.18724635423819,11.7779822455313,14.3432399493221,2.859295089060967,12.407257890432131,2.9430154761327874,3521.0313857638903,3521.0313857638903,21748.257244560184,21748.257244560184,1,0,0
2017-04-11 15:55:51.180,5.834,127.545,40190.79816180556,5.2,8.0,5.7,4.612500000000001,0.5853166219138614,3.2155263511517784,0.15719771014787304,0.07959932035713246,0.7896263307331853,4.173325859562035,0.2860933375543064,0.12857101708429036,0.2063471106668926,0.41480914816124415,142984681445.05685,0.017540829786803807,0.004276820349208924,-1.8039504672067892,11.332878441396392,5.1370622350108395,13.064345321864899,4.513640923690652,12.199418511940634,-1.641892889148866,3522.0899534722266,3522.0899534722266,21749.31581226852,21749.31581226852,1,0,0
2017-04-11 18:08:51.820,5.388,127.862,40190.890530324075,4.4,4.0,5.7,4.9,0.47402573664893005,2.581790991119073,0.15929182290179844,0.10603324561869958,0.5790593092043358,3.034109089986173,0.23770358650834753,0.13644699347470982,0.25347929129176716,0.4602792291600819,139034260784.25616,0.037837531023896795,0.018315638888734182,-1.3333333333333333,6.798722616979547,11.9657765764651,16.265658595699826,3.0578214748168087,12.499336634987605,3.0223496081779904,21749.40818078704,21749.40818078704,21749.40818078704,21749.40818078704,0,0,0
2017-04-12 03:27:34.370,5.637,127.281,40191.27852280092,5.2,10.0,5.7,4.610000000000001,0.7045132119513289,3.8819755584832705,0.19211876358265398,0.09880532694473883,0.7664020268880918,4.150320168691247,0.22735514587404668,0.10273820885448524,0.1898470424264298,0.2846696341041026,146563729938.28125,0.007699461720693914,0.005021042753348022,-1.6439898730535731,10.749724324677961,5.1370622350108395,12.490077089570372,4.394852161107578,11.861997266144897,-2.0629610542156924,6507.6890760416645,21749.796173263887,21749.796173263887,21749.796173263887,1,0,0
2017-04-12 08:04:03.030,5.595,127.712,40191.470521180556,5.2,11.0,5.7,4.6000000000000005,0.7356600907712043,4.065738787580727,0.20349772174253863,0.11832165579997518,0.5790593092043358,3.2681062799622875,0.1260814673268735,0.1309756359704155,0.17334599418251972,0.05618039807895858,148560132125.756,0.006208972376457111,0.018315638888734182,-1.7539302113940216,13.519985225907256,7.1904644986296296,16.071119101094123,5.338487905345664,12.397084351637394,2.2506000705719966,21749.98817164352,21749.98817164352,21749.98817164352,21749.98817164352,1,0,0
2017-04-13 16:05:47.200,5.633,127.481,40192.80506018519,4.0,14.0,5.7,4.521428571428571,0.7667425288139891,4.230077216412066,0.18217261752935826,0.11264398357069294,0.6537766394242489,3.656337589538527,0.13244720245356298,0.12190899472997883,0.18305388386995602,0.10735968669896856,149042226798.31274,0.005009246617031567,0.010931256415982162,-2.3664319132398464,14.604720137607918,5.1370622350108395,14.51649994830001,5.219109832163509,12.194744846737564,1.2547503625702616,21751.32271064815,21751.32271064815,21751.32271064815,21751.32271064815,0,0,0
2017-04-13 17:04:52.730,5.23,127.772,40192.84609641204,0.0,5.0,5.7,4.8,0.5511500404301523,2.9916551177378845,0.18484876070220183,0.11201692063541323,0.5990268715906917,3.1778755391679367,0.21835817982332778,0.11768626985983446,0.27197696038812236,0.3949365881880782,139442098150.87106,0.022210067513687457,0.015955829438551086,-1.9867985355975657,7.18724635423819,11.9657765764651,17.71079049614202,4.359570660373938,12.65074743594655,3.5292716512594695,21751.363746875002,21751.363746875002,21751.363746875002,21751.363746875002,0,0,0
2017-04-14 11:20:02.330,7.703,124.704,40193.606624189815,5.3,3.0,6.0,5.3,0.3450528104279014,2.0010686435590457,0.1106716504832832,0.07716164404290421,0.5790593092043358,3.1407940770596072,0.31168172908012015,0.16156818988110624,0.2006887552154346,0.5760407834989172,258367275451.71252,0.09222349330836017,0.018315638888734182,-1.4411533842457844,6.539149811747721,53.3426030572333,55.82449076418874,2.178496510790521,53.69826769476241,3.8809127020788354,2.582679050923616,22649.737388078705,43535.17270833333,43535.17270833333,1,0,0
2017-04-15 19:37:22.380,13.573,120.754,40194.951995138894,0.0,13.0,6.0,4.823076923076924,0.5113332246856084,3.1588317011737264,0.1010303129976428,0.09105455029728744,0.7619201436899162,4.432378708416609,0.22431720473690875,0.1519388728343252,-0.17763827710574454,0.1826203899125627,318032314978.00574,0.029241545724553033,0.005178924370597728,1.596163742686613,13.855760595239001,8.49105927941102,13.298817957707794,2.722373368303085,13.28450664903617,-0.24889794839585705,7.519465856486931,8188.0152150463,8188.0152150463,27401.164564583338,0,0,0
2017-04-15 20:37:04.940,7.706,124.672,40194.9934599537,5.3,5.0,6.0,5.06,0.3683933513370402,2.133172929646861,0.08293803729170915,0.07990622401815282,0.5428681023790649,2.9610836973213996,0.18010212422473618,0.1679643335978473,0.20952380952381056,0.5454822555520433,259481127107.47684,0.07849101514937035,0.02351774585600909,-1.5075567228888183,9.311630656989129,53.3426030572333,57.407304928840084,2.7603646817698784,53.82020561274674,1.953035844584658,3.969514814809372,22651.12422384259,43535.17270833333,43535.17270833333,1,0,0
2017-05-01 23:07:33.800,5.159,125.001,40211.09796064815,0.0,3.0,7.2,5.166666666666667,0.04310965683754591,0.2678867877066233,0.004347409533030288,0.08955858741714788,0.3889204315551507,2.07169502409578,0.3538367519405941,0.3636900390477739,0.9859215925534803,1.8732162776539445,3019961703348.866,0.7424565269403468,0.06811436391683293,-1.4411533842457844,8.672617004934883,19.3538224205801,28.373831014658,11.415383755565685,41.206867322192934,-4.793834172487005,3.1140802083318704,3.1140802083318704,3.1140802083318704,43535.17270833333,0,0,0
2017-05-02 02:49:52.550,5.37,124.806,40211.25234432871,0.0,5.0,7.2,4.88,0.12232309873758669,0.7806071861709384,0.02068896946639788,0.09582154431319884,0.3384112845999365,1.8984486500393958,0.15834763565603643,0.241572222678108,0.8184809391925736,1.5901142295425927,3020073713019.88,0.4295667952402349,0.096553083126817,-1.507556722888818,10.13924389296033,14.0366648562579,25.1261430845976,10.210947096902272,41.19699763887808,-4.800626042646227,3.268463888889528,3.268463888889528,3.268463888889528,43535.17270833333,0,0,0
2017-05-05 14:42:01.980,5.48,124.938,40214.746897916666,0.0,6.0,7.2,4.733333333333333,0.12232309873758669,0.7806071861709384,0.017630453210445502,0.09582154431319884,0.3384112845999365,1.8984486500393958,0.13493860029870727,0.24354878235268138,0.8184809391925736,1.5901142295425927,3020076336950.0566,0.4295667952402349,0.096553083126817,-1.5491933384829666,11.27963597824045,14.0366648562579,25.943590577909948,9.349870315599324,41.19682074494185,-3.0108194990268053,6.7630174768492,6.7630174768492,6.7630174768492,43535.17270833333,0,0,0
2017-07-06 11:23:59.150,11.041,124.651,40276.60936516204,5.8,3.0,6.5,5.0,0.13855002036263164,0.8036288081745687,0.033720920467741125,0.09977297460080102,0.41361379228881134,2.131576423874908,0.30052199101625604,0.26123390378789657,0.6997207501579288,1.3464570968984848,708045884883.4434,0.3840165476197729,0.0574326192676173,-0.9999999999999999,5.887866499588108,5.04929323659659,7.41683736857334,2.35541938444703,7.439299724514735,-29.59191885806491,0.13894351851922693,0.13894351851922693,43535.17270833333,43535.17270833333,1,0,0
2017-07-10 01:41:46.690,11.042,124.744,40280.20505428241,0.0,9.0,6.5,4.4,0.16595521903292593,0.9673806309460979,0.01721865536552206,0.13864132480244712,0.4271749002327067,2.2712558356970307,0.11408508158108589,0.25278212002840883,0.6708333333333298,1.183077506520755,708196478174.2759,0.3177856944056835,0.05229682212785132,-1.0000000000000002,12.835967333514734,2.29045234200731,7.681237152823156,3.032000044711803,7.440523201073584,0.4345379915681772,3.7346326388869784,3.7346326388869784,43535.17270833333,43535.17270833333,0,0,0
2017-09-23 21:30:00.000,7.62,124.75,40356.03020833333,4.5,3.0,5.4,4.633333333333334,0.23999326959548825,1.2118254825493926,0.05092494008586082,0.11791918724072235,0.8985403073860382,4.250990545741023,0.713850929509027,0.3094639064515539,0.3505855535368134,0.6690040604770804,73070763615.55612,0.19055493086781025,0.00201548271450704,-0.9999999999999999,3.1062799081417087,56.2170974703579,60.563431636889696,4.8978275332660095,56.47693266740293,18.67124151657072,165.00626319443836,32310.467442129626,43535.17270833333,43535.17270833333,0,0,0
2017-09-25 20:59:00.000,7.66,124.74,40358.008680555555,0.0,5.0,5.4,4.46,-0.0,0.0,0.0,0.0,,,,,,,73565971116.50552,1.0,,-1.5075567228888183,5.289016160489034,56.2170974703579,62.182573655716666,4.116372403403481,56.717921031538246,15.845636993810404,166.98473541666317,22814.139444444445,43535.17270833333,43535.17270833333,0,0,0
2018-01-06 18:35:07.620,4.002,126.53,40460.90876875,0.0,3.0,5.0,4.666666666666667,0.0800414813889461,0.6772249581920277,0.004911756369585037,0.04598033041605081,0.6059923003301187,2.9010904560401376,0.28154044551219815,0.2345409492203497,-3.4609248409731954,0.21266119312118725,44898206333.04422,0.575275072509654,0.015206284059065848,-0.9999999999999999,4.95782220511194,173.21753327030302,185.65010105027568,11.791278460120326,191.57611034941328,-1997.948371223724,3251.0418358796305,3251.0418358796305,3251.0418358796305,3251.0418358796305,0,0,0
2018-01-11 11:36:16.470,3.544,126.639,40465.617898958335,0.0,3.0,5.0,4.7,0.09604977766673489,0.7556656099531932,0.006365636254982154,0.047488281054527764,0.6681453567742331,3.2165172174940184,0.30802857026748753,0.22292112338918066,-2.86743736747768,0.18590201236572845,44988757808.92593,0.5150515126680106,0.009898375607203939,-0.4472135954999578,4.607707969367495,187.05933891163002,210.01505590973534,31.79985008448938,193.0558267641462,-20.68049250295752,3255.750966087966,3255.750966087966,3255.750966087966,3255.750966087966,0,0,0
2018-04-18 04:06:19.620,12.477,125.937,40562.30543541667,0.0,3.0,4.7,4.433333333333333,0.39760104559971826,2.0149772019467185,0.07947597138551372,0.08724318262606635,0.8985403073860397,4.071282484263821,0.40589708898995336,0.19974086533816926,-0.36783677821431304,0.16900406047708127,22244058848.006985,0.06415002990995862,0.00201548271450702,-2.1213203435596424,7.410849195313975,7.90689881523351,9.501131689903747,2.7273525034517814,10.548378810151977,-1.4192180739022957,8395.957190046294,8398.14688912037,8398.14688912037,43535.17270833333,0,0,0
2018-09-10 11:57:00.390,10.717,126.462,40707.632296180556,0.0,3.0,4.7,4.3,0.6842962795654144,3.1115864718655057,0.2241956812569043,0.09756609539998752,1.240841376866435,5.440486762185403,0.7371763923041442,0.19440098754961124,0.15286659480068465,0.3154856989661621,18454264756.805725,0.00885342191568085,0.0001894418252328926,-0.44721359549995787,4.607707969367495,15.7569728754466,16.79316453683883,1.0478513777940597,16.85082282449962,0.12031006152260874,22491.545930439817,22491.545930439817,43535.17270833333,43535.17270833333,0,0,0
2018-09-27 04:43:29.430,10.517,126.616,40724.33124340278,5.0,3.0,4.7,4.366666666666667,0.8337334825539061,3.822596072672562,0.28199413966319864,0.08932670334796952,1.371456258641845,6.100091915151227,0.7630438887732062,0.17006372367772424,0.11508629236872814,0.25210610858843197,19166261160.9207,0.0031535487739365615,7.68477619648805e-05,-1.4411533842457844,4.308100197271101,17.090057918363698,26.4481930473378,8.314242012382794,27.388531956707734,-19.782494639322024,22508.244877662044,22508.244877662044,43535.17270833333,43535.17270833333,1,0,0
2018-10-16 19:52:21.610,9.147,126.639,40743.962402893514,0.0,3.0,4.9,4.433333333333333,0.5689391661997593,2.6801352752375407,0.17895338471467134,0.10323769287842227,1.1329421267041366,5.122183974206623,0.709616498846248,0.20326289284601357,0.18924103935477188,0.3788652893438922,27196247251.846275,0.019641855032959652,0.00039918445425918335,1.4411533842457844,6.539149811747721,43.7988704505118,55.1944243140814,14.606684782057055,67.90180508791602,2.953827946118786,2174.065838078699,2174.065838078699,24317.371696874994,24317.371696874994,0,0,0
2018-10-29 14:51:41.620,8.572,127.175,40756.75360671296,4.3,3.0,5.3,5.033333333333334,0.11739417270378759,0.8958271373631717,0.008452586961348112,0.04910950582464835,0.7445048261198595,3.8273929722590303,0.33996296081766736,0.23315384350532353,-2.330933603693847,0.15914283161026788,84027552327.97174,0.4444444444444442,0.0058409773431952845,-0.9999999999999999,6.539149811747721,24.3937183441155,24.865807359444602,0.7512543737264205,25.044832243506452,18.08645869103179,10544.83884976852,10544.83884976852,43535.17270833333,43535.17270833333,0,0,0
2018-11-03 21:21:57.920,8.449,127.251,40762.02462870371,0.0,4.0,5.3,5.1000000000000005,0.08329249107220014,0.8991365428188098,0.0031913139717457675,0.03484374889527803,0.6681453567742331,3.6087140968120117,0.20535238017832488,0.23305969271293492,-5.494929185626282,-0.10109133472793008,102606033227.8535,0.5624999999999993,0.009898375607203939,-0.9999999999999998,8.01355519627422,8.84185741419238,20.859819873131546,8.035421481458364,19.75509394147003,-118.54191739639369,10550.109871759265,10550.109871759265,43535.17270833333,43535.17270833333,0,0,0
2019-01-28 06:06:00.000,9.76,126.58,40847.38854166667,5.9,3.0,4.3,4.266666666666667,,,,,3.7225241305993144,16.11172260323678,1.0623842525552167,0.1961611540042511,,-0.0281714336779455,12091979997.028452,,6.79872708748768e-12,-0.9999999999999999,4.607707969367495,44.782920159938705,55.537811934295746,13.453898223675473,53.91077099769001,-91.94096604620138,7783.733281250003,7783.733281250003,24420.797835648147,24420.797835648147,1,0,0
2019-01-30 00:27:00.000,9.75,126.53,40849.153125,5.9,4.0,4.7,4.375,1.2690467773710845,5.827121700309264,0.4106657505950295,0.15111691699298144,1.930197697347789,8.708890320188676,0.9500288841317892,0.20617109213757345,0.10826878550486807,0.1880837687480259,20847520969.19915,0.0001559048651287525,1.6195967923125758e-06,-1.333333333333333,5.617321208040141,32.6456219788178,49.81476444542626,15.864572959315145,41.25449028073814,-4.853863167497806,7785.497864583333,7785.497864583333,24422.562418981477,24422.562418981477,1,0,0
2019-02-03 04:45:00.000,9.98,126.23,40853.332291666666,5.9,6.0,4.7,4.316666666666666,-0.0,0.0,0.0,0.0,,,,,,,23100745433.775017,1.0,,0.0,7.602274730651041,27.305888633128298,44.130778651740606,15.506787398481862,38.79720629548146,-3.6347571511513097,1310.9177905092656,7789.677031250001,43535.17270833333,43535.17270833333,1,0,0
2019-02-07 00:38:00.000,9.72,126.63,40857.16076388889,5.9,3.0,4.7,4.366666666666666,0.6842962795654144,3.1868439707815024,0.21837142137658402,0.07571527995080175,1.042306756567806,4.646348280990886,0.5066389201389854,0.15608832697321895,0.04288864933561243,0.24224487972162123,19683202466.76185,0.00885342191568085,0.0007465858083766711,2.1213203435596424,3.817433980804671,27.305888633128298,32.72374536918546,5.45733783206699,31.67756384923709,-0.7265232042839972,8129.469988425924,8129.469988425924,24430.57005787037,24430.57005787037,1,0,0
2019-02-08 11:55:05.000,9.79,126.59,40858.630960648145,5.1,5.0,4.7,4.3,1.1765714381203647,5.444954983819507,0.38995102699435163,0.09059161507941996,1.371456258641845,6.237237541015412,0.5298310269261339,0.10973302734247621,0.07218497117513678,0.15210610858843054,21595621684.11685,0.0002953151216485501,7.68477619648805e-05,0.40824829046386296,6.50052317917223,27.305888633128298,38.9317244480054,17.101619126804085,33.71366700957896,0.692869545971712,7794.97570023148,7794.97570023148,24432.040254629625,24432.040254629625,1,0,0
2019-02-08 12:29:00.000,9.88,126.3,40858.65451388889,5.1,6.0,5.9,4.566666666666666,0.34671110337232053,1.8944650289395262,0.07874146878746591,0.12625861842698824,0.6433992324492612,3.30433676761486,0.27116216223569967,0.21044537592465995,0.43589743589743524,0.7642513062440726,205312710816.83475,0.0911730933396641,0.011743628457021423,0.0,7.292928985449754,27.305888633128298,37.681702407749846,15.599603585135263,31.49560808581654,-0.02931623891349285,1316.2400127314904,7794.999253472226,24432.06380787037,24432.06380787037,1,0,0
2019-02-08 16:04:00.000,9.91,126.8,40858.803819444445,5.1,10.0,5.9,4.51,-0.0,0.0,0.0,0.0,,,,,,,206883828616.18924,1.0,,-0.6377928041432807,13.721128658167556,24.0473312358167,34.648178339150164,7.558585582412795,31.693312110548092,0.3272751626401031,8131.113043981481,8131.113043981481,43535.17270833333,43535.17270833333,1,0,0
2019-02-09 03:53:00.000,9.59,126.42,40859.29618055555,5.1,19.0,5.9,4.494736842105263,0.21687329759984741,1.2144904665591452,0.011417195508497307,0.12458422444236039,1.1329421267041366,6.0285376755699325,0.3115750857604289,0.27516660364724144,0.3000000000000016,0.5788652893438915,212066042185.27777,0.22355279661380564,0.00039918445425918335,-0.9422929146251255,17.29537940913731,24.0473312358167,37.32828381718016,12.117653580986657,32.29152464052981,-0.0935423095629168,2289.399615740738,2289.399615740738,24432.705474537033,24432.705474537033,1,0,0
2019-02-09 22:21:15.000,9.82,126.36,40860.06579861111,5.1,21.0,5.9,4.4523809523809526,0.21687329759984741,1.2144904665591452,0.010782198774354752,0.12458422444236039,1.1329421267041366,6.0285376755699325,0.2942460348782917,0.2726866494535288,0.3000000000000016,0.5788652893438915,212159947938.44263,0.22355279661380564,0.00039918445425918335,-1.0198341204735075,18.526779749071345,16.1640829831986,37.14198697266345,13.01518428315397,32.30985618917938,-0.08457141561232463,1317.6512974537109,7796.410538194446,24433.47509259259,24433.47509259259,1,0,0
2019-02-10 16:48:00.000,9.81,126.62,40860.834375,4.9,25.0,5.9,4.492000000000001,0.621336254974339,3.5055078235682795,0.08136767813002427,0.16453544971077247,1.3160438845553117,7.147585038657047,0.3650390077932967,0.29842021657076945,0.25811479612910126,0.4688854888967482,219450336497.1277,0.013677012223971125,0.0001126855805077983,-1.680507136113289,21.88149708736333,16.1640829831986,39.174485926865714,12.923662572631194,34.33463780414714,0.36678347019333374,7797.179114583334,7797.179114583334,24434.24366898148,24434.24366898148,0,0,0
2019-02-13 06:50:00.000,9.68,126.56,40863.41909722222,4.9,24.0,5.9,4.495833333333334,0.8821254212928664,4.94464734694378,0.16671237548507106,0.1562951040978231,0.9518783165002783,5.297196743607121,0.1941198878660827,0.1509311934790445,0.29462096025214457,0.33500639547810085,218881594004.27206,0.002257479088903685,0.0013943283269003076,-1.3018891098082386,19.629121256500536,16.1640829831986,39.031732904898064,13.324544327703975,34.33242779341011,0.07302849749879882,2293.5225324074054,2293.5225324074054,24436.8283912037,24436.8283912037,0,0,0
2019-02-14 11:57:00.000,9.85,126.48,40864.63229166667,4.1,26.0,5.9,4.526923076923078,0.951594410581298,5.3377061392582,0.18432448663632106,0.1749671185856932,0.9089884504951781,5.163922842232571,0.16818838426742505,0.17050861615880325,0.2907760702402937,0.21904460456072172,221879559873.96866,0.0013970655006690503,0.0018751441032583182,-1.594649547827136,21.04121561917834,16.1640829831986,39.00145147566219,12.724507603777766,34.49483511983689,-1.4973648562050241,1322.2177905092685,7800.977031250004,24438.04158564815,24438.04158564815,0,0,0
2019-02-17 05:22:00.000,9.64,126.58,40867.357986111114,0.0,28.0,5.9,4.496428571428572,0.9445804423088806,5.300064509529564,0.1742323753497541,0.16996316202650577,0.8272275845776219,4.775385850889993,0.1336290789161508,0.18372094284867008,0.2889749648273714,0.12724055638415432,221997062654.59442,0.0014664210058264872,0.0032985057559391066,0.6174094339647443,21.490066191059434,16.1640829831986,37.40896794088281,11.15227950615346,34.44554085419211,-0.2002798138607856,2297.461421296299,2297.461421296299,24440.767280092594,24440.767280092594,0,0,0
2019-04-26 05:26:59.000,9.78,126.79,40935.361446759256,5.5,3.0,4.3,4.166666666666667,1.4313637641589787,6.209954932771665,0.4155809566599035,0.07137846678465191,2.0044360703226998,8.494865536010462,0.8149669936305562,0.14894548736581106,-0.038488292261908974,0.06196733745524252,10349435964.697973,5.0805263425293906e-05,9.698214581498479e-07,-2.1213203435596424,1.302863809209866,4.8333899725246505,10.838251099265749,5.524995928047784,10.165716779242217,2.9091172766946465,8207.670671296291,8207.670671296291,24508.770740740736,24508.770740740736,1,0,0
2019-04-26 13:48:00.000,9.81,127.07,40935.709375,4.9,13.0,5.5,4.492307692307692,0.42234265215726857,2.557536973092981,0.060470838785367964,0.05092555482394131,0.6514417228548774,3.5793506586596164,0.14386900757669321,0.1460190094134379,-0.5555971792795056,0.005493687181296281,132883213112.67253,0.05407195145447195,0.011108996538242329,-1.3384765349564316,13.494615420775997,4.8333899725246505,14.376305733378134,6.332123269865075,12.531837944735097,2.513605791794374,8208.018599537034,8208.018599537034,43535.17270833333,43535.17270833333,0,0,0
2019-04-27 10:08:00.000,9.6,126.75,40936.556597222225,4.7,20.0,5.5,4.505,0.7292865403659236,4.184036854156406,0.12215841527173417,0.07908774211797753,0.886315269190311,4.899787184437368,0.18042780093812055,0.10111088777674176,-0.23716450608980466,-0.028266695567080724,138730077814.23828,0.006488441283776608,0.002193078576497997,-1.7747130188322278,12.421369645166044,4.8333899725246505,14.207397205026549,6.080300323637335,12.208932711558097,1.8589728341564118,2366.6600324074097,2366.6600324074097,24509.965891203705,24509.965891203705,0,0,0
2019-04-27 11:11:00.000,9.85,126.57,40936.60034722222,4.7,20.0,5.5,4.505000000000001,0.7292865403659236,4.184036854156406,0.12215841527173414,0.07908774211797753,0.886315269190311,4.899787184437368,0.18042780093812052,0.10111088777674176,-0.23716450608980466,-0.028266695567080724,138730077814.23828,0.006488441283776608,0.002193078576497997,-1.7912443020795965,11.652862311349281,4.8333899725246505,14.369423538475052,6.323331570257262,12.235711793186896,2.2118693624373287,7872.945086805557,7872.945086805557,24510.009641203702,24510.009641203702,0,0,0
2019-04-29 13:36:00.000,9.64,126.82,40938.70104166667,4.4,29.0,5.5,4.486206896551724,0.9339021872187527,5.2547854764583155,0.14451893324576254,0.10235693510793555,1.1207599532987138,6.1354637771702665,0.2081359842372805,0.12628506051345673,-0.1266979008878364,0.025621870132082947,143087754294.1096,0.0015786775693792522,0.0004342303154472966,-2.2552264878783035,17.77358268699333,4.8333899725246505,17.285529581515764,7.563373153363139,13.429681678221499,3.343577713065136,8211.010266203702,8211.010266203702,24512.110335648147,24512.110335648147,0,0,0
2019-04-30 15:40:00.000,9.77,126.62,40939.787152777775,4.4,30.0,5.5,4.47,0.9339021872187527,5.2547854764583155,0.14335378077070654,0.10235693510793555,1.1207599532987138,6.1354637771702665,0.20645793312151503,0.12485723039333817,-0.1266979008878364,0.025621870132082947,143143125440.4349,0.0015786775693792522,0.0004342303154472966,-2.2938493774533137,16.57611543057066,4.8333899725246505,17.283137448422206,7.431837743668003,13.436754780963513,2.793038421706424,7876.131892361111,7876.131892361111,24513.196446759255,24513.196446759255,0,0,0
2019-05-01 18:50:00.000,9.53,126.79,40940.91909722222,4.4,32.0,5.5,4.453125,0.9019908436041414,5.089910201116157,0.1274208275212924,0.10506774280772853,1.1885954241562695,6.462622761010049,0.2212606945814754,0.14261556183540228,-0.14297324879494777,0.06280696554290177,143418606803.41302,0.0019680107627301976,0.00027177764277597596,-2.338753394836759,19.22969146349035,4.8333899725246505,17.724378104205133,7.458805652753565,13.532334191545509,2.444051267912558,2371.0225324074054,2371.0225324074054,24514.3283912037,24514.3283912037,0,0,0
2019-05-02 11:34:00.000,9.74,126.59,40941.616319444445,4.2,33.0,5.5,4.427272727272728,0.9570142536966385,5.372722581177356,0.1447388340231943,0.09494626904355423,1.0319868876908953,5.714556170013367,0.1683048440871778,0.09749336775920271,-0.11404656244591393,-0.037430986938094435,143239024934.44666,0.0013457278457583172,0.0008017506799675757,-2.5362083788948553,17.69164475585498,4.8333899725246505,18.16538444309487,7.683102353452168,13.522984415998266,2.260418264436039,7877.961059027781,7877.961059027781,24515.025613425925,24515.025613425925,0,0,0
2019-05-05 04:41:00.000,3.66,126.74,40944.329513888886,4.2,3.0,4.9,4.4,0.46859583431176544,2.195142504445571,0.12709862615664794,0.12208326390404348,1.240841376866432,5.564570899872033,0.8912028014923007,0.25667903825793553,0.21548864989460892,0.4154856989661617,26851249182.7625,0.03928371006591935,0.00018944182523289666,-0.9999999999999999,4.607707969367495,193.964862121299,200.45507879990933,6.893842515431568,200.01156534356994,-518.5151214208537,3734.462581018517,3734.462581018517,3734.462581018517,3734.462581018517,0,0,0
2019-05-05 13:55:00.000,3.87,126.47,40944.71423611111,4.7,5.0,4.9,4.42,0.6880685615176733,3.4002054748331676,0.17354340901554582,0.08714780618757331,0.9650988486738925,4.5474649298291085,0.34141947435885917,0.15035104427180981,-0.0416666666666643,0.18808376874802413,32337293307.642063,0.00862569932557654,0.0012726338013398116,-1.5075567228888183,7.18724635423819,181.157953390835,194.7935985648868,10.167740513397353,195.95344387735705,-11.971312464230737,3734.847303240742,3734.847303240742,3734.847303240742,3734.847303240742,0,0,0
2019-05-06 12:16:00.000,9.82,126.73,40945.64548611111,4.2,34.0,5.5,4.432352941176471,0.9828387035456367,5.506076813976515,0.14733760364893234,0.09838659549072552,1.0291338433726354,5.720302150837107,0.16154474011210876,0.09623105132463265,-0.10221814028393883,-0.058365598094380466,143692251749.75342,0.001125858703139287,0.0008177084202762692,1.7805352220205855,19.01377946447811,5.0154949635451,19.05745384551128,7.551577436497091,13.747524652649474,2.2009523516042115,8217.954710648148,8217.954710648148,24519.054780092592,24519.054780092592,0,0,0
2019-05-08 05:34:00.000,8.73,127.15,40947.366319444445,4.5,3.0,5.0,4.633333333333333,0.7201331838111276,3.5211457099356944,0.24184276013092357,0.07889452777180127,1.1329421267041366,5.34877239954745,0.5985809547955873,0.15636292604290916,0.11042430887450916,0.27886528934389165,35291644325.28033,0.00691194778307059,0.00039918445425918335,-1.4411533842457844,4.308100197271101,11.0868769214442,15.0728661337035,5.757938410929754,12.813445602186597,3.6247979398842727,10735.451562500002,10735.451562500002,43535.17270833333,43535.17270833333,0,0,0
2019-05-09 08:47:00.000,8.87,127.02,40948.50034722222,4.3,6.0,5.0,4.466666666666666,0.9396275030257889,4.59292251443644,0.2604047364695616,0.11210386476092919,1.7371779276130073,8.294421928978196,0.8900738549596334,0.2884773936934543,0.11197522460090958,0.22534692783297228,38083265576.06987,0.001517460834934278,6.144212353328218e-06,-2.1213203435596424,8.757171500436238,8.476478808736859,13.600468759691777,4.5131486746452305,12.642470448804657,0.5260763527816958,18311.6861400463,29853.530833333334,43535.17270833333,43535.17270833333,0,0,0
2019-05-10 23:05:00.000,8.74,127.07,40950.096180555556,0.0,7.0,5.0,4.3999999999999995,0.9396275030257889,4.59292251443644,0.258386064656336,0.11210386476092919,1.7371779276130073,8.294421928978196,0.8831739535712958,0.27580453906292357,0.11197522460090958,0.22534692783297228,38290782818.61144,0.001517460834934278,6.144212353328218e-06,-3.24037034920393,9.388765370770361,8.476478808736859,13.485292861779481,4.131176290730765,12.645321134677273,0.3608404637297135,10738.181423611113,10738.181423611113,43535.17270833333,43535.17270833333,0,0,0
2019-05-15 13:28:00.000,4.22,126.19,40954.69548611111,0.0,3.0,4.7,4.366666666666667,0.68160179245666,3.112648185552081,0.1780893846673838,0.147242815882721,2.0044360703226998,8.895752750075003,1.5401428513374376,0.3094887648684725,0.13333333333333286,0.2619673374552427,19000493711.12974,0.00901975253880543,9.698214581498479e-07,1.4411533842457844,4.308100197271101,181.157953390835,191.0760710209403,11.14109616942467,189.7803243528078,30.93430391016502,11961.741706018518,29202.412986111107,29202.412986111107,38778.19652777778,0,0,0
2019-05-15 14:56:00.000,9.5,126.89,40954.75659722222,4.0,4.0,4.4,4.1,1.2041199826559223,5.177715925420466,0.333478134505199,0.19038808606575852,2.895296546021689,12.183246175414718,1.9280306805631795,0.34584791913261814,0.10000000000000053,0.19205584583201762,11433423497.977373,0.0002441406250000041,2.0611536224384135e-09,1.333333333333333,1.2886503806218916,16.5020994886186,25.527205218490625,6.874532027760782,28.21594723597645,-2.628132058469394,8227.065821759257,8227.065821759257,24528.165891203702,24528.165891203702,0,0,0
2019-07-10 00:56:00.000,6.84,125.0,41010.173263888886,0.0,3.0,5.6,5.1000000000000005,0.4685958343117656,2.5231595884638085,0.1270986261566479,0.12208326390404348,1.240841376866432,6.433159863678536,0.8912028014922997,0.2566790382579351,0.21548864989460537,0.41548569896616083,114541929556.04459,0.03928371006591929,0.00018944182523289666,-0.9999999999999999,7.410849195313975,6.6313517186109,9.027473842398956,2.432093066319037,9.025939705552496,-17.314358002885903,1753.854051620372,25637.980879629627,25637.980879629627,43535.17270833333,0,0,0
2019-07-13 15:18:00.000,9.31,125.97,41013.771875,4.8,3.0,5.5,4.8,0.30445836214226607,1.6453266711567314,0.09293096565054951,0.0789453458825121,0.5109346845920612,2.520859993087907,0.2617190936663914,0.16645457911818456,0.09588937029126576,0.5661795546321065,92843011191.87708,0.12207448859421707,0.029322159123893774,-1.4411533842457844,4.308100197271101,40.0243739908447,53.81932694616983,19.075253537801135,49.1261479045228,-6.7597693112804516,2443.8753101851835,2443.8753101851835,39448.46555555555,39448.46555555555,0,0,0
2019-07-15 04:26:00.000,6.76,125.04,41015.31909722222,0.0,4.0,5.6,5.050000000000001,0.6399339549118066,3.44756559288002,0.17410027225774555,0.16393904024743314,1.447648273010836,7.550771701779975,0.8909539436776274,0.2812526394364246,0.2126228083097237,0.3841116916640317,117390574896.06833,0.012028130608117166,4.539992976248595e-05,-0.9999999999999998,10.01427552475536,6.6313517186109,9.625573284856292,2.318248525883825,9.197817183031704,4.268935032994845,1758.9998849537078,25643.126712962963,25643.126712962963,43535.17270833333,0,0,0
2019-07-23 09:38:00.000,9.36,126.02,41023.53576388889,0.0,3.0,5.5,4.566666666666666,0.2114932164225073,1.072041605884886,0.04837555979593999,0.110759018942045,0.7042613220052737,3.2941665427407574,0.5364148530517191,0.2868644453663111,0.431082783557315,0.8225224219879994,89417219173.06749,0.23201729046848604,0.0077128704008256055,1.4411533842457844,4.047396061842092,40.0243739908447,43.08849329561624,2.9229140766202137,45.78679498182606,0.4351625083757473,2453.639199074074,2453.639199074074,39458.22944444444,39458.22944444444,0,0,0
2019-07-26 23:58:00.000,20.75,121.92,41027.13298611111,5.8,3.0,5.9,5.166666666666667,0.232822509000055,1.40294707059958,0.06288893680122666,0.08517823117239004,0.4271749002327067,2.2712558356970307,0.21170727191257194,0.1777121729013035,-0.12582231685875556,0.5830775065207554,216728680047.21606,0.20023153328042748,0.05229682212785132,-0.9999999999999999,5.375620014486486,116.559199122596,125.23557922744233,8.295336166446777,131.9902300682232,23.912489481514676,2298.151057175928,43535.17270833333,43535.17270833333,43535.17270833333,1,0,0
2019-07-31 19:20:00.000,20.62,121.87,41031.939930555556,0.0,5.0,5.8,4.7,0.26877678184284026,1.571448251174473,0.05944513534466237,0.08442614860240664,0.36191206825271005,1.8934430959759057,0.10778019161111055,0.1870703646093635,-0.046666666666667744,0.568223383328065,176346590782.99582,0.15619590885284407,0.08208499862389866,-1.2632278815997786,8.078943075289343,90.1301494317043,103.98142812829823,11.064469848014111,111.86924039781073,-16.61083122103872,2302.9580016203763,43535.17270833333,43535.17270833333,43535.17270833333,0,0,0
2019-08-13 03:30:00.000,5.98,126.06,41044.28020833333,0.0,3.0,5.6,4.533333333333333,0.09355318719993388,0.4771212547196628,0.010736030571259467,0.10563642134682513,0.7445048261198607,3.4551405591991053,0.6799259216353369,0.37687002261011127,0.4999999999999991,0.9591428316102695,109792268443.74466,0.5240110417998728,0.005840977343195231,0.6123724356957945,3.6122809875741004,19.6666332570516,22.19772545903737,2.3122436233448957,24.17552446197473,-0.5195231740983242,17885.608766203703,17885.608766203703,17885.608766203703,17885.608766203703,0,0,0
2019-09-21 21:32:00.000,5.21,126.51,41084.03159722222,6.4,3.0,5.6,4.666666666666667,0.21149321642250724,1.0931909275271363,0.04837555979593997,0.110759018942045,0.7042613220052727,3.3645926749412802,0.5364148530517177,0.2783127726055863,0.431082783557315,0.8225224219879985,110007212321.51103,0.2320172904684861,0.00771287040082566,-0.9999999999999999,3.259718258647996,89.5237764124011,101.41182973356895,13.266303108445175,115.392956976937,-98.95640680930676,1895.5638887731548,7689.537803240739,7689.537803240739,43535.17270833333,1,1,0
2019-09-23 14:46:00.000,8.89,126.8,41085.74965277778,4.5,3.0,4.5,4.333333333333333,0.9542425094393239,4.379285038931414,0.2517072799493607,0.08283624741336082,1.5328040537761836,6.761617875202015,0.6494586987710461,0.16736048491054584,-0.0892789260714375,0.08872651821070221,15266212610.856668,0.0013717421124828627,2.5210870330948685e-05,-1.4411533842457844,3.1062799081417087,33.2837971621517,40.850072420822535,7.222844199192426,39.54856108774458,-5.123336615358994,10444.50590856481,43535.17270833333,43535.17270833333,43535.17270833333,0,0,0
2019-09-25 20:57:00.000,8.92,126.97,41088.00729166667,0.0,4.0,4.5,4.3,1.3802112417116041,6.271156586835014,0.39997084335685595,0.0623424306088076,1.7371779276130073,7.724489494541292,0.63361553718389,0.1354835527048985,-0.043620858397106055,0.05342640972002766,16412344529.557314,7.233796296296398e-05,6.144212353328218e-06,-1.3333333333333333,4.061749219243962,33.2837971621517,39.214780638146806,6.743616913433937,38.74512895392541,-5.449111327472576,18451.193084490744,43535.17270833333,43535.17270833333,43535.17270833333,0,0,0
2019-09-27 12:45:00.000,5.09,126.61,41089.665625,6.4,4.0,5.6,4.55,0.27271773725851234,1.40894422831076,0.06027776166369938,0.14348139550385017,0.8685889638065036,4.163274742934627,0.6114472007825138,0.33707876161866807,0.4336905311912096,0.8068528194400546,110172113387.31355,0.15200112007940578,0.0024787521766663602,0.6324555320336758,4.819094914515003,89.5237764124011,100.63874746368774,10.941685895119036,115.2606179639734,-1.1409942996165865,3589.7740858796387,43535.17270833333,43535.17270833333,43535.17270833333,1,1,0
2019-09-29 02:02:50.000,5.52,126.66,41091.219675925924,0.0,3.0,4.3,4.266666666666667,,,,,3.7225241305993144,16.11172260323678,1.0623842525552167,0.1961611540042511,,-0.0281714336779455,12091979997.028452,,6.79872708748768e-12,0.6123724356957945,3.259718258647996,98.31950065404409,103.96883665753563,9.211023444538384,104.57812226611934,1.8459913029771406,1902.7519674768555,7696.72588194444,7696.72588194444,43535.17270833333,0,0,0
2019-10-12 15:51:00.000,5.41,126.59,41104.79479166667,0.0,3.0,6.4,5.333333333333333,0.22655305429424635,1.3705779864451029,0.07159132844704602,0.07761871901538293,0.40088721406454025,2.2009362751971855,0.22416354612984465,0.1689027166173273,0.3503001152877827,0.9098366872762149,578492388951.234,0.20909364675547829,0.06271022482807163,0.4472135954999578,2.7130647202950486,79.2639015240952,89.4460864834232,9.471143324859636,91.22411754618595,-2.3139816963711635,13.575115740743058,7710.300997685183,7710.300997685183,43535.17270833333,0,0,0
2019-10-16 12:09:29.000,6.76,125.01,41108.64096064815,6.6,3.0,6.3,5.266666666666667,0.20486306667832346,1.1931821157141738,0.05056877078794316,0.10581067138674452,0.6059923003301187,3.2646858362382085,0.4424755422328349,0.2592929828164764,0.47570899889089535,0.9126611931211883,468644216772.9801,0.24289065160461223,0.015206284059065848,-2.1213203435596424,4.95782220511194,6.50146257968848,8.432288104662808,1.784084258450562,8.761291289957025,0.517971792056641,0.022499999999126885,25736.448576388888,25736.448576388888,43535.17270833333,1,1,0
2019-10-17 15:05:00.000,6.81,125.05,41109.76284722222,6.6,7.0,6.3,5.028571428571429,0.48023324406016066,2.890692712682256,0.14719627627925888,0.08467758680728503,0.41361379228881134,2.5153291779966516,0.10918988448300737,0.09470008064929855,0.2806484693922444,0.21865255731054134,479755983805.31696,0.03624935370023985,0.0574326192676173,-2.2912878474779204,9.829789549278047,6.50146257968848,9.692388214608917,2.2550710785343213,8.792260198354466,0.6154638729057959,1.1443865740729962,25737.57046296296,25737.57046296296,43535.17270833333,1,1,0
2019-10-18 22:52:15.000,6.83,125.0,41111.087326388886,6.6,11.0,6.3,4.872727272727273,0.49857167339280123,2.994290521505977,0.10684521999692852,0.09473807562108566,0.7360923422089015,4.232213246938747,0.2328973229450176,0.15882908021251024,0.2942626480768471,0.55043163166388,480766287439.89703,0.031936327985138825,0.006190460736207604,-2.046864717663039,13.067874291736688,4.9723351300094,8.628021373325678,2.431948964868829,8.765747580896505,0.019002334864906142,2.4688657407386927,25738.894942129627,25738.894942129627,43535.17270833333,1,1,0
2019-10-20 07:59:00.000,6.77,125.05,41112.46701388889,6.6,14.0,6.3,4.828571428571429,0.5846809822985181,3.5001445628915935,0.12264840501922647,0.11698684270459966,0.9074810069620186,5.201006873431946,0.2954602476372621,0.22695257283901196,0.31358233145927805,0.5687430000949574,482515186202.4021,0.01761801815186089,0.0018947720907428215,-2.281407301888121,15.8529378831233,4.9723351300094,9.204835091115688,2.430565039740165,8.804858893420363,0.2962754579500526,3.8485532407430583,25740.27462962963,25740.27462962963,43535.17270833333,1,1,0
2019-10-21 13:53:00.000,6.76,125.02,41113.712847222225,6.6,19.0,6.3,4.7631578947368425,0.4809814267388231,2.893215953057152,0.06538428287422349,0.10048861095138649,0.7896263307331853,4.550191644993889,0.1762219472549062,0.17377463159560563,0.2847657472474667,0.5375381013840599,484183407858.0175,0.036062490806456536,0.004276820349208924,-3.6521858576011077,19.215643437577604,1.88740102042918,7.982572367031546,3.205589738380428,8.747408352518987,-0.3811145129358933,5.094386574077362,25741.520462962966,25741.520462962966,43535.17270833333,1,1,0
2019-10-22 18:45:00.000,6.76,125.0,41114.915625,6.6,20.0,6.3,4.74,0.737855820488506,4.3884176330157,0.14882822641705146,0.1474526274637611,0.8216382090061536,4.843499976205929,0.1845455365701352,0.15809721301284543,0.35247270379964313,0.4050696972033663,484240153779.49615,0.006115507998649212,0.003428351739657496,-3.3856589561212718,19.82883615300563,1.88740102042918,7.990016787871679,3.1202695535313794,8.746875230432153,-0.33576885819457053,6.297164351854008,25742.723240740743,25742.723240740743,43535.17270833333,1,1,0
2019-10-29 01:04:43.000,6.81,125.03,41121.17931712963,6.5,20.0,6.3,4.709999999999999,0.7129270760138263,4.242493875598561,0.14086954234571078,0.13843975859823066,0.812349390610402,4.769515610053646,0.18289953604392345,0.14769280213578362,0.3491895758546226,0.4287386127417214,483614295871.9974,0.00726471818954892,0.003655542421826417,3.3856589561212718,19.003436184919046,1.88740102042918,7.69153860846162,3.299469689790767,8.7521124176845,-0.80656809931902,12.560856481482915,25748.98693287037,25748.98693287037,43535.17270833333,1,1,0
2019-10-30 01:38:00.000,6.83,125.04,41122.20243055555,6.5,35.0,6.6,4.7371428571428575,0.6047818015429447,3.9913298594732427,0.08853963576909565,0.08795156703436158,0.6935501231915043,4.443194849095689,0.11643834092804076,0.10612277847028513,0.00038035322756968526,0.1935490449493784,1046820794601.3184,0.015333969509978791,0.008305191110231881,0.22613350843332283,26.82591782300344,1.88740102042918,9.098490418441338,5.763242798114545,8.008675118667835,0.2241463239348997,0.9551157407404389,1.0231134259229293,25750.010046296295,43535.17270833333,1,1,0
2019-10-31 05:34:00.000,6.84,125.09,41123.366319444445,4.4,41.0,6.6,4.675609756097561,0.5347093340736807,3.6082296936544744,0.060835500452171405,0.1248345709585075,0.7713338288629183,4.8327300659007255,0.12659201483038338,0.1982498704287292,-0.14802077264145108,0.3345804305964135,1171120827296.056,0.024881238705088352,0.004852868390238318,-0.6916259514310561,28.164317864234647,1.88740102042918,9.813657957283924,6.192528294299089,10.433160202000368,0.4138374491356484,0.18243055555649335,0.18243055555649335,25751.173935185187,43535.17270833333,0,0,0
2019-10-31 10:41:00.000,7.09,125.4,41123.579513888886,4.0,20.0,6.5,4.6499999999999995,0.49898440727520155,3.175409199538013,0.08579944972228362,0.08534453292190476,0.7360923422089015,4.341288330553958,0.18671325606415723,0.20467954524623702,0.1362556560075019,0.6022503813496956,777931427178.4968,0.03184540512427787,0.006190460736207604,-1.5555555555555556,21.265348438599453,2.51525495409447,12.824310373676912,7.54476457834968,14.290055526593292,0.6077200952723758,0.39562499999738066,0.39562499999738066,43535.17270833333,43535.17270833333,0,0,0
2019-11-01 06:07:55.000,6.8,125.11,41124.389872685184,4.0,48.0,6.6,4.589583333333334,0.47591189307417164,3.250459687455619,0.042512401014579905,0.12684023313720968,0.8293060458454056,5.093561411841694,0.12908987515177148,0.2547231559278254,-0.22996103850052219,0.4580437977523113,1170226100923.8098,0.037347739485423484,0.0032514858058505054,-1.5960477502420256,30.168448881932253,1.88740102042918,10.794695729713297,7.360640821735339,10.442956470121905,0.5105487037467049,1.205983796295186,1.205983796295186,25752.197488425925,43535.17270833333,0,0,0
2019-11-03 11:35:00.000,6.94,125.24,41126.61701388889,0.0,44.0,6.6,4.588636363636364,0.4432926949129177,3.053994607026202,0.039790496359932606,0.10942171432205954,0.755294751136091,4.678475837881944,0.11551307386773726,0.22619848329233447,-0.2893411555679757,0.4057614847121265,1169650514290.5405,0.04678664624505409,0.00542145361766226,-2.352686790700185,26.806392882145296,1.88740102042918,11.507491789317164,8.209613800113155,10.437075857724711,0.78151760074325,3.4331250000032014,3.4331250000032014,43535.17270833333,43535.17270833333,0,0,0
2019-11-08 05:38:00.000,6.82,125.1,41131.369097222225,0.0,39.0,6.6,4.584615384615385,0.40838269401649546,2.8436990861513265,0.03795627735303757,0.09333390735224159,0.6603307911979264,4.151464991817298,0.09923663962766215,0.19231706667142037,-0.36331927825634924,0.3130525379772182,1169039647015.9226,0.0595459074325086,0.010447385651382994,2.3301026868087695,23.373359537386488,2.51980395400403,12.713369272372613,8.502636431873839,10.451088460730515,1.7284870183175056,8.18520833333605,8.18520833333605,25759.176712962966,43535.17270833333,0,0,0
2019-11-15 08:34:00.000,6.86,125.19,41138.491319444445,0.0,4.0,4.5,4.225,1.505149978319906,6.652762904173983,0.4931749378082001,0.1259298820798893,2.48168275373287,10.77695928163273,1.3407072885072449,0.22290286362181166,0.08000000000000096,0.1573984868040199,14497482713.796104,3.0517578125e-05,3.588820514756982e-08,1.1547005383792515,0.8788033015888586,3.89094434192552,11.302099530402563,8.704702913476364,10.499290851648622,-1.4897763570338614,15.307430555556493,15.307430555556493,25766.298935185187,43535.17270833333,0,0,0
2019-11-20 22:31:00.000,6.84,124.98,41144.07256944444,0.0,3.0,4.2,4.133333333333334,,,,,5.211533782838985,21.8444097643595,2.0822731350081995,0.3698240606033472,,0.008448975944324033,9180657049.329304,,2.3195228302441573e-16,0.4472135954999578,0.24737966954174564,3.89094434192552,8.468470483499578,5.023235705726254,8.372207254498361,1.1577579199451253,20.888680555552128,20.888680555552128,25771.880185185182,43535.17270833333,0,0,0
2019-12-15 08:51:00.000,6.41,125.31,41168.503125,0.0,3.0,6.9,5.366666666666667,0.15936435051024384,1.00485175037041,0.04914265902202295,0.08026121528850315,0.3065608107552365,1.7033644977406084,0.18184843565589248,0.18536409053449054,0.5946265136893416,1.3436325910535114,1622521096466.8796,0.3325882856034537,0.1203143884008993,-0.9999999999999999,3.6122809875741004,5.10105068397818,6.036896814104339,1.321134914909887,5.467336140945169,-1.2141106245477515,0.11054398148553446,0.11054398148553446,25796.310740740744,43535.17270833333,0,0,0
2019-12-15 17:57:00.000,6.77,124.87,41168.88229166667,0.0,4.0,6.9,4.9,0.13622899826643872,0.8244277901440651,0.02879205482456662,0.127428644041556,0.4571520862139492,2.4306683361837593,0.324231306548526,0.3422699337064048,0.8482210055480497,1.583020356936104,1621864988577.6497,0.39022312739753157,0.04251515251442983,-0.9999999999999998,0.7889312631056621,4.67289688472913,6.285734901894955,2.435933640040991,5.461669963274525,9.310286666538639,0.489710648151231,0.489710648151231,25796.68990740741,43535.17270833333,0,0,0
2019-12-15 18:24:00.000,6.59,125.03,41168.901041666664,0.0,8.0,6.9,4.6375,0.22526205449742487,1.406007347987535,0.041200143101351776,0.11120484709699897,0.4991890596589101,2.795564054903441,0.20232649602899766,0.2752277801521408,0.6583480221538691,1.2997890161823333,1622597781576.804,0.21096666450637616,0.03180041744537983,-0.9999999999999998,3.080302715902798,4.1058164433782505,6.758553016286026,2.2396272502013406,5.467642919707362,0.6948449246107635,0.5084606481468654,0.5084606481468654,25796.708657407406,43535.17270833333,0,0,0
2019-12-16 02:34:00.000,6.73,125.22,41169.241319444445,0.0,10.0,6.9,4.590000000000001,0.2668910791863602,1.6609415343310752,0.046173983708116526,0.1352001201686973,0.6268167780046932,3.477728507633968,0.2546891566011845,0.3610540004395772,0.6767064399657174,1.3517622538688183,1622667684603.1174,0.1582438215334282,0.013168905039178015,-1.0,3.9879577746572474,4.1058164433782505,6.939964772216035,2.119210682156668,5.468241028863517,1.7125535610255838,0.848738425927877,0.848738425927877,25797.048935185187,43535.17270833333,0,0,0
2019-12-16 08:53:00.000,6.48,125.35,41169.50451388889,0.0,10.0,6.9,4.5600000000000005,0.2553138661452327,1.590835973287151,0.04300199362423654,0.12578130257018783,0.5544184875360668,3.1067088980351247,0.2027753659442159,0.30279914845768824,0.6690968481037372,1.2964550824380243,1622655634908.343,0.1714187806680489,0.02171423518842873,-1.5075567228888183,7.345194752481785,4.67289688472913,7.61148165520639,2.184288833585336,5.468650099437372,5.030622166988128,1.1119328703716747,1.1119328703716747,25797.31212962963,43535.17270833333,0,0,0
2019-12-17 06:07:00.000,6.7,125.17,41170.389236111114,0.0,17.0,6.9,4.458823529411766,0.33814640667289186,2.099890171317537,0.04527434247981846,0.17206635914076995,0.7896263307331853,4.357823274237604,0.24687996201740284,0.4640586654582328,0.6899970844614671,1.381157599960896,1622881781658.859,0.09672990917291081,0.004276820349208924,-1.46312704190058,7.627147862239525,3.98019294363022,6.747545102234676,2.13227886746587,5.469375479483534,-0.8261763865350349,1.9966550925964839,1.9966550925964839,25798.196851851855,43535.17270833333,0,0,0
2019-12-17 20:18:05.000,6.53,125.32,41170.980266203704,0.0,17.0,6.9,4.476470588235294,0.3513864482564716,2.181732516607596,0.048857046292856685,0.1795645209579777,0.7523211497536647,4.201141514123617,0.22395653185267209,0.4150611271699738,0.6910738236120508,1.315760456157304,1622923556186.3757,0.08827559535167051,0.005533966817774029,-1.6616697917502403,8.822147665329627,3.98019294363022,6.838521622797709,2.0436744014445587,5.469610817056081,-0.9469400732816734,2.587685185186274,2.587685185186274,25798.787881944445,43535.17270833333,0,0,0
2019-12-19 10:11:00.000,6.71,125.14,41172.55868055556,0.0,20.0,6.9,4.525,0.4322908234406917,2.704327061919314,0.06547278351699508,0.18108145979816104,0.7325449092344011,4.222816654462723,0.18800841195126367,0.3294210378256533,0.644195075909737,1.135416011728097,1624142760858.413,0.0504809512071963,0.006344030646632209,-2.335496832484569,9.154398994422756,3.7901118942365803,6.587657504402917,2.0889552217122778,5.476668664156655,-0.6892665518576121,4.166099537040282,4.166099537040282,25800.3662962963,43535.17270833333,0,0,0
2019-12-20 15:45:00.000,6.68,125.14,41173.790625,0.0,21.0,6.9,4.5285714285714285,0.44565098429464967,2.786271988189143,0.06620603123999166,0.18922262667839765,0.7445048261198607,4.303011528759097,0.18477484606542532,0.3303318248585405,0.6478608005340964,1.1203040493570446,1624201420304.9404,0.04603064358712311,0.005840977343195231,-2.4302777619029476,9.706324272414879,3.7901118942365803,6.620298605327652,2.041548797669112,5.4772994047478845,-0.29888658113029115,5.398043981484079,5.398043981484079,25801.598240740743,43535.17270833333,0,0,0
2019-12-21 21:26:00.000,6.4,125.24,41175.02743055556,0.0,23.0,6.9,4.521739130434782,0.46339792696222076,2.895588933870123,0.06571941373640774,0.1988546599555546,0.7896263307331841,4.546879510457647,0.1908221351463518,0.35844627208665336,0.65139860281207,1.1417326607690796,1624301377416.2634,0.04071985465010583,0.004276820349208958,-2.632514198321979,15.710225889364894,3.7901118942365803,6.595708783035235,1.9364813631585462,5.477651449061175,-0.27809622631334047,6.634849537040282,6.634849537040282,25802.8350462963,43535.17270833333,0,0,0
2019-12-22 03:23:00.000,6.66,125.24,41175.275347222225,0.0,25.0,6.9,4.504,0.4712192844259157,2.942942203019465,0.06272100569971852,0.20418674676638268,0.8550875809494067,4.870121440940338,0.2065323565341253,0.41446672359916875,0.6546227408650349,1.2045349395286218,1624335209509.152,0.0385782165631791,0.00272105460526489,-2.4999999999999996,11.489838384249506,3.7901118942365803,6.417859246364771,1.9550704796659075,5.477376349422098,-0.2675292278578883,6.882766203707433,6.882766203707433,25803.082962962966,43535.17270833333,0,0,0
2019-12-24 01:58:00.000,6.83,125.06,41177.216319444444,0.0,23.0,6.9,4.517391304347826,0.4544825390001409,2.8383944947888904,0.06219747358773672,0.19835689336912743,0.8590440301383003,4.8632574316841675,0.22221285924010623,0.432376627050524,0.6546676687880186,1.2387565001747172,1624204645473.1968,0.043306429920743225,0.0026476947213147457,0.6767155423319645,10.492305070669293,3.7901118942365803,6.507519149334285,2.0267079898954328,5.476972728061891,-0.0675617533350501,8.823738425926422,8.823738425926422,25805.023935185185,43535.17270833333,0,0,0
2020-01-13 01:07:42.000,14.03,120.92,41197.18138888889,4.6,3.0,4.1,4.033333333333333,,,,,5.21153378283904,21.323256386075823,2.0822731350082244,0.044032123564239356,,0.008448975944324033,7462318208.131916,,2.3195228302432847e-16,-0.9999999999999999,7.410849195313975,6.1198653227692805,19.792257296382527,11.946775034339876,20.426592625689228,-13.407612663333465,884.8189483796232,29144.38810185185,43535.17270833333,43535.17270833333,0,0,0
2020-01-14 23:34:59.000,14.12,121.07,41199.117002314815,4.0,7.0,4.1,4.042857142857144,,,,,,,,,,,11634462397.078293,,,-1.5275252316519468,13.247641299491772,6.1198653227692805,23.318574999120482,8.597277385381542,24.150552801346134,4.232135255123362,9191.957679398143,43535.17270833333,43535.17270833333,43535.17270833333,0,0,0
2020-01-19 00:59:02.000,13.68,120.96,41203.17537037037,4.0,6.0,4.1,4.050000000000001,,,,,,,,,,,10932144498.881155,,,-1.4411533842457844,8.757171500436238,20.9808704667688,26.185026611845686,4.435858136306242,26.641800729454722,3.116416307616849,1015.7428410879656,9196.238590277779,9196.238590277779,43535.17270833333,0,0,0
2020-02-06 13:40:02.000,5.28,126.56,41221.70384259259,4.3,3.0,4.6,4.233333333333333,0.7262227698167678,3.2339223745526215,0.22512677568207215,0.11838434572598888,1.5328040537761836,6.608337469824397,1.0029071068146285,0.2337910964261923,0.14692787260227647,0.2887265182107015,15178383738.433117,0.006627224619061219,2.5210870330948685e-05,-1.4411533842457844,2.0450933046475694,84.91960221425661,88.36013481179661,3.0441337620262416,88.9584005776482,-0.7075112666625426,130.4841666666689,7827.2100486111085,7827.2100486111085,43535.17270833333,0,0,0
2020-02-07 01:02:57.000,5.06,126.51,41222.178090277775,0.0,4.0,6.1,4.824999999999999,0.2836284095219402,1.5803894126509708,0.08113486671838775,0.135613532062519,0.5603799766493576,2.8996178955903282,0.3167183931835814,0.2329162910848811,0.5279579915328645,0.9256218701320851,309579853259.71924,0.14096612817887888,0.020838193670452643,-0.9999999999999998,3.7639984282255172,84.91960221425661,92.66447488104758,6.752104726436368,99.85913638254804,16.564047613524654,0.4742476851824904,43535.17270833333,43535.17270833333,43535.17270833333,0,0,0
2020-03-04 20:16:07.000,5.15,126.75,41248.978900462964,0.0,3.0,4.9,4.466666666666667,0.5339115895416158,2.5741336967641466,0.1706908319101464,0.07646658749289008,0.8405699649740359,3.8394011146158062,0.4230768230449292,0.1594906803158701,0.07872668961139784,0.33238365085481014,28327282275.42535,0.02501872833521171,0.0030080850072550297,1.4411533842457844,2.4934765753283394,66.14280175790739,83.24345365726494,15.07521301794042,84.74454517607336,-24.67950627612673,27.2750578703708,7854.485106481479,7854.485106481479,43535.17270833333,0,0,0
2020-03-10 17:16:39.000,11.26,124.62,41254.85427083333,0.0,3.0,5.4,4.533333333333333,0.1363203584913322,0.6816017924566609,0.01852129600540799,0.11405379475249264,0.8985403073860382,4.161136515002418,0.8046834350507385,0.3562986954588936,0.40000000000000124,0.7690040604770809,72773973787.8734,0.38997693758622876,0.00201548271450704,1.4411533842457844,5.887866499588108,1.80556789961413,3.676451907793497,3.090466571545119,1.8671607253623577,1.249186504762377,978.3838491898132,978.3838491898132,43535.17270833333,43535.17270833333,0,0,0
2020-04-22 03:50:35.000,13.73,120.89,41297.29450231481,4.0,3.0,4.6,4.433333333333333,0.9542425094393243,4.474709289875347,0.2517072799493604,0.08283624741336083,1.5328040537761882,6.914898280579654,0.6494586987710486,0.17069913362019334,-0.08927892607143573,0.08872651821070221,18781544623.719105,0.0013717421124828585,2.521087033094786e-05,-0.9999999999999999,2.599710778816777,18.9979787696285,21.6479549865992,2.460913746945535,21.876137637510404,24.269600707856988,984.9320618055499,9290.35772222222,9290.35772222222,43535.17270833333,0,0,0
2020-07-18 18:36:10.000,12.94,125.81,41384.90949074074,4.5,3.0,4.5,4.233333333333333,1.0256360732154912,4.538816852173774,0.35153612104784393,0.07834514779044838,1.5328040537761836,6.608337469824397,0.785157280999174,0.15493269739687915,0.07463220073369392,0.18872651821070185,13343510729.228596,0.0008377062976308601,2.5210870330948685e-05,-0.6123724356957945,7.410849195313975,6.40138455890428,13.02132859531813,9.951079409580126,11.755189121864541,0.5221939861320192,9206.61276388889,9206.61276388889,43535.17270833333,43535.17270833333,0,0,0
2020-07-23 19:06:47.000,12.73,125.74,41389.930752314816,4.5,4.0,4.5,4.25,1.3193585656727005,5.916829320180854,0.41671062228750483,0.07591259684501728,1.4476482730108402,6.392653083371323,0.5016894892069864,0.11008924187202702,0.015374308299545447,0.08411169166403276,15264447777.984032,0.00011013473292650132,4.539992976248456e-05,0.0,8.867725110565202,6.40138455890428,12.96464506268197,8.12581317173866,12.011325109767103,0.3422173246327015,8808.030454861117,8808.030454861117,8808.030454861117,43535.17270833333,0,0,0
2020-07-29 19:00:42.000,12.8,125.84,41395.92652777778,0.0,4.0,4.3,4.15,1.982271233039556,8.571478427542056,0.583375749854642,0.05171799541411685,2.171472409516257,9.28794962939299,0.7000528796998192,0.09780999774127694,-0.024069423334568185,0.022741127776021663,11449853884.551477,1.1302806712963945e-06,3.0590232050183034e-07,1.1547005383792515,8.01355519627422,1.9958765173433,11.414201151499894,9.764914676293209,13.021355168610157,-2.3273270318053045,9217.62980092593,9217.62980092593,43535.17270833333,43535.17270833333,0,0,0
2020-08-17 20:04:44.000,11.97,124.03,41414.97099537037,6.6,3.0,4.9,4.5,0.4791788630572557,2.3606760634751423,0.13972437045135963,0.08204495754794239,0.7896263307331853,3.635626577652404,0.37941989510623775,0.1678634247048039,-0.026502910444677674,0.2957632412325397,29446365679.460888,0.03651433627469015,0.004276820349208924,-0.6123724356957945,6.539149811747721,3.50381012377024,4.82868209635242,1.2327946029610575,3.9711590653193944,0.05670620502017733,6262.245121412037,38510.219606481485,38510.219606481485,43535.17270833333,1,1,0
2020-08-18 21:50:43.000,11.86,124.07,41416.044594907406,0.0,8.0,6.6,4.6000000000000005,0.2658500086315797,1.586006945947458,0.04981957887145536,0.1378761595962586,0.5497398505104453,3.007877376479889,0.2130301801400744,0.26473341338482,0.6342038952295903,1.1285440491770595,871552628889.738,0.15938592752737848,0.022427478471863323,-0.917662935482247,12.540857118757762,1.54718193644559,4.555975569800449,1.6628989504201093,1.5605952864745694,-0.03724260553807701,0.9075925925935735,0.9075925925935735,38511.29320601852,43535.17270833333,0,0,0
2020-08-20 17:25:34.000,12.32,123.82,41417.86046296296,0.0,6.0,6.6,4.733333333333333,0.23672205767103377,1.4148445113115238,0.05130312247281327,0.12081506105048839,0.469507548003516,2.57399169294273,0.2018140979920508,0.22391645412244685,0.6231826081974372,1.1176777159641018,871495817325.35,0.19490986783020758,0.03903708281352961,-0.554700196225229,10.480523440714762,1.54718193644559,4.336752404265478,1.8585553911391188,1.5580594202283602,-0.09833490662801413,2.723460648150649,2.723460648150649,38513.10907407408,43535.17270833333,0,0,0
2020-08-20 20:01:37.000,11.94,124.06,41417.968831018516,0.0,11.0,6.6,4.572727272727273,0.3647135780415749,2.1950110925814803,0.07086442550218734,0.14623589203441603,0.5903031792859733,3.324371393015345,0.1856413213596835,0.23023226993597523,0.5815481936039575,0.9683661046235903,872477261298.0156,0.0805117498746489,0.01694690762314246,-1.4190484946389204,15.165249753966622,1.54718193644559,4.603696348908357,1.7467829349778832,1.5672330606561429,0.025567714964985663,2.83182870370365,2.83182870370365,38513.21744212963,43535.17270833333,0,0,0
2020-09-01 04:22:19.000,11.95,124.01,41429.31653935185,0.0,5.0,5.1,4.32,0.383129085390522,1.8718592457651209,0.07033361608416566,0.08768631474897848,0.7238241365054201,3.3410913689867456,0.2510376279419537,0.18391282908431952,0.2142857142857162,0.48411169166403223,40650016218.76541,0.07089453263721619,0.006737946999085445,1.5075567228888183,6.50052317917223,2.3426721455729,4.550235797212826,1.6926925144519778,2.708721028402859,0.8002791699979839,14.179537037038244,14.179537037038244,38524.565150462964,43535.17270833333,0,0,0
2020-09-09 03:41:05.000,3.79,126.74,41437.28790509259,4.8,3.0,4.5,4.3,1.4313637641589805,6.34571268777148,0.47122451182989367,0.15087898849914963,2.895296546021689,12.637366748010756,1.9280306805631766,0.2574418656994659,0.06666666666666732,0.13520815669978425,14089292109.025114,5.080526342529328e-05,2.0611536224384135e-09,-0.9999999999999999,4.95782220511194,175.346746296763,193.89051968838433,18.231883074356166,186.8923874316541,-109.13264204120195,4227.420972222222,4227.420972222222,4227.420972222222,4227.420972222222,0,0,0
2020-09-13 00:41:43.000,3.96,126.55,41441.16334490741,4.6,3.0,5.5,4.633333333333334,0.13632035849133195,0.695233828305793,0.018521296005407906,0.11405379475249264,0.8985403073860382,4.250990545741023,0.8046834350507379,0.3689078369957999,0.40000000000000036,0.76900406047708,89531547279.13945,0.3899769375862294,0.00201548271450704,-1.4411533842457844,4.607707969367495,186.09624455844,197.47368577560997,13.09895179870365,186.47081013882132,-86.46245813940547,4231.296412037038,4231.296412037038,4231.296412037038,4231.296412037038,0,0,0
2020-09-14 04:50:18.000,3.45,127.03,41442.33597222222,4.2,3.0,5.5,4.766666666666667,0.30615370820295595,1.5831671121981477,0.0800196176742525,0.1113204644142506,0.8405699649740359,4.091572104108017,0.6032053150248233,0.25321588968495484,0.3288488109749377,0.63238365085481,90133950184.20073,0.1206532084751015,0.0030080850072550297,-1.4411533842457844,4.308100197271101,175.346746296763,200.58353494653633,34.81938784319214,186.59197472206742,11.903272188366497,4232.469039351854,4232.469039351854,4232.469039351854,4232.469039351854,0,0,0
2020-09-15 01:56:34.000,3.79,126.56,41443.21532407407,4.1,6.0,5.9,4.8500000000000005,0.40844751403334595,2.3967260218976945,0.10976540171019333,0.08047611248060423,0.5264175538221233,2.9182972281453052,0.18232813193976774,0.12614519074932307,0.0321077015980471,0.35630715207608965,224012913751.28256,0.059519251076832216,0.026347980814448748,-2.1213203435596424,8.326700657159703,186.09624455844,201.60816173330485,13.659008717858528,213.78456697248907,-0.9403210567094304,4233.3483912037045,4233.3483912037045,4233.3483912037045,4233.3483912037045,0,0,0
2020-09-16 00:05:57.000,3.48,126.23,41444.138506944444,4.0,4.0,5.9,4.675000000000001,0.29133999859262943,1.5801541172046762,0.08335112605503935,0.11116604936335779,0.5990268715906917,2.998167477690729,0.3523739974849637,0.23896900053647627,0.4762541194552874,0.8949365881880782,204767285366.17294,0.1336533978458962,0.015955829438551086,-0.8660254037844386,5.9546515815684335,197.32379441539098,209.07317393374072,10.067430423776072,221.03467463584883,-1.41637336436978,4751.59530069444,43535.17270833333,43535.17270833333,43535.17270833333,0,0,0
2020-09-20 22:21:46.000,9.38,127.04,41449.066157407404,5.2,3.0,5.7,4.633333333333333,0.1706904149517622,0.887803026185359,0.03594799989008023,0.10928131304831079,0.6355529003462228,3.019332856104554,0.49837915942670546,0.29927060505643577,0.49875289754110863,0.9492816027434587,135089471549.4192,0.30755922306243016,0.012397705021160586,-0.44721359549995787,6.539149811747721,7.71910435784961,11.160838449132202,2.9809668600876615,7.762196350836874,-0.323692134400908,43535.17270833333,43535.17270833333,43535.17270833333,43535.17270833333,1,0,0
2020-09-22 02:51:25.000,9.33,127.02,41450.25341435185,5.3,6.0,5.7,4.633333333333333,0.41346691262802887,2.316456529020649,0.10965719276267993,0.06874618498263432,0.5603799766493569,2.9556558932552615,0.201428453738833,0.12695621020932735,0.09748028615623561,0.4256218701320842,144064455634.46826,0.05749092047724221,0.02083819367045274,-0.9797958971132713,9.814560628250268,7.14311333343041,11.494748447455398,5.3956137328893385,9.698048685012742,-0.22396173493268334,43535.17270833333,43535.17270833333,43535.17270833333,43535.17270833333,1,0,0
2020-09-22 22:21:50.000,9.39,126.76,41451.066203703704,5.3,8.0,5.7,4.5,0.4348441213798061,2.4283305881549495,0.09689992189539987,0.07413380777717396,0.6893563204813522,3.5942665503576983,0.24352510774549904,0.16238023219091813,0.11562971933574406,0.48605411516651653,144245360808.094,0.0495983964705963,0.008549309479686046,-1.6858544608470494,10.832886466569427,3.89002636176121,10.998654106654225,5.537488054180601,9.709662095630193,-0.3731668419083741,2881.1696388888886,2881.1696388888886,25024.475497685184,25024.475497685184,1,0,0
2020-09-23 20:59:28.000,3.39,126.4,41452.00900462963,0.0,4.0,4.6,4.2749999999999995,1.1562656207653097,5.237275383066725,0.3843731784070884,0.08289212117307945,1.33629071354847,5.947222845521843,0.5133809504458148,0.11483109577300701,0.07052572608681817,0.14945433263603647,17252735915.89775,0.0003397841667012669,9.797783966128733e-05,2.8284271247461903,5.320522872923015,200.855001149168,215.345268426035,17.54197478866223,213.80827393462062,-4.717415621800071,4759.465798379628,43535.17270833333,43535.17270833333,43535.17270833333,0,0,0
2020-09-24 00:38:23.000,9.38,126.97,41452.16103009259,5.3,12.0,5.7,4.416666666666667,0.5535195080678057,3.067147142333493,0.11034577805515851,0.07741889571524317,0.8106830328860702,4.249966778135752,0.23669660304131032,0.1628289076502228,0.15882738073656189,0.4575481344346537,145503513124.46664,0.021849498626159824,0.0036978637164829277,-2.0412414523193148,14.82169839062795,3.89002636176121,15.321514898620107,8.5211719687686,10.08485789194919,0.8070902195365378,8764.633119212955,43535.17270833333,43535.17270833333,43535.17270833333,1,0,0
2020-09-25 18:40:42.000,9.2,126.88,41453.91263888889,5.3,15.0,5.7,4.466666666666668,0.6845431088973156,3.8354523758484755,0.14862353135698683,0.1063868310071972,0.7305888480615456,4.022715671297816,0.1692902895334884,0.1116358582848991,0.09706232376402557,0.19387205680569242,154189920110.98633,0.008838339368899573,0.006430332881807396,-2.4140393963016744,16.571162571721665,3.89002636176121,16.817093736215657,8.277320028298236,11.781406029431063,1.1161707047245253,8771.604315972221,43535.17270833333,43535.17270833333,43535.17270833333,1,0,0
2020-09-30 19:41:41.000,9.16,126.91,41458.954988425925,5.3,16.0,5.7,4.45,0.7081713875904732,3.960780704083432,0.1514952923295079,0.10146198738357468,0.7042613220052737,3.9121400618614746,0.1498269921584278,0.10376746359459396,0.1070308777090796,0.14504484397599882,154393163603.15402,0.007507335715584875,0.0077128704008256055,0.3110855084191277,17.2644458012122,3.89002636176121,17.483542141303243,8.49998554866569,11.901202971917206,2.4286384301026014,10817.711244212958,43535.17270833333,43535.17270833333,43535.17270833333,1,0,0
2020-09-30 20:47:51.000,7.86,127.56,41459.0009375,0.0,3.0,4.5,4.166666666666667,0.6816017924566625,2.9763278270607585,0.17808938466738516,0.14724281588272098,2.0044360703226998,8.494865536010462,1.5401428513374376,0.3094887648684735,0.13333333333333552,0.2619673374552427,12553501703.852962,0.009019752538805272,9.698214581498479e-07,-2.1213203435596424,5.375620014486486,5.34396716030172,8.616120301251387,3.1465745588681284,10.437856783016393,-0.13279016560335474,28252.90295138889,28252.90295138889,28252.90295138889,28252.90295138889,0,0,0
2020-09-30 22:10:50.000,9.23,126.59,41459.05856481481,4.6,20.0,5.7,4.375,0.7718004581587535,4.232913906191707,0.13659925737509113,0.10632430534018616,0.9650988486738925,5.132596410477974,0.2135904689519526,0.14342257675548706,0.21553330728779052,0.3817920075953989,148078406894.1735,0.004837251027341427,0.0012726338013398116,-0.5834599659915782,18.26226767446663,3.59537068610242,15.990249504767899,8.776631517665535,10.705820480743098,-0.11982070955447673,2889.1619999999966,2889.1619999999966,25032.46785879629,25032.46785879629,0,0,0
2020-10-03 22:19:27.000,9.26,126.67,41462.06454861111,4.4,22.0,5.7,4.454545454545454,0.8081281111725324,4.5679330188982705,0.1589656827862283,0.1035429715469418,0.8000161508744115,4.506195869350766,0.15579031691047623,0.09994993967230262,0.04751377195560291,0.0673688782088595,166389455031.2899,0.003763705784185431,0.003980627576917971,1.496264004161449,19.820127930233053,3.59537068610242,17.50719316171917,10.33003559736649,16.45474021878717,0.35212077100308115,2892.1679837962947,2892.1679837962947,25035.47384259259,25035.47384259259,0,0,0
2020-10-06 01:22:02.000,9.4,126.81,41464.191342592596,4.2,18.0,5.3,4.388888888888888,0.9119694511615017,4.881857077424967,0.17827360106289,0.09441188309771954,1.042306756567806,5.45686962363241,0.23287215477491913,0.10673723877134732,-0.0530927721398351,0.06462222925500072,84603411548.39555,0.0018369259377272011,0.0007465858083766711,0.5477225575051661,16.655255992726936,3.59537068610242,20.282031357416415,11.128907391742695,30.723813644761243,0.24342230464587708,2894.294777777781,2894.294777777781,25037.600636574076,25037.600636574076,0,0,0
2020-10-06 02:29:18.000,9.15,126.72,41464.23805555556,0.0,19.0,5.3,4.389473684210526,0.9522585504981825,5.084202975879805,0.18386261537116605,0.09771317397354483,1.0753958599509108,5.6306059641006625,0.2344878755559378,0.10708837723552025,-0.03909931627283303,0.0641550671789961,85093558056.63258,0.0013906708405531432,0.0005940355282203943,0.3985266984930429,16.358795851760508,3.59537068610242,20.79890413756808,11.047527904750792,30.712475678994537,0.43927907402771305,2894.3414907407423,2894.3414907407423,25037.647349537037,25037.647349537037,0,0,0
2020-10-06 21:18:05.000,9.75,126.67,41465.02193287037,5.0,4.0,4.7,4.375,1.2041199826559232,5.559020586594848,0.39398904476455987,0.0983159848865315,1.930197697347789,8.708890320188676,1.0123908353444315,0.18980282659466974,0.08333333333333215,0.1880837687480259,21075937425.81688,0.0002441406250000026,1.6195967923125758e-06,0.0,8.01355519627422,26.975406795614198,30.720827828465726,2.8406133833495675,28.8565468410059,0.0754510155458676,8737.331157407403,8737.331157407403,25038.431226851848,25038.431226851848,1,0,0
2020-10-08 22:42:37.000,9.73,126.54,41467.08063657407,5.0,6.0,4.4,4.183333333333333,,,,,,,,,,,15229479789.411835,,,-1.2163272811190746,8.757171500436238,5.53169872578952,25.467523450888123,10.750463674923461,26.33580411974098,-4.278611218239782,2897.1840717592568,2897.1840717592568,25040.489930555552,25040.489930555552,1,0,0
2020-10-12 19:21:35.000,9.8,126.24,41470.941030092596,4.1,5.0,4.2,4.12,,,,,,,,,,,11858384387.438831,,,-1.2632278815997788,8.078943075289343,22.9690670492606,30.91913244698538,6.19108745183448,29.526431354196873,4.2006551316332335,1928.5265289351955,8407.285769675931,25044.350324074076,25044.350324074076,0,0,0
2020-10-16 00:42:00.000,10.49,122.04,41474.16354166667,4.2,3.0,4.5,4.333333333333333,0.9542425094393239,4.379285038931414,0.2517072799493607,0.08283624741336082,1.5328040537761836,6.761617875202015,0.6494586987710461,0.16736048491054584,-0.0892789260714375,0.08872651821070221,15266212610.856668,0.0013717421124828627,2.5210870330948685e-05,-0.9999999999999999,7.410849195313975,8.51051673941035,11.287768489773141,3.754586792067363,9.877842574135444,-7.082846376239055,26563.288888888892,26563.288888888892,26563.288888888892,26563.288888888892,0,0,0
2020-10-17 00:57:07.000,10.48,122.03,41475.17403935185,0.0,4.0,4.5,4.35,1.2041199826559226,5.5844006765178555,0.2888005360881466,0.13551511090535331,1.4476482730108402,6.537417910672406,0.4174308871608762,0.17010003404284418,-0.1377443751081726,-0.015888308335965995,17782958825.520172,0.0002441406250000036,4.539992976248456e-05,-0.9999999999999998,8.867725110565202,8.51051673941035,11.344755300751956,3.067725211392518,10.3125971771202,-6.171663928466196,26564.299386574072,26564.299386574072,26564.299386574072,26564.299386574072,0,0,0
2020-11-16 23:21:39.000,5.41,126.36,41506.10774305555,0.0,3.0,4.9,4.3,0.2602479571198157,1.205815534655146,0.04673300943767584,0.1286700337241144,1.240841376866435,5.440486762185403,1.0623842525552156,0.3509708666051143,0.2666666666666666,0.5154856989661623,26313329547.148106,0.16567467550414722,0.0001894418252328926,-2.1213203435596424,2.7130647202950486,73.9749354135639,86.49612216015511,13.810466628314877,99.48690896498763,-2.5268877013380857,284.4039004629594,8111.613949074068,8111.613949074068,43535.17270833333,0,0,0
2020-12-25 01:24:46.000,13.77,120.48,41544.193240740744,0.0,3.0,6.3,4.833333333333333,0.10006516819613685,0.5603015014620891,0.016940917258109246,0.10325286237066447,0.49165413045651174,2.4437377765457096,0.4089690532032755,0.32535947393906517,0.7006339912021424,1.3295591450098367,467790892528.2292,0.5009616669746971,0.033499444744003654,-0.6123724356957945,2.299312497411129,14.641633884917798,16.285719214087766,1.5055524567490197,17.595333815283915,-0.024267265255592342,0.0701967592613073,17775.246258101855,17775.246258101855,43535.17270833333,0,0,0
2020-12-27 22:31:29.000,13.78,120.48,41547.072905092595,4.3,3.0,6.3,4.8,0.07519747290215584,0.41968995421208766,0.009761511105458916,0.0995654006394377,0.5109346845920612,2.520859993087907,0.45065203042973406,0.3551732031275062,0.7188290109406648,1.3661795546321063,467777724625.77826,0.5948501580240761,0.029322159123893774,-1.4411533842457844,2.210133864088711,14.641633884917798,16.59006929659427,1.6877130572175587,17.59599283929636,2.6828334065915262,2.9498611111121136,17778.125922453706,17778.125922453706,43535.17270833333,0,0,0
2020-12-29 16:21:45.000,5.01,125.45,41548.816145833334,4.2,5.0,6.2,4.619999999999999,-0.0,0.0,0.0,0.0,,,,,,,380413171938.1336,1.0,,1.9867985355975657,5.948525409849168,40.8969662576232,49.63460480070758,6.962029471253037,48.47094061719769,1.961620951211734,13.70822916666657,43535.17270833333,43535.17270833333,43535.17270833333,0,0,0
2020-12-30 23:02:55.000,5.02,125.36,41550.09473379629,0.0,5.0,5.5,4.5,-0.0,0.0,0.0,0.0,,,,,,,90143253396.8479,1.0,,-0.40824829046386296,5.490790707171333,36.074939013888496,44.580241017572796,9.525600069713876,48.99162254219398,-0.47457059699978527,14.986817129625706,43535.17270833333,43535.17270833333,43535.17270833333,0,0,0
2021-01-21 22:45:49.000,5.12,127.61,41572.0828587963,0.0,3.0,7.1,5.266666666666667,0.08100949068224439,0.5037106637450676,0.013897627072902275,0.09974266868310853,0.38892043155515105,2.1105870672512967,0.32032465586479736,0.3188655996034142,0.8820783774478098,1.6732162776539443,2454741954073.838,0.5714411721546403,0.06811436391683279,-0.9999999999999999,4.607707969367495,19.981073908075903,25.54880874173753,8.75827361444889,21.021727639973605,19.263035824995907,0.4324537037027767,0.4324537037027767,0.4324537037027767,23130.60050925926,0,0,0
2021-01-22 04:37:31.000,5.06,127.39,41572.32709490741,0.0,5.0,7.1,4.9799999999999995,0.15839447654653205,1.0041076108834703,0.03188911145502,0.10845963645907067,0.3384112845999363,1.9322897784993884,0.14556334447089134,0.20570808058960294,0.7607157473165387,1.3901142295425917,2454950518731.3735,0.33482399223955034,0.09655308312681714,-1.2632278815997786,6.82361176504136,19.2925212575405,23.07700537700008,7.057798745314676,21.0205585481638,4.774350766564935,0.676689814812562,0.676689814812562,0.676689814812562,43535.17270833333,0,0,0
2021-02-01 17:14:51.000,5.38,127.3,41582.85302083333,5.7,4.0,7.1,5.2250000000000005,0.16701094114020792,1.057529691364261,0.0411926717532053,0.11671862807701024,0.4454302378494888,2.517410014080764,0.2930147654407891,0.28920731158083446,0.7679017306030831,1.4483629979081059,2454949430715.871,0.31547661811773514,0.046100887528346096,1.5491933384829666,5.617321208040141,19.4460794022473,26.278183614378175,12.274894641837106,21.021451005337138,17.581708797919905,11.20261574073811,11.20261574073811,11.20261574073811,23141.370671296296,1,0,0
2021-02-04 23:14:42.000,9.27,126.82,41586.10291666666,0.0,3.0,5.2,4.5,0.35577403715855765,1.7427306664456421,0.10496584737778615,0.10107666478519074,0.7896263307331853,3.635626577652404,0.5170621596276366,0.22409453150725847,0.30157997934807135,0.5957632412325395,48597023284.12859,0.08564024252887038,0.004276820349208924,0.6123724356957945,1.4588269454419482,15.549520904366,37.4297090258034,23.649906072442267,17.037813834424526,0.32694396018319377,3016.206351851848,3016.206351851848,25159.512210648143,25159.512210648143,0,0,0
2021-06-02 18:13:27.000,5.33,127.24,41703.89371527778,0.0,4.0,5.6,4.775,0.3285456498916084,1.8560011028010603,0.09310018550407814,0.0780430080942846,0.5264175538221233,2.7077302066164557,0.23901206783840864,0.16214414201894786,-0.049142222438129934,0.4563071520760893,119934628103.19742,0.10336251080225803,0.026347980814448748,0.0,4.061749219243962,25.890084234987,38.60399746833392,23.06416938574054,35.73307519683773,-2.449029792535183,132.2433101851857,132.2433101851857,132.2433101851857,23262.411365740743,0,0,0
2021-06-06 01:51:25.000,10.21,126.45,41707.211747685185,5.3,3.0,4.9,4.366666666666667,0.47917886305725543,2.2402640652095487,0.1440918071411597,0.10697319305497387,1.0423067565678037,4.646348280990877,0.6817656070974014,0.22712642458172724,0.22478529850790352,0.4422448797216205,26699254398.001774,0.036514336274690216,0.0007465858083766833,-1.4411533842457844,3.1062799081417087,34.8576202765758,40.77303122364054,7.450833757817834,39.03463176524503,3.0567041219750775,820.4480555555565,8979.52097222222,43535.17270833333,43535.17270833333,1,0,0
2021-06-07 21:41:08.000,10.22,126.28,41709.037939814814,4.5,8.0,5.1,4.5,1.0905628679306538,5.607310745943445,0.4004293097969478,0.1381260048274191,1.042306756567806,5.271732334931571,0.3657762907835934,0.15184189802511097,-0.04166666666666696,0.042244879721620165,55474732674.1081,0.0005349477881841393,0.0007465858083766711,-1.621769708158766,8.42114902586048,34.8576202765758,45.05815035377698,7.791859784792209,47.813168667117544,3.9770198229638343,822.2742476851854,23492.302372685186,43535.17270833333,43535.17270833333,0,0,0
2021-06-09 19:03:06.000,10.11,126.24,41710.928194444445,4.5,9.0,5.3,4.588888888888889,1.0034333188799378,5.343282423035668,0.36298518506607785,0.10386521616834579,0.8685889638065052,4.597569224837887,0.2719821977140019,0.12527326186490764,-0.024999999999999467,0.00685281944005478,80900027625.39127,0.0009765624999999966,0.002478752176666332,-1.326977605394074,9.310846987274736,34.8576202765758,45.8560818610889,7.671648861612414,49.87928747112829,3.7070867311884044,824.1645023148158,8647.27293402778,43535.17270833333,43535.17270833333,0,0,0
2021-06-12 21:49:06.000,10.25,126.45,41714.04347222222,4.5,13.0,5.3,4.461538461538462,1.0034333188799378,5.343282423035668,0.2830689345070963,0.10386521616834579,0.8685889638065052,4.597569224837887,0.21210152391697668,0.10557825458678291,-0.024999999999999467,0.00685281944005478,81878787933.6958,0.0009765624999999966,0.002478752176666332,-1.3389110974330105,12.539242430569749,34.8576202765758,47.21294609952028,8.108035632829926,49.753582155224315,1.4173273674215825,827.279780092591,23497.95710648148,43535.17270833333,43535.17270833333,0,0,0
2021-06-13 04:52:46.000,10.02,126.09,41714.337685185186,4.5,15.0,5.3,4.433333333333334,0.8857318134819365,4.750180275285838,0.19818411657228868,0.09114907961404226,0.9047801706317739,4.80007671665345,0.20679998612388753,0.09274607730916518,-0.06300063177386672,-0.005240844637143027,82739817419.39713,0.0022019353289570043,0.0019304541362277193,0.13245323570650433,13.993139877857898,33.3644784942449,45.969630877809415,8.368851987708037,49.473535570167684,-0.023739067538193447,827.5739930555574,8650.682424768522,43535.17270833333,43535.17270833333,0,0,0
2021-06-16 18:35:27.000,10.19,126.48,41717.90899305556,4.5,16.0,5.3,4.4125000000000005,0.8857318134819365,4.750180275285838,0.1891572262351648,0.09114907961404226,0.9047801706317739,4.80007671665345,0.1973806601519287,0.09313338677931081,-0.06300063177386672,-0.005240844637143027,82884653077.54724,0.0022019353289570043,0.0019304541362277193,0.24433888871261053,14.394714613149358,33.3644784942449,47.21832917396981,9.503497442697734,49.58576376379149,0.6482899748502253,831.1453009259276,8990.218217592592,43535.17270833333,43535.17270833333,0,0,0
2021-06-18 02:03:12.000,7.66,124.8,41719.219930555555,0.0,3.0,5.7,5.2,0.4905369300216471,2.730998511843434,0.15976462726328972,0.07670250492469725,0.7896263307331853,4.188365009165634,0.41398104511822353,0.16206717551872243,0.13263423260932417,0.39576324123253936,144139791137.56284,0.03375897173202943,0.004276820349208924,-0.9999999999999999,7.410849195313975,57.1676433690154,57.8821239341158,0.6662072141801568,57.88408309892119,-1.871909887752912,1528.1959854166635,24175.350694444445,43535.17270833333,43535.17270833333,0,0,0
2021-06-20 01:44:32.000,10.19,126.19,41721.206967592596,4.2,16.0,5.3,4.40625,0.9026886399356246,4.793527972688625,0.1814383556235807,0.08734461080886749,1.1010282639800764,5.688664044553653,0.2699293336106171,0.11196415366874159,-0.010278384616068337,0.1333169722729366,79838399059.71516,0.0019585473709413897,0.0004976399159491453,1.6107745325136584,14.11630662048136,32.8718383734136,47.321479111521256,9.470711141201567,50.52114245298017,-0.5727654038857222,834.443275462967,8657.551707175931,43535.17270833333,43535.17270833333,0,0,0
2021-06-28 17:41:40.000,10.31,126.27,41729.87164351852,0.0,4.0,4.5,4.275,1.681241237375585,7.505379569057337,0.5551384482718181,0.0653570175610648,1.9301976973477812,8.515870550453865,0.7317198318144532,0.12534257269447382,0.035810446350208025,0.0880837687480236,15528772109.615892,9.042245370370512e-06,1.619596792312662e-06,1.3333333333333333,2.55204276275345,32.8718383734136,46.64941365426385,12.418568860781345,43.728350543674935,7.207820506652844,843.1079513888908,23513.13607638889,43535.17270833333,43535.17270833333,0,0,0
2021-07-18 17:31:12.000,6.37,126.33,41749.864375,0.0,3.0,5.4,4.533333333333333,0.1363203584913322,0.6816017924566609,0.01852129600540799,0.11405379475249264,0.8985403073860382,4.161136515002418,0.8046834350507385,0.3562986954588936,0.40000000000000124,0.7690040604770809,72773973787.8734,0.38997693758622876,0.00201548271450704,-1.4411533842457844,4.308100197271101,5.4997717628214495,16.732799315444083,10.66613842306812,26.39429175531673,7.32651142439929,779.3046643518464,1758.7764238425952,31058.94165509259,35524.04736111111,0,0,0
2021-08-11 20:17:33.000,5.95,127.13,41773.979895833334,5.3,4.0,7.1,5.074999999999999,0.1490511029457636,0.933442708079734,0.03530125538424372,0.11797739099753579,0.4237019335641483,2.33923791894097,0.2852598527842175,0.3022647248654971,0.837431728905802,1.5790482798521133,2454813907202.0166,0.3571467407244899,0.05356661452565376,-0.9999999999999998,7.343625335737808,4.09113409758831,28.526850853419305,27.555409473526783,45.65591417628895,321.1549917873912,0.10510416666511446,0.10510416666511446,0.10510416666511446,43535.17270833333,1,0,0
2021-08-11 22:37:45.000,6.32,127.27,41774.077256944445,5.6,4.0,7.1,4.875,0.05340854761780311,0.3282198017239537,0.004868300021619018,0.10894114668246392,0.5264175538221233,2.760371961998668,0.47295140982406036,0.48736319037454967,0.9545454545454533,1.8563071520760897,2454726083539.147,0.6914716152873721,0.026347980814448748,-1.3333333333333333,8.867725110565202,4.09113409758831,29.373612482177403,18.95224224724599,45.65293178173685,-3.025510229913025,0.20246527777635492,0.20246527777635492,0.20246527777635492,43535.17270833333,1,0,0
2021-08-12 01:00:04.000,5.94,127.58,41774.176087962966,5.6,5.0,4.5,4.3,2.3856062735983126,10.75605135396046,0.925572354934006,0.03606670660650687,2.895296546021689,12.926896402612924,1.3633235685619385,0.3453178522330481,-0.008728650238098545,0.03520815669978461,18008862827.581673,6.969171937625622e-08,2.0611536224384135e-09,-1.0,10.13924389296033,4.09113409758831,19.550864189908147,13.724400872464479,23.007264617740024,108.61672413459304,5105.467879629636,5105.467879629636,23332.69373842593,23332.69373842593,1,0,0
2021-08-12 22:50:48.000,6.13,127.33,41775.08631944445,5.2,18.0,5.6,4.644444444444444,1.2041199826559275,6.642728570985202,0.364930969638885,0.09831598488653111,1.930197697347789,10.446068247801687,0.9377234573020662,0.727210638892422,0.08333333333333126,0.18808376874802413,147982260173.50934,0.0002441406249999956,1.6195967923125758e-06,-1.371159133521369,19.53690260519433,4.09113409758831,21.013095386254914,9.616086887812429,26.324906075226572,4.59072585300889,5106.378111111117,5106.378111111117,31251.246180555558,43535.17270833333,1,0,0
2021-08-13 18:17:05.000,6.02,127.56,41775.89623842593,5.2,24.0,5.6,4.579166666666667,1.2041199826559275,6.642728570985202,0.3010814328856629,0.09831598488653111,1.930197697347789,10.446068247801687,0.77365624094437,0.6582377500346642,0.08333333333333126,0.18808376874802413,151347346210.38815,0.0002441406249999956,1.6195967923125758e-06,-1.6217697081587663,23.489197518222973,1.5494063146138801,19.412170557568405,10.153664612169585,25.70549784973635,-3.258553842705894,5107.188030092599,5107.188030092599,43535.17270833333,43535.17270833333,1,0,0
2021-08-14 02:13:46.000,5.53,127.67,41776.227268518516,0.0,9.0,5.3,4.622222222222222,1.0055706259144903,5.230895373628,0.2651072079799423,0.11051761966143954,1.113575594623721,5.710060180142763,0.32511408681644954,0.11108729277419054,0.09808256245462932,0.17231921415069973,73358400626.70619,0.0009622504486493854,0.0004563239005810365,-1.5359763347691506,11.32613971225151,6.096826608944309,22.50157517074642,8.450106800968616,18.955272399575126,-1.9654828647451947,204.57686342592206,204.57686342592206,204.57686342592206,23334.74491898148,0,0,0
2021-08-14 19:22:11.000,5.78,127.27,41776.94144675926,4.4,25.0,5.3,4.552,2.3856062735983334,12.564193040951226,0.9856947242738151,0.13773304242424403,3.722524130599343,19.461994320776313,2.4000480635759693,1.7224605897639949,0.03333333333333144,0.07182856632205503,107271364669.93672,6.969171937624609e-08,6.798727087486345e-12,-1.8430244519362142,22.26749312670157,1.5494063146138801,20.131383083635434,11.791509225928827,20.873245331856005,-4.836764245668504,941.9714004629641,959.6549517361054,959.6549517361054,23335.45909722222,0,0,0
2021-08-14 20:06:30.000,5.95,126.88,41776.97222222222,4.4,7.0,7.1,4.771428571428571,0.20275624376445797,1.278494986100063,0.038695607285392036,0.14690825633557886,0.47724668341016724,2.703406074658721,0.21438728820549274,0.3004723512554621,0.7944235977004421,1.4354114996849692,2454959097251.4873,0.2464513881631644,0.037004960909026885,-2.6457513110645907,8.99386463871906,11.467327814029101,32.16564647137678,18.365948664367014,45.64350402484758,-11.13899600374957,3.0974305555500905,3.0974305555500905,3.0974305555500905,43535.17270833333,0,0,0
2021-08-15 20:04:54.000,5.72,126.96,41777.97111111111,4.1,5.0,4.9,4.4,0.39760104559971776,2.0944974110666585,0.06802317420977146,0.08724318262606633,0.8985403073860382,4.250990545741023,0.3474057367814104,0.17710062023389933,-0.3678367782143104,0.1690040604770804,34254260272.84163,0.06415002990995881,0.00201548271450704,-3.872983346207416,6.50052317917223,11.467327814029101,33.13244820479328,20.918470581271414,34.29296532811575,-1.819240847658437,686.751435185186,960.6846160879577,960.6846160879577,43535.17270833333,0,0,0
2021-08-17 18:34:57.000,6.2,127.39,41779.90864583333,4.1,28.0,5.6,4.5928571428571425,1.4934982232865934,8.236402370369888,0.42623800941131074,0.10279200852279237,2.0680689614440655,11.246121707700754,0.8172836061192476,0.7484961745923417,0.08516091820661575,0.16201803838883944,161268289431.221,3.307541714138327e-05,6.248749509462701e-07,-1.8369474788173568,25.523949239984745,1.5494063146138801,19.484424207202064,10.299598953189928,24.47068519229653,-2.9875000397701843,5111.200437500003,5111.200437500003,31256.068506944444,43535.17270833333,0,0,0
2021-08-22 04:33:23.000,5.81,127.06,41784.324224537035,0.0,13.0,5.1,4.3769230769230765,1.0132270273988409,5.1931138949413524,0.23022946656829593,0.0801287340773717,1.1921809307148101,5.97147604208794,0.3187364396926385,0.10341433543805086,-0.02532113190182894,0.09113273141556455,55478443344.307945,0.0009126808071427729,0.0002651289841779405,1.986366575915192,14.242587272904183,1.5494063146138801,23.71276389450573,21.50704754198993,21.13143227682574,4.003827192833533,949.354178240741,967.0377295138824,967.0377295138824,43535.17270833333,0,0,0
2021-09-05 20:33:55.000,5.07,126.7,41798.991261574076,4.9,3.0,4.7,4.433333333333334,0.7262227698167687,3.435557506818867,0.21395641880714864,0.08026315845908444,1.132942126704134,5.122183974206611,0.5207161509397505,0.1567441227157248,-0.030721273977244223,0.17886528934389112,20935233953.368473,0.006627224619061178,0.00039918445425919067,0.6123724356957945,3.6122809875741004,82.79193556106969,89.9116366194387,7.911824877539028,91.1252783226942,1.111703264000057,577.2874189814829,43535.17270833333,43535.17270833333,43535.17270833333,0,0,0
2021-09-05 22:38:56.000,5.47,126.66,41799.0780787037,4.8,5.0,4.7,4.32,1.0905628679306554,5.112388512419298,0.3503089014967992,0.070307370094358,1.240841376866435,5.68865503755869,0.4535052238002188,0.10735027508540076,0.012156077604161375,0.1154856989661619,22562957252.821404,0.0005349477881841338,0.0001894418252328926,-0.30618621784789724,4.335822560774823,82.79193556106969,98.46096028019181,13.029339230924325,94.47363089375621,1.78699313419726,577.3742361111072,8404.584284722216,8404.584284722216,43535.17270833333,0,0,0
2021-09-06 21:16:24.000,5.25,126.92,41800.02076388889,4.8,4.0,4.9,4.425000000000001,0.7621429541058525,3.6550845204525344,0.252161134948541,0.07663761320736044,0.9143041724278975,4.259276681039553,0.362899755732322,0.11791810042080576,0.10420086446815535,0.24151017846805178,29281205721.373325,0.0051709595164217545,0.0018075381933252406,-1.5491933384829668,3.907598644188526,93.13888805162439,103.5345062143615,9.308597414706806,96.15420047162355,16.371434110147607,578.3169212962966,982.7342688657372,982.7342688657372,43535.17270833333,0,0,0
2021-09-07 02:00:26.000,5.36,126.62,41800.21800925926,4.8,7.0,4.9,4.385714285714285,1.0823815581255853,5.2941164031513255,0.3450153821028027,0.06617196389988904,1.1135755946237236,5.375987501755658,0.3651885046999293,0.09320539136954321,0.008826121982886015,0.07231921415070186,34879724455.91316,0.0005660506919542262,0.0004563239005810281,-1.1677484162422844,5.692720225185493,79.6135774632403,96.4485131758584,11.69006904869922,93.26040345833886,0.6851696399205164,578.5141666666677,8405.724215277776,8405.724215277776,43535.17270833333,0,0,0
2021-09-08 17:19:50.000,5.89,126.62,41801.85648148148,4.8,4.0,4.9,4.525,0.6161890168142253,3.1010137504487263,0.1686404059101861,0.09432862332994808,0.7552947511360899,3.623238995872322,0.2533766944487295,0.14519654664437762,-0.13256901020624667,0.1028807423560627,33027837825.450848,0.014172058930552895,0.005421453617662299,-0.8660254037844386,3.907598644188526,50.7327834849311,81.31491536171953,20.498085335907927,85.91490172884339,-1.4170489253251553,710.6368055555577,8407.362687499997,8407.362687499997,43535.17270833333,0,0,0
2021-09-11 20:14:34.000,5.51,126.57,41804.97782407407,4.4,9.0,4.9,4.388888888888889,1.3453919706783406,6.562325876260176,0.418880280531844,0.07306208905384916,1.2408413768664381,6.056631822853297,0.3563073545029546,0.09653817367495501,0.022368782272812027,0.018931447830643044,37510236129.64008,9.200768169156053e-05,0.00018944182523288853,-2.1213203435596424,7.46184842577105,67.6390301643209,92.52943751618916,13.478457446596689,92.29508058402298,-9.837075189346361,583.2739814814777,8410.484030092586,8410.484030092586,43535.17270833333,0,0,0
2021-09-12 00:14:38.000,5.3,126.74,41805.144537037035,4.4,10.0,4.9,4.4399999999999995,1.2448653097847224,6.23145887624634,0.34516164822014606,0.08055950383133766,1.085736204758131,5.463182046976094,0.2625587188336342,0.10433190893964571,-0.10572939680033411,-0.1317766166719334,43152982847.65812,0.00018424854656944726,0.0005530843701478286,-2.335496832484569,8.593385021173448,79.6135774632403,96.84754467117595,10.221150199063741,93.96845514913639,-1.3339975725652542,583.4406944444418,8410.65074305555,8410.65074305555,43535.17270833333,0,0,0
2021-10-02 23:33:33.000,12.86,120.83,41826.116006944445,0.0,3.0,5.3,4.666666666666667,0.32633875056856715,1.6371670254912718,0.07788692719816562,0.12085936312260559,1.0423067565678037,4.959040307961218,0.7945447886166784,0.28053629173134353,0.2832282478286743,0.5422448797216202,60045807255.97212,0.10495031545278637,0.0007465858083766833,-1.4411533842457844,7.410849195313975,19.484836877068503,20.488300307891233,1.0218799737426834,19.58501375898533,-1.5532578714883543,29032.32857638889,29032.32857638889,29032.32857638889,29032.32857638889,0,0,0
2021-10-22 19:44:48.000,13.67,123.18,41845.95715277778,0.0,3.0,4.3,4.266666666666667,,,,,3.7225241305993144,16.11172260323678,1.0623842525552167,0.1961611540042511,,-0.0281714336779455,12091979997.028452,,6.79872708748768e-12,0.44721359549995787,8.672617004934883,19.9965205875086,20.832707778466034,0.7261576625098536,20.781809905276337,0.3496963530083444,41825.82805555556,41825.82805555556,41825.82805555556,41825.94791666667,0,0,0
2021-11-19 20:39:23.000,6.82,127.2,41873.99505787037,4.6,3.0,5.4,4.866666666666666,0.18378674132219738,1.1364297643934906,0.03396246154438178,0.08683828913402944,0.47377579843991136,2.372224448479308,0.2256921995640001,0.20416315642441618,-0.7834153879534229,0.39293873538756685,86918301796.51514,0.2809569476559166,0.03790291440095844,-1.4411533842457844,4.95782220511194,18.6303149461893,22.38399651731743,3.3275836900879,20.297552453210567,-3.4741578911234576,7626.5481388888875,7627.5710185185235,7627.5710185185235,43535.17270833333,0,0,0
2021-11-20 02:35:47.000,6.92,126.85,41874.24255787037,0.0,4.0,5.4,4.65,0.21502142547427228,1.2915620290154628,0.040141975498998894,0.0986914769656908,0.6204206884332167,3.0837427450608295,0.3342010505596134,0.23735679682903366,-0.6066666666666691,0.4295939472160768,87009425461.35295,0.22643091606597668,0.013763786733050419,-1.3333333333333333,5.617321208040141,18.6303149461893,22.021832461238375,2.8118546709284025,20.300891861546997,-3.49963462674667,1168.8048729166621,7627.818518518521,7627.818518518521,43535.17270833333,0,0,0
2021-12-09 00:44:54.000,10.16,126.45,41893.165555555555,5.1,3.0,4.7,4.433333333333334,0.7262227698167687,3.435557506818867,0.21395641880714864,0.08026315845908444,1.132942126704134,5.122183974206611,0.5207161509397505,0.1567441227157248,-0.030721273977244223,0.17886528934389112,20935233953.368473,0.006627224619061178,0.00039918445425919067,0.4472135954999578,1.5143756379265145,38.751287929868695,45.2309538388216,6.1720646344365155,43.08998321271236,0.7257120799610581,1006.4018634259264,9165.47478009259,43535.17270833333,43535.17270833333,1,0,0
2021-12-15 01:01:16.000,10.25,126.68,41899.1769212963,5.1,3.0,4.9,4.566666666666666,0.8337334825539034,3.989342769183331,0.28199413966319686,0.08932670334796976,1.3714562586418488,6.374383166879612,0.7630438887732105,0.17006372367772546,0.11508629236872814,0.25210610858843285,29009310170.577644,0.0031535487739366196,7.684776196487846e-05,-1.4411533842457844,1.8251671638682199,37.384583182536105,44.85205168861844,6.917317102934559,40.67513944271575,-136.01671294344678,9171.486145833333,9171.486145833333,43535.17270833333,43535.17270833333,1,0,0
2022-01-22 04:26:24.000,3.38,126.26,41937.319375,4.3,3.0,6.1,4.833333333333333,0.16536118617508586,0.9114940464285288,0.04048817067650002,0.10223837798148215,0.49165413045651174,2.4437377765457096,0.3579153968846267,0.2633067276546774,0.5878597722235064,1.1295591450098366,309189721548.40283,0.31909238603241397,0.033499444744003654,-0.9999999999999999,2.9650961789828814,222.543418427984,228.93369730538464,5.999846852965317,222.58197501551956,-46.12290674551975,0.08348379629751435,43535.17270833333,43535.17270833333,43535.17270833333,0,0,0
2022-01-22 21:12:07.000,3.26,126.64,41938.01778935185,4.3,3.0,6.1,4.7,0.05657564285213373,0.30739432616326007,0.0051532934162528245,0.09485680735400003,0.5790593092043358,2.7933584915370058,0.539848590557686,0.3853530636288349,0.6666666666666634,1.2760407834989174,309080825134.7746,0.6765082099169335,0.018315638888734182,-0.9999999999999999,3.1062799081417087,222.543418427984,225.79407149497635,3.694022528163644,222.55031252509582,-29.183439922058685,0.7818981481468654,43535.17270833333,43535.17270833333,43535.17270833333,0,0,0
2022-01-24 19:23:32.000,3.21,126.78,41939.94238425926,0.0,5.0,6.1,4.5,0.08148180333761913,0.44973428675513644,0.006165139423191604,0.07912783278084418,0.4136137922888117,2.0382079232769903,0.1588589408505174,0.2457020502022807,0.5805555555555584,1.1721954604120572,309208503897.5618,0.569579814723603,0.05743261926761719,-1.5075567228888183,5.948525409849168,222.543418427984,233.69642029393998,7.383230273745427,222.6096447175832,14.067596924424095,2.7064930555570754,43535.17270833333,43535.17270833333,43535.17270833333,0,0,0
2022-01-29 02:36:08.000,3.45,126.2,41944.242800925924,0.0,4.0,4.4,4.1,1.2041199826559223,5.177715925420466,0.333478134505199,0.19038808606575852,2.895296546021689,12.183246175414718,1.9280306805631795,0.34584791913261814,0.10000000000000053,0.19205584583201762,11433423497.977373,0.0002441406250000041,2.0611536224384135e-09,0.0,4.061749219243962,225.027590465745,231.90526971055024,5.758969115965648,232.99041742586252,6.6531569050581405,5251.69959467592,43535.17270833333,43535.17270833333,43535.17270833333,0,0,0
2022-02-20 20:31:41.000,5.93,126.62,41966.98971064815,5.3,3.0,5.7,4.8,0.2513354217309753,1.3303735401753027,0.06658016743781017,0.1050917517387243,0.6681453567742341,3.283331753171446,0.47052141315326307,0.2517713678546848,0.4067805603648278,0.785902012365729,135496158368.99672,0.17619506280821412,0.009898375607203868,-0.9999999999999999,1.9684287409111465,72.1158485228324,77.02290942716566,4.485507367098139,80.81886278574824,-55.4403266664229,193.11491898148233,193.11491898148233,193.11491898148233,43535.17270833333,1,0,0
2022-02-24 22:19:34.000,5.92,126.61,41971.06462962963,5.3,5.0,5.7,4.76,0.3906052752135275,2.1912318169059697,0.10445299700486527,0.07496498368543958,0.5544184875360668,2.9165625998783566,0.21043603216958612,0.14022302075017468,0.09016327747208397,0.439420373876648,143827620403.7355,0.06732621108193969,0.02171423518842873,-1.0,3.863221404593347,63.2948340962529,73.09416399683775,6.828604142763272,79.30379622269645,-97.73244610229713,879.8449537037086,8576.570835648148,8576.570835648148,43535.17270833333,1,0,0
2022-02-26 06:15:50.000,5.58,126.39,41972.395370370374,0.0,7.0,5.7,4.7,0.5461178025233041,3.0264965087014857,0.14512919406202116,0.07382821457028489,0.7896263307331853,4.173325859562035,0.3034068342521977,0.14336875736367977,0.15816178356072186,0.41480914816124415,145113624165.42368,0.022995697786130413,0.004276820349208924,-1.381698559415515,5.086247094102139,63.2948340962529,71.07811991305479,6.64132979165568,78.81772283457491,-1.6760908699158314,750.6915277777807,8577.90157638889,8577.90157638889,43535.17270833333,0,0,0
2022-03-13 21:41:22.000,13.95,119.33,41988.03810185185,4.3,3.0,6.4,5.033333333333334,0.1321753328541876,0.7605384485494379,0.027677148524505705,0.10441980203249988,0.49165413045651124,2.54206860263701,0.38294808577476935,0.293847157744889,0.6459880211654605,1.2295591450098353,575580856030.8872,0.40130447389171553,0.03349944474400376,-0.9999999999999999,8.672617004934883,5.0228270872767,7.901101088223257,2.759378247569884,5.029997061430052,-0.6729342956650483,0.024699074077943806,43535.17270833333,43535.17270833333,43535.17270833333,0,0,0
2022-03-14 20:05:19.000,14.15,119.08,41988.971400462964,4.3,8.0,6.4,4.7875,0.27821350639151854,1.6503480340324852,0.04430744860091924,0.1147481748237555,0.668145356774235,3.675528632489444,0.25554196621711106,0.2514123419548697,0.4680520675009303,0.8989086652720726,577453188625.7241,0.14633879709981848,0.009898375607203807,-1.158730919004642,14.162324264449978,5.0228270872767,9.538197373354533,2.7376134308351774,5.10383651343883,-0.6693724667006907,0.9579976851891843,43535.17270833333,43535.17270833333,43535.17270833333,0,0,0
2022-03-15 19:49:38.000,13.95,119.22,41989.96050925926,4.3,15.0,6.4,4.626666666666666,0.49555996498737376,2.928618597968652,0.0844046101512947,0.17615833307890713,0.886315269190311,4.899787184437368,0.2699915695951778,0.3058231054258138,0.49028411315819387,0.8717333044329196,579092059094.8066,0.03260769536927264,0.002193078576497997,-1.6984155512168935,19.392561165855028,4.16690382383834,9.163905176141585,2.740963335827187,5.157010382160809,-0.4643557482043196,1.9471064814861165,43535.17270833333,43535.17270833333,43535.17270833333,0,0,0
2022-03-17 00:51:15.000,14.22,119.13,41991.169965277775,4.3,19.0,6.4,4.578947368421052,0.5530888067302565,3.2703797011790443,0.08899402651295617,0.19741422787419022,0.9143041724278993,5.102119604730382,0.24319381258344291,0.297519563494133,0.48706221969518104,0.8196693413507008,580097701002.992,0.021914601603703066,0.0018075381933252185,-2.0528048572870166,21.825607502590685,4.16690382383834,8.78923203752259,2.537380778316781,5.176571055106886,-0.8512357139067253,3.156562500000291,43535.17270833333,43535.17270833333,43535.17270833333,0,0,0
2022-03-19 17:58:43.000,13.91,119.23,41993.88348379629,4.3,20.0,6.4,4.55,0.5530888067302565,3.2703797011790443,0.08684904722778261,0.19741422787419022,0.9143041724278993,5.102119604730382,0.23733223163567085,0.2970355757481496,0.48706221969518104,0.8196693413507008,580111361413.3772,0.021914601603703066,0.0018075381933252185,-2.5,22.392600818765366,4.16690382383834,8.87699202080075,2.500695812934978,5.177859128692475,-0.4180367481475055,5.870081018518249,43535.17270833333,43535.17270833333,43535.17270833333,0,0,0
2022-03-22 23:55:42.000,14.04,119.3,41997.13138888889,4.3,21.0,6.4,4.542857142857143,0.47600214664669205,2.8245528216126936,0.06130028102442763,0.1897226067745492,0.7896263307331867,4.477379161386915,0.16868943613507803,0.23549800540725477,0.466092261325052,0.7297494180195798,580183046992.923,0.037324462309305174,0.004276820349208884,1.5612494995995996,22.94558781116753,4.16690382383834,8.789887159692174,2.469845737043637,5.179643767346914,-0.39861807831391727,9.117986111115897,43535.17270833333,43535.17270833333,43535.17270833333,0,0,0
2022-03-24 20:33:21.000,14.21,119.04,41998.99086805555,4.3,23.0,6.4,4.5260869565217385,0.4851587698536954,2.8779664569868797,0.05897300679888297,0.19364727018189845,0.8908604756989801,5.001048175207252,0.1988405159671352,0.2773909124966329,0.46799044804495704,0.7862722484310822,580367902643.641,0.035036740005971984,0.0021252918309011817,1.8225913092242514,24.0133891223804,4.16690382383834,8.952907596209938,3.0903177347591355,5.181935448881604,0.044822483755567175,10.97746527777781,43535.17270833333,43535.17270833333,43535.17270833333,0,0,0
2022-03-29 16:27:14.000,14.12,119.09,42003.81995370371,0.0,17.0,5.0,4.388235294117647,1.0981609291867687,5.719465850161811,0.2165316543360544,0.05649903165568394,1.1329421267041393,5.83753817820501,0.23046494122611402,0.07064044949427387,-0.20822194466279154,-0.15254754908539692,58052696338.145096,0.0005075948561915211,0.000399184454259176,-0.11203705304599078,15.066943505439976,4.27397981774151,9.892273044010286,4.209364120395483,8.859425911285005,0.36449979597567317,15.806550925932243,43535.17270833333,43535.17270833333,43535.17270833333,0,0,0
2022-04-03 11:21:59.000,9.17,127.03,42008.60797453704,5.5,3.0,5.6,4.733333333333333,0.23754209769076515,1.2359016950879247,0.056735120213564916,0.11124206850437955,0.7445048261198607,3.6040415244230775,0.5573215540253876,0.27962224497280325,0.3971256164587933,0.7591428316102693,110191326921.68373,0.19380889566710063,0.005840977343195231,-1.4411533842457844,5.887866499588108,12.893258256516098,17.424918142619067,3.9529776598100774,13.047571854644163,-3.3585212249396608,43535.17270833333,43535.17270833333,43535.17270833333,43535.17270833333,1,0,0
2022-04-03 18:36:09.000,9.19,126.78,42008.909479166665,4.6,5.0,5.6,5.0200000000000005,0.24685803534319703,1.6707749870381827,0.041672399229461164,0.1087376675219216,0.496336550746574,2.7859408146128883,0.16846375823524706,0.1861110338839406,-1.1681612418059233,-0.013007565979903823,159164963099.61502,0.18172969343771153,0.032433240894795407,-1.2632278815997786,7.18724635423819,5.18736623223747,14.470781986215854,5.995662624861904,11.868030001576233,-5.239152767082489,3439.0129143518498,3439.0129143518498,25582.318773148145,25582.318773148145,0,0,0
2022-04-05 04:30:36.000,9.23,126.94,42010.322291666664,4.5,8.0,5.6,4.775,0.37619823778360606,2.356765563272075,0.07219849386542694,0.09570739612492331,0.5922197480498888,3.324696166998165,0.17892062003030365,0.1524801771218061,-0.6646905981194848,-0.01395694410057402,160314787357.21964,0.07437128521941129,0.016724022988470453,-1.7056057308448835,11.332878441396392,5.18736623223747,16.612181575385286,7.015205557221566,12.120265803041118,-1.839618187422245,43535.17270833333,43535.17270833333,43535.17270833333,43535.17270833333,0,0,0
2022-04-05 17:01:24.000,11.43,125.94,42010.843680555554,4.4,3.0,4.4,4.166666666666667,1.2552725051033025,5.427774771510599,0.43556631941837975,0.0994848859037934,2.0044360703226998,8.494865536010462,1.11061280440729,0.17834823043065492,0.0760187533431873,0.16196733745524305,11091151348.037493,0.00017146776406036092,9.698214581498479e-07,-1.4411533842457844,6.539149811747721,23.200773595439,28.324579953155364,4.464205339018749,26.13241643027589,5.2918195890042785,43535.17270833333,43535.17270833333,43535.17270833333,43535.17270833333,0,0,0
2022-04-07 00:36:52.000,14.26,119.13,42012.15997685185,4.0,8.0,5.0,4.4625,0.9396275030257891,4.693265846324434,0.22356313143071208,0.07415822971415338,1.3714562586418488,6.648674418607983,0.4762693846539702,0.15267771515696885,0.005184680938802089,0.15210610858843143,43064117712.27011,0.0015174608349342764,7.684776196487846e-05,1.621769708158766,6.369461271773111,3.05994197832084,10.573080076108287,5.44949257299308,7.374293940861294,-1.7822245340497997,24.146574074075033,43535.17270833333,43535.17270833333,43535.17270833333,0,0,0
2022-04-07 17:04:28.000,9.25,126.74,42012.84581018519,4.5,11.0,5.6,4.654545454545455,0.4271790913032746,2.6278777996799367,0.07343288907371996,0.10687056570217356,0.7119581670545129,3.9739775727867785,0.20397624493045965,0.14660800882598377,-0.5517004300528425,0.01824287341519959,161215391406.09885,0.05229530811023109,0.007313503925535883,-2.975509794402526,13.067874291736688,5.18736623223747,15.356244234450982,6.885162840219799,12.045985689975877,-1.825745466991958,3442.9492453703715,3442.9492453703715,25586.255104166667,25586.255104166667,0,0,0
2022-04-09 01:23:01.000,11.42,125.84,42014.192025462966,0.0,4.0,4.5,4.25,1.0110210668019532,4.627218072748229,0.2798221466673974,0.07509939628237464,1.4476482730108402,6.392653083371323,0.5737038797198594,0.1486011852226162,-0.07677710651962588,0.08411169166403276,15776760738.646278,0.000926694956919999,4.539992976248456e-05,-1.921537845661046,7.343625335737808,23.200773595439,31.491713399674573,7.3081477323732,33.08653856538693,5.031056033583294,31729.138356481482,43535.17270833333,43535.17270833333,43535.17270833333,0,0,0
2022-04-10 23:15:44.000,9.25,126.8,42016.103634259256,4.1,12.0,5.6,4.616666666666667,0.4572801918536297,2.785322253015522,0.07894547304770697,0.10056241946571334,0.7325449092344022,4.068295640645626,0.20259604452924426,0.1534741564480401,-0.4910625534094262,0.046353268774351974,161327958617.5273,0.042477546544894176,0.006344030646632164,0.32025630761017426,14.330721555830912,5.18736623223747,16.433265168241267,7.550865413881109,12.100770919392792,0.5278465531855538,3446.207069444441,3446.207069444441,25589.512928240736,25589.512928240736,0,0,0
2022-04-11 13:47:30.000,21.52,120.81,42016.709027777775,0.0,3.0,5.6,5.266666666666667,0.8337334825539049,4.572956206971072,0.2819941396631974,0.0893267033479696,1.3714562586418488,7.334402547928907,0.7630438887732093,0.1749489297310582,0.11508629236872636,0.25210610858843197,123747775733.31131,0.003153548773936587,7.684776196487846e-05,-2.1213203435596424,8.672617004934883,154.369699829969,162.32858034489365,9.969874987045033,159.55793677802194,8.59193591247725,5585.056321296295,5585.056321296295,5585.056321296295,43535.17270833333,0,0,0
2022-04-18 03:31:40.000,14.25,119.24,42023.28136574074,0.0,3.0,4.9,4.5,0.4791788630572557,2.3606760634751423,0.13972437045135963,0.08204495754794239,0.7896263307331853,3.635626577652404,0.37941989510623775,0.1678634247048039,-0.026502910444677674,0.2957632412325397,29446365679.460888,0.03651433627469015,0.004276820349208924,-0.44721359549995787,1.5143756379265145,7.98785164729978,9.639131191346037,1.7620240491239345,10.539501579095603,0.2236866508325572,35.26796296296379,43535.17270833333,43535.17270833333,43535.17270833333,0,0,0
2022-04-18 18:19:24.000,8.95,126.66,42023.89784722222,0.0,6.0,4.6,4.333333333333333,1.698970004336018,7.891304268288004,0.5855001680537171,0.06334471518496664,1.7371779276130073,7.99511730031065,0.6121307641047294,0.1522104274998024,-0.04475785219765527,-0.002359478108525437,22510571180.522984,8.000000000000035e-06,6.144212353328218e-06,2.1213203435596424,5.398666909117879,6.74743667295513,16.148817907960872,8.295088496643709,13.804534376191395,2.3284840131461033,518.8206134259235,3454.0012824074074,43535.17270833333,43535.17270833333,0,0,0
2022-04-19 01:23:07.000,7.11,127.04,42024.192094907405,6.1,3.0,4.6,4.3999999999999995,0.6816017924566603,3.2451746700824033,0.16322161714127906,0.08686069254313904,1.240841376866435,5.564570899872046,0.5409395838292619,0.17553142314738088,-0.16110055166668058,0.1154856989661619,18450662377.430744,0.00901975253880541,0.0001894418252328926,-0.9999999999999999,3.259718258647996,22.1152592097241,29.360224463895932,12.424821268895517,24.227296303077598,90.0018513806693,1318.7544099536972,7777.768055555556,7777.768055555556,43535.17270833333,1,1,0
2022-04-19 19:30:25.000,6.9,127.47,42024.947164351855,6.1,4.0,4.9,4.6,1.3550553475607956,6.531042573109633,0.456158004069006,0.09155564473175724,1.7371779276130135,8.245642872825222,0.7497040139582877,0.13470735939401418,0.08023925379430885,0.15342640972002908,32562377648.040512,8.606646335969153e-05,6.144212353327941e-06,-1.5491933384829668,5.0564020833731655,11.800016320323401,18.762695044304053,4.897351888605214,16.038292824757125,-10.196814668408141,10929.403591435184,43535.17270833333,43535.17270833333,43535.17270833333,1,1,0
2022-04-20 09:07:35.000,6.23,127.45,42025.51464120371,4.5,3.0,5.0,4.466666666666666,0.31808083647977436,1.5161853205535911,0.06205425670187939,0.13306276054457475,1.3714562586418526,6.2372375410154435,1.1536139252123165,0.34402962455198605,0.2333333333333334,0.45210610858843303,32750810844.22212,0.11111111111111156,7.684776196487658e-05,-0.9999999999999999,1.6315925568196465,14.786764002331399,19.032547924226165,6.664622413137089,25.422891755913493,-75.47193181216925,5356.806432870377,5356.806432870377,43535.17270833333,43535.17270833333,0,0,0
2022-04-20 21:57:43.000,6.88,127.21,42026.04945601852,4.1,11.0,6.2,4.790909090909091,0.5308189003704267,3.1203470610703317,0.11475630870123708,0.11746289238390854,0.7445048261198607,4.202873450535003,0.22574536845839369,0.15852361341501017,0.3216353470216893,0.5548069762836345,389597388324.47943,0.025558967096681307,0.005840977343195231,-1.6160169526854926,11.583303791256869,7.93210297869004,24.70242911378804,11.931119002198704,27.594936724006914,-11.02284109552712,1.8573611111132777,7779.6254166666695,7779.6254166666695,43535.17270833333,0,0,0
2022-04-21 04:35:13.000,6.01,127.52,42026.32549768518,5.7,4.0,5.5,4.725,0.3837305439233168,2.076114563502359,0.10831801729878929,0.08993927018094952,0.755294751136091,3.7742979460995447,0.4196438826853997,0.2094656355521193,0.08965517241379217,0.502880742356064,94952082432.12357,0.07060059614820825,0.00542145361766226,-1.3333333333333333,2.1475268471523195,14.786764002331399,18.956453909460024,5.443769141822519,19.845205638173464,-5.561210031699541,5357.617289351852,5357.617289351852,43535.17270833333,43535.17270833333,1,0,0
2022-04-21 19:43:58.000,14.14,119.21,42026.95657407407,4.2,3.0,4.9,4.3,0.2602479571198157,1.205815534655146,0.04673300943767584,0.1286700337241144,1.240841376866435,5.440486762185403,1.0623842525552156,0.3509708666051143,0.2666666666666666,0.5154856989661623,26313329547.148106,0.16567467550414722,0.0001894418252328926,-0.9999999999999999,1.4588269454419482,9.43536062232343,13.543643650811276,5.431211349844795,11.746296519309807,206.2230613201517,38.943171296297805,43535.17270833333,43535.17270833333,43535.17270833333,0,0,0
2022-04-22 03:49:20.000,7.06,127.34,42027.29363425926,0.0,12.0,6.2,4.875,0.45888061122527213,2.938512796756531,0.09798005399452421,0.08114506061299055,0.5567877973118611,3.3941875284410026,0.14425061566556246,0.110530121953399,-0.20365429454583417,0.10398362746464418,497218458570.7562,0.04201053055549288,0.021361739175007083,-2.0479684463588677,13.078299623495441,7.93210297869004,22.053639366961097,9.642897739184946,25.260515294737456,-6.01869475074165,1.244178240740439,43535.17270833333,43535.17270833333,43535.17270833333,0,0,0
2022-04-22 04:20:53.000,6.24,127.47,42027.31554398148,6.0,5.0,5.5,4.68,0.4915340919354187,2.638043129060258,0.13991998669664443,0.07313591473530699,0.6681453567742341,3.416960824526293,0.25853204070515534,0.13146857033522788,0.1330413854450132,0.38590201236572863,95612710971.79605,0.03352723389371097,0.009898375607203868,-1.6984155512168937,3.3003113660143266,14.786764002331399,18.913802431907378,4.715406938407483,19.816916945707188,-1.0573627039858555,5358.60733564815,5358.60733564815,43535.17270833333,43535.17270833333,1,1,0
2022-04-23 00:04:32.000,6.92,127.16,42028.13752314815,4.8,14.0,6.2,4.785714285714286,0.47008464630569397,3.001473249444568,0.09317911620131757,0.0848822680607025,0.6009106038912911,3.625308281890777,0.15226012749073686,0.12425253715342895,-0.1849633742190404,0.1669756892048122,497326211102.71234,0.038881773057979394,0.01574955140676289,-2.2228757209048453,13.901421695862327,5.69039998388822,22.50557481094606,11.77542335855453,25.274299142547843,-7.259025939218488,2.088067129632691,7781.713483796302,7781.713483796302,43535.17270833333,0,0,0
2022-04-23 03:20:07.000,7.21,126.96,42028.27334490741,0.0,12.0,6.2,4.775,0.3917744447134702,2.535588735815885,0.07388748745138848,0.08636136782172506,0.5877669679893627,3.4816404717935843,0.16630643041780113,0.1563064499243188,-0.27206261161399503,0.2764951734126804,494837615790.77924,0.06678465177812752,0.017246425472901,-2.1213203435596424,13.078299623495441,5.69039998388822,23.256290913312682,12.321257613351444,25.467728480867873,-4.167504979719048,2.2238888888896327,10932.711520833334,10932.711520833334,43535.17270833333,0,0,0
2022-05-04 21:41:04.000,6.2,127.34,42040.03789351852,6.0,3.0,5.2,4.633333333333333,0.46317056677946833,2.302375413110011,0.14618473799091913,0.0950483645309084,0.8985403073860397,4.250990545741029,0.5501679088557172,0.20091674993376776,0.22909818057101994,0.469004060477082,49528456461.15162,0.040783857403412505,0.00201548271450702,0.6123724356957945,1.2540719812813759,18.7431965216968,20.48220216316427,1.5172264296358746,21.303287485536966,0.12994553674807835,5371.329685185192,5371.329685185192,31516.197754629633,43535.17270833333,1,1,0
2022-05-04 22:37:26.000,6.54,127.25,42040.07703703704,5.2,4.0,5.7,4.825,0.30988381906586326,1.759697401124009,0.08282413388750354,0.09186952884869258,0.6433992324492621,3.3043367676148634,0.3570427186228084,0.21376877285089033,0.02142857142857224,0.5642513062440742,143389301727.22604,0.11758408468076542,0.011743628457021352,0.0,2.628747894142885,8.533249873183449,18.05705420956864,6.353249673578858,10.596462109879525,-0.4941107069401356,14.027581018519413,266.2022453703685,266.2022453703685,43535.17270833333,1,0,0
2022-05-05 01:56:06.000,6.42,127.55,42040.215,6.0,5.0,5.7,4.88,0.5377799151864618,2.9900459809395477,0.17523333558239446,0.06758273483784247,0.6204206884332175,3.3319110204341196,0.23322769159927298,0.1030350160279987,0.14001924113729114,0.32959394721607715,145212232328.28616,0.024359044816370655,0.013763786733050341,-0.30618621784789724,3.5639262385504415,8.533249873183449,16.582788997363252,5.664104424260268,10.737204455961848,-0.4210578841216628,5371.506791666667,5371.506791666667,43535.17270833333,43535.17270833333,1,1,0
2022-05-06 01:36:14.000,5.9,127.46,42041.201203703706,4.3,4.0,6.0,5.275,0.2824067355063195,1.802296588810886,0.07236317595731186,0.09045600950133892,0.38603953946955716,2.2234260571001023,0.135216937648442,0.15413728124440357,-0.3819178589334866,0.24041884374012312,289171088617.7321,0.1421607786297746,0.06948345122280156,-0.8660254037844386,1.765038810975808,8.533249873183449,20.564804010448764,9.22729724356103,24.96739676652905,-0.024822762086215196,0.7187731481535593,1223.9147086805533,1223.9147086805533,23599.71885416667,0,0,0
2022-05-06 04:40:48.000,6.39,127.28,42041.329375,4.4,9.0,6.0,5.000000000000001,0.6450642764228212,3.848883515989499,0.2036462281189651,0.0804536504940473,0.8685889638065052,4.9914104002191095,0.36923171863065757,0.2609459773090521,0.0333333333333341,0.25342640972002783,298038218480.24316,0.011609330383882064,0.002478752176666332,-1.4411533842457842,6.146373318096205,6.84939259399448,14.699155302793928,9.825747823026413,23.343917239628897,-6.295856133573222,0.8469444444490364,267.45458333333227,267.45458333333227,43535.17270833333,0,0,0
2022-05-07 23:02:15.000,6.45,127.39,42043.09427083333,4.3,11.0,6.0,4.872727272727274,0.6450642764228212,3.848883515989499,0.18435898317964305,0.0804536504940473,0.8685889638065052,4.9914104002191095,0.3342619445161272,0.22852311136249684,0.0333333333333341,0.25342640972002783,298238602225.5743,0.011609330383882064,0.002478752176666332,-2.185478389157322,7.543482430412142,1.34200224793465,13.999984232980854,9.886887721866911,23.28458817452266,-1.5740872835383062,2.6118402777792653,5374.386062500002,43535.17270833333,43535.17270833333,0,0,0
2022-05-08 02:18:54.000,3.3,126.64,42043.230833333335,4.5,3.0,4.9,4.666666666666667,0.5112013443424956,2.6347077886954176,0.11155046955180639,0.0877740720468474,1.0423067565678037,4.959040307961218,0.46374424619108373,0.1831412717134682,-0.25395316904763643,0.1422448797216207,33943532044.168915,0.029268196826665663,0.0007465858083766833,-0.44721359549995787,2.7130647202950486,186.862868154336,200.65123166514368,14.339000505012304,207.389814140256,2.951146647850292,105.99494212963327,4833.363900462966,4833.363900462966,4833.363900462966,0,0,0
2022-05-11 20:51:19.000,3.5,126.48,42047.00334490741,0.0,4.0,4.9,4.6,0.7708437471768748,3.8720671268284166,0.20116693304425443,0.0831068508044195,1.240841376866435,5.937677911853633,0.521262425928895,0.16200096729045557,-0.12315435652090301,0.11479697360803875,35147400255.833885,0.004869324957922647,0.0001894418252328926,-0.6324555320336758,2.9704880023233757,186.862868154336,209.02888346784403,20.44043759881331,209.75641645117324,4.240242084992755,109.76745370370918,4837.136412037042,4837.136412037042,4837.136412037042,0,0,0
2022-05-19 21:12:49.000,6.01,127.43,42055.018275462964,4.8,4.0,5.2,4.575,0.530811436666018,2.629272448768349,0.1358716933100058,0.16370877398337608,1.3362907135484663,6.348110059586367,0.8610935687385449,0.30153174397521265,0.2466921638264088,0.4494543326360354,50121597085.22927,0.025560284885654684,9.797783966128993e-05,1.333333333333333,1.406918477404114,1.34200224793465,8.19842697798407,5.155025946131019,7.4028826735583,3.093109704300308,14.535844907411956,5386.310067129634,31531.178136574075,43535.17270833333,0,0,0
2022-05-20 03:33:26.000,6.24,127.45,42055.28259259259,4.8,4.0,4.4,4.325,1.5051499783199156,6.932215320679508,0.249438285796326,0.014766461302361722,2.48168275373287,11.025127557006018,0.6781036548332132,0.16329447278224204,-0.20566416671474297,-0.04260151319598027,16050378409.349382,3.051757812499794e-05,3.588820514756982e-08,0.8660254037844386,1.5773401009687933,1.34200224793465,10.861691805123023,7.951060361515398,9.573696089007395,-0.12451135032694277,14.800162037041446,5386.574384259264,43535.17270833333,43535.17270833333,0,0,0
2022-07-18 03:31:19.000,10.48,126.4,42114.281122685185,4.6,3.0,4.4,4.333333333333334,0.880456295278407,4.145689151713025,0.11886450414395798,0.05083316790886897,2.3688789921995523,10.426413021957783,0.8604434442182703,0.2148398431898332,-0.3085689249369574,-0.0014122529224867009,14235889845.652239,0.002283658260521154,7.822814343740164e-08,-2.1213203435596424,2.9650961789828814,31.0743838145969,42.60711400272307,14.582298826723584,39.3381783312351,-5.445578902723664,1227.5174305555556,23898.194756944446,43535.17270833333,43535.17270833333,0,0,0
2022-07-24 21:42:11.000,11.9,126.03,42121.038668981484,4.6,3.0,4.1,4.033333333333333,,,,,5.21153378283904,21.323256386075823,2.0822731350082244,0.044032123564239356,,0.008448975944324033,7462318208.131916,,2.3195228302432847e-16,-1.4411533842457844,6.539149811747721,18.4713226143657,23.548837894503464,5.909487109731161,23.37848451079169,-3.6325471739056696,9426.495940972229,9956.897425925927,9956.897425925927,43535.17270833333,0,0,0
2022-07-27 00:43:24.000,17.63,120.63,42123.164513888885,0.0,3.0,4.8,4.366666666666666,0.5767855668282794,2.6639646786837976,0.167251329103044,0.12121265910605333,1.3714562586418488,6.100091915151243,0.9455940494198064,0.24164515894776792,0.18136036702022196,0.3521061085884316,22289279192.1895,0.018605583705398977,7.684776196487846e-05,-0.9999999999999999,8.672617004934883,10.2569880126441,13.220880476998767,4.32214427189223,11.635224410458214,-24.467062261854977,43535.17270833333,43535.17270833333,43535.17270833333,43535.17270833333,0,0,0
2022-07-27 19:27:50.000,17.2,120.55,42123.94537037037,0.0,7.0,7.0,4.828571428571428,-0.0,0.0,0.0,0.0,,,,,,,1995584163594.2112,1.0,,-1.1832159566199232,12.32142385258237,4.52118299940657,11.023175417884973,4.988868331143104,4.531259110464063,-2.03202269826023,0.7808564814840793,0.7808564814840793,0.7808564814840793,43535.17270833333,0,0,0
2022-07-28 17:16:04.000,17.45,120.58,42124.85386574074,0.0,14.0,7.0,4.5357142857142865,0.30794160786245167,1.9248721421631974,0.04587590278467188,0.19285128845091196,0.6569160230469361,3.7132898062364563,0.2087697579597217,0.3792650510289999,0.74923007149141,1.3473904183166114,1995875938929.4373,0.11917226026511767,0.010696752095701428,-1.5275252316519468,17.425124720069334,4.52118299940657,11.795289622582905,4.159779967164539,4.543188298235595,1.7332019412315085,1.6893518518554629,1.6893518518554629,1.6893518518554629,43535.17270833333,0,0,0
2022-07-29 01:38:51.000,17.72,120.48,42125.20302083333,0.0,16.0,7.0,4.49375,0.3181261576945191,1.9851806389203905,0.042997811811897865,0.20157785521924373,0.7004749708116974,3.941994877409129,0.20846485019383088,0.4121100243360773,0.7597692270666343,1.3723972423436939,1995854499103.5894,0.11107633123780339,0.007917263287169669,-1.9215378456610455,19.382110612207818,4.52118299940657,11.829957970742193,4.248143238160609,4.5429619011817195,0.6921078473073287,2.038506944445544,2.038506944445544,2.038506944445544,43535.17270833333,0,0,0
2022-07-29 17:33:31.000,17.5,120.57,42125.8659837963,0.0,20.0,7.0,4.51,0.3785453005320815,2.3621683191971488,0.04905420214226837,0.24361835266963255,0.7696357907146237,4.378598356679658,0.20277341239222083,0.43365975324222145,0.7598794229464847,1.3108176497171051,1996092922298.9268,0.07317523037866562,0.004910125898792362,-2.059194669163741,21.265348438599453,3.0872361799025296,11.569542527003211,4.296235219242849,4.549125961634868,-0.164833423917871,2.7014699074134114,2.7014699074134114,2.7014699074134114,43535.17270833333,0,0,0
2022-07-30 17:49:55.000,17.82,120.76,42126.87737268519,0.0,20.0,7.0,4.46,0.354509890814807,2.2114541138345323,0.04375744553314612,0.2289226754271215,0.7238241365054201,4.1192426193703895,0.18241534534442352,0.40775628199888364,0.7619395928510855,1.3090560101272004,1995982421936.1267,0.08639136332132423,0.006737946999085445,-2.5,21.809359409176462,3.0872361799025296,11.374889624745283,4.7672413614074625,4.545090988023679,-0.35197387792922563,3.712858796301589,3.712858796301589,3.712858796301589,43535.17270833333,0,0,0
2022-07-30 23:27:37.000,17.45,120.53,42127.11188657407,0.0,23.0,7.0,4.482608695652174,0.4033371541553133,2.5198303734226775,0.05010320792109117,0.25240475447861105,0.7531118183293378,4.3391608960389005,0.17468193714025237,0.4013577954519889,0.7525458602993842,1.2383577173643907,1996266351407.9805,0.06165787280974052,0.005503824092894796,-2.11433737497384,22.952947748335294,3.0872361799025296,11.351721432522417,4.505803458292888,4.552019145201232,-0.5974523758630345,3.947372685186565,3.947372685186565,3.947372685186565,43535.17270833333,0,0,0
2022-08-01 20:32:51.000,17.49,120.75,42128.99052083334,0.0,25.0,7.0,4.4879999999999995,0.4337256413302123,2.719239746594298,0.054576065133247295,0.24354166075568914,0.7314433379423189,4.276182002013664,0.15521489733355162,0.35660381218239035,0.7305072896899949,1.1537754461701297,1996614329974.4714,0.0499830871123681,0.006392488952820672,-2.995211489365769,25.035688811888402,3.0872361799025296,11.46229459710508,4.362560127705598,4.565133532422421,-0.08483795954475871,5.826006944451365,5.826006944451365,5.826006944451365,43535.17270833333,0,0,0
2022-08-11 21:04:08.000,17.5,120.6,42139.01224537037,4.5,10.0,5.1,4.41,0.8766030395006484,4.546101134111615,0.24211815199805295,0.12671956836884798,0.6681453567742341,3.5051805027878022,0.14065763643590035,0.1536825010663771,-0.08604308821616069,-0.1461346430821644,55036271001.53226,0.0023452593793203778,0.009898375607203868,2.335496832484569,8.593385021173448,3.0872361799025296,11.446959136174224,4.990598327859676,11.440965385297098,1.6575021070120683,15.847731481488154,15.847731481488154,15.847731481488154,43535.17270833333,0,0,0
2022-09-11 04:20:22.000,10.31,126.13,42169.31518518519,0.0,3.0,4.7,4.433333333333334,0.7262227698167687,3.435557506818867,0.21395641880714864,0.08026315845908444,1.132942126704134,5.122183974206611,0.5207161509397505,0.1567441227157248,-0.030721273977244223,0.17886528934389112,20935233953.368473,0.006627224619061178,0.00039918445425919067,-0.6123724356957945,2.3935682524567747,61.1687264717708,65.8785179906525,4.91340447652709,64.58555240913344,-0.655326463405217,1282.5514930555582,23952.57961805556,43535.17270833333,43535.17270833333,0,0,0
2022-09-21 19:20:22.000,17.69,120.54,42179.94018518519,0.0,3.0,4.4,4.266666666666667,2.3856062735983135,10.41714739471264,0.8726379848701842,0.13773304242424508,3.7225241305993144,16.11172260323678,2.1247685051104432,0.20309043331208476,0.03333333333333233,0.07182856632205503,12481666077.262629,6.969171937625565e-08,6.79872708748768e-12,0.44721359549995787,1.6315925568196465,3.26595565790844,11.579844331415979,7.216860279690785,12.492707147923513,-2.6655708115045833,56.77567129630188,56.77567129630188,56.77567129630188,43535.17270833333,0,0,0
2022-09-30 02:31:09.000,9.3,126.7,42188.239340277774,4.6,3.0,5.3,4.466666666666666,0.20909684095954764,1.0278825426321563,0.04200019923703058,0.11620471964680326,0.8405699649740374,3.839401114615812,0.6787410925908086,0.3163349752467937,0.3841794743756415,0.7323836508548105,59221666353.11885,0.23588997106898943,0.003008085007254999,-2.1213203435596424,1.9684287409111465,23.825146449527,28.181128166761436,4.792075689367913,23.98403556942991,1.118217592294614,3618.3427754629593,3618.3427754629593,25761.648634259254,25761.648634259254,0,0,0
2022-10-02 20:11:16.000,9.3,126.76,42190.97553240741,4.9,5.0,5.3,4.459999999999999,0.49153409193541797,2.4895646447291724,0.12984685872979607,0.0925284475007398,0.7445048261198607,3.6040415244230775,0.29789224131097763,0.14797791423828127,0.23511297471453307,0.4591428316102695,61259333369.06465,0.03352723389371114,0.005840977343195231,-1.986798535597566,4.087388944035704,23.825146449527,30.68733619965486,4.831217181392867,25.104923319749755,2.334945268592303,3621.0789675925917,3621.0789675925917,25764.384826388887,25764.384826388887,0,0,0
2022-10-25 21:39:26.000,17.97,120.72,42214.03675925926,0.0,3.0,6.4,5.2,0.1405884488791052,0.8201661086935045,0.02740184064392455,0.10741292818172725,0.5790593092043358,3.0828881461391737,0.46486468354623905,0.3095001556754238,0.5661913533253253,1.076040783498918,575799806507.5105,0.3786471160284666,0.018315638888734182,-0.9999999999999999,2.299312497411129,2.1917168428160196,4.092858690283443,2.233101532458537,6.535585729104715,-14.448935523317079,0.2780555555582396,90.872245370374,90.872245370374,43535.17270833333,0,0,0
2022-10-27 17:30:51.000,17.85,120.77,42215.86413194444,0.0,4.0,6.4,5.1000000000000005,0.23022864608941532,1.3476127460088767,0.05337278317314038,0.1420555300429218,0.6681453567742331,3.6087140968120117,0.44951381166970655,0.32232075376547703,0.5466330584878829,0.9989086652720705,576178733559.5829,0.20385157053164235,0.009898375607203939,-1.3333333333333333,2.3389456811218015,2.00716260568479,3.57143466913378,2.1004825657072193,6.517704591697956,-15.274730514493939,2.105428240742185,92.69961805555795,92.69961805555795,43535.17270833333,0,0,0
2022-10-29 17:52:40.000,11.29,126.25,42217.879282407404,4.8,3.0,5.3,4.6000000000000005,0.3557740371585578,1.7783080701614993,0.10496584737778625,0.10107666478519074,0.7896263307331841,3.714589210725717,0.5170621596276349,0.2164140273498855,0.30157997934806957,0.5957632412325387,59787400100.90555,0.08564024252887029,0.004276820349208958,-0.9999999999999999,4.607707969367495,26.725220099138603,32.285743749442965,4.956638986189652,33.625065990193356,5.223578277598277,43535.17270833333,43535.17270833333,43535.17270833333,43535.17270833333,0,0,0
2022-11-06 23:15:44.000,17.98,120.75,42226.103634259256,0.0,5.0,6.4,4.880000000000001,0.3022332604756727,1.7611194314086807,0.08492555128965722,0.1489152800788854,0.4571520862139492,2.5220987534265493,0.1943011066455861,0.18438127271544635,0.5729794112106461,0.883020356936103,576192486881.1215,0.12396532364193587,0.04251515251442983,1.2632278815997788,4.613777686120619,2.00716260568479,4.30756894618945,2.4532608148974613,6.517887516876044,1.6246112133599349,12.344930555555038,102.9391203703708,102.9391203703708,43535.17270833333,0,0,0
2022-11-09 00:27:48.000,11.27,126.52,42228.15368055556,0.0,3.0,4.8,4.466666666666666,0.8337334825539015,3.9059694209279305,0.2819941396631951,0.08932670334796983,1.3714562586418526,6.2372375410154435,0.7630438887732135,0.17494892973105944,0.11508629236872814,0.25210610858843285,23579652559.515087,0.0031535487739366612,7.684776196487658e-05,-0.6123724356957945,5.887866499588108,4.476641999520529,7.889379572882248,3.79040920854387,6.094318931359409,-0.6008870441223787,43535.17270833333,43535.17270833333,43535.17270833333,43535.17270833333,0,0,0
2022-12-19 21:44:24.000,7.82,124.74,42269.04020833333,0.0,3.0,4.4,4.300000000000001,2.385606273598328,10.517490726600695,0.7557266632048494,0.03606670660650584,2.895296546021672,12.637366748010685,1.113149032428996,0.10784163513291366,-0.008728650238096769,0.03520815669978372,13207508090.970108,6.969171937624866e-08,2.061153622438658e-09,1.4411533842457844,7.410849195313975,50.395267427876,51.45228483993237,1.7357812092632223,51.40110775407676,0.8015504658727024,2078.0162631944404,24725.170972222222,43535.17270833333,43535.17270833333,0,0,0
2023-01-18 00:56:36.000,14.45,123.05,42298.173680555556,4.5,3.0,4.8,4.533333333333333,0.9542425094393263,4.484939794364834,0.27924415515845885,0.15087898849914955,2.368878992199564,10.900188820397744,1.7208868884365536,0.2887776119489596,0.09999999999999964,0.19858774707751348,24553382383.303173,0.0013717421124828388,7.822814343739539e-08,-1.4411533842457844,7.410849195313975,87.82763168624439,90.36669643924584,2.240173835829985,91.21280998588668,-2.8064621465618065,43535.17270833333,43535.17270833333,43535.17270833333,43535.17270833333,0,0,0
2023-01-18 02:21:42.000,2.95,126.71,42298.232777777775,7.0,3.0,7.0,5.433333333333334,0.12975626431352075,0.8130281596626076,0.030844753424955136,0.09988873162971074,0.40088721406454025,2.24102499660364,0.294421177655928,0.26573533944161065,0.7341895286215552,1.409836687276214,1995448715291.8992,0.40806674805171633,0.06271022482807163,-0.9999999999999999,4.047396061842092,253.831884506131,262.641177674976,8.890821791484113,253.8455487777553,26.733092486014026,0.3441203703696374,0.3441203703696374,0.3441203703696374,43535.17270833333,1,1,1
2023-01-18 06:06:10.000,2.86,127.04,42298.388657407406,0.0,5.0,7.0,5.0600000000000005,0.11351042251196464,0.7135689002378589,0.014626417249758878,0.10323971608566511,0.45715208621394965,2.580020851303831,0.237239986157689,0.29162649840989485,0.7136266040887591,1.3563183257652955,1995517300804.2358,0.4565293806557418,0.04251515251442971,-1.0,8.639623028847156,253.831884506131,261.30298722034564,6.7696842332333365,253.8472975905155,-8.10471884009659,0.5,0.5,0.5,43535.17270833333,0,0,0
2023-01-18 15:43:25.000,2.33,127.09,42298.78952546296,5.4,3.0,5.4,5.1000000000000005,0.09604977766673499,0.7940855210198874,0.006365636254982167,0.04748828105452777,0.6681453567742331,3.483775360203712,0.30802857026748753,0.23392166075969228,-2.867437367477674,0.18590201236572845,103063290002.67183,0.5150515126680103,0.009898375607203939,-0.9999999999999999,8.672617004934883,307.024792589723,312.02453995176296,4.32990822803085,314.36057495194325,-2.7623432976796303,22000.256412037037,25821.77259259259,26470.95658564815,43535.17270833333,1,0,0
2023-01-18 19:54:51.000,2.12,127.21,42298.96413194444,5.4,4.0,5.4,4.95,0.16419817945308032,1.143913983523127,0.01611077370739658,0.08118175266958659,0.8685889638065036,4.510710328457229,0.4508253581337453,0.26087521121993784,-1.56666666666667,0.20685281944005496,103672244537.0709,0.3216662245023587,0.0024787521766663602,-0.9999999999999998,10.01427552475536,307.024792589723,310.774603111253,4.32990822803085,314.2037417527806,-6.8182190836534255,22000.431018518517,25821.94719907407,30780.963020833333,43535.17270833333,1,0,0
2023-01-18 20:57:49.000,2.5,126.63,42299.0078587963,5.3,5.0,4.9,4.62,-1.5642494258861502e-16,0.30102999566398037,6.514667333626042e-33,1.013490324081353e-16,1.240841376866435,6.008900329249583,0.40993289452239573,0.21940489416808193,1924437309564279.2,0.05739848680401938,40170040968.55192,1.000000000000001,0.0001894418252328926,-1.2632278815997786,11.196300409382683,262.48030374943096,276.215997765843,21.007246088395714,274.3437293761959,37.78782397094798,557.8430555555606,25821.99092592593,43535.17270833333,43535.17270833333,1,0,0
2023-01-19 13:00:24.000,3.09,126.79,42299.67631944444,4.2,11.0,7.0,5.0,0.11351042251196462,1.01459889590184,0.008997501990037744,0.10323971608566514,0.45715208621394965,2.8810508469678124,0.14593917369651976,0.2924502892190157,-1.9383765248067473,0.6978285042333479,2822102367384.1284,0.45652938065574183,0.04251515251442971,-1.364382080481293,10.984943147398836,243.844450890174,259.71584755396634,8.023218507599603,253.8466687496793,-10.141541890154341,1.2876620370370802,1.2876620370370802,1.2876620370370802,43535.17270833333,0,0,0
2023-01-19 17:51:33.000,2.82,126.76,42299.87850694444,4.9,16.0,7.0,4.8,0.11351042251196462,1.01459889590184,0.006509505155581834,0.10323971608566514,0.45715208621394965,2.8810508469678124,0.10558395037096992,0.2924515348713059,-1.9383765248067473,0.6978285042333479,2822168617070.1436,0.45652938065574183,0.04251515251442971,-1.4855627054164147,17.735450221130403,243.844450890174,272.42881596842096,26.306925025438133,253.85945596749258,17.56391216101259,1.489849537036207,1.489849537036207,1.489849537036207,43535.17270833333,0,0,0
2023-01-19 21:00:09.000,2.83,126.49,42300.00947916666,4.9,17.0,4.9,4.529411764705881,1.6322041330508266,8.340531636574966,0.3097965721561837,0.07220634395656725,2.251897313572425,11.203825682447413,0.589691444952567,0.25655243410272344,-0.20998071116588868,-0.07528267160352353,59631114712.73037,1.2687837297914947e-05,1.755125027994311e-07,-1.6616697917502403,17.935034288103687,243.844450890174,275.2382461739202,24.64137421235869,272.2869547351146,8.700571316788125,558.8446759259241,43535.17270833333,43535.17270833333,43535.17270833333,0,0,0
2023-01-20 23:49:48.000,2.35,126.89,42301.127291666664,5.4,11.0,5.4,4.581818181818182,0.3879576522499896,2.2992354993397943,0.044483765003807546,0.12181047332156646,1.1329421267041366,5.876390820552259,0.37935721133676725,0.2470307811273923,-0.5265115303312227,0.21315887012924684,106701221108.13412,0.06856887802120475,0.00039918445425918335,-2.185478389157322,16.606797231426484,281.25431854094404,307.0575294496413,13.956233703325529,312.4552744471418,-9.47996355368353,559.9624884259247,25824.110358796293,30783.126180555555,43535.17270833333,1,0,0
2023-01-21 02:59:11.000,5.91,126.06,42301.25880787037,4.6,3.0,4.5,4.333333333333333,0.25155894150811675,1.3995040402494237,0.024258062070195572,0.05434294234266837,1.1329421267041366,5.008889761536209,0.49203051394334185,0.229126107350039,-1.0633245706126786,0.07886528934389148,16359523656.98483,0.17592322403758717,0.00039918445425918335,-2.1213203435596424,4.607707969367495,9.57338373676669,18.133016119225328,14.825718180530194,11.67016343225707,-18.75495251422594,866.4830092592601,19142.587365740743,19142.587365740743,19142.587365740743,0,0,0
2023-01-21 03:02:22.000,2.68,126.83,42301.26101851852,4.9,27.0,7.0,4.662962962962963,0.162434279708623,1.3213185183515672,0.008227338750250918,0.1498195191048666,0.6893563204813522,4.171039074214221,0.1481806614229881,0.42073741651499624,-1.13448073104869,0.9493713914137505,2822483848606.584,0.32560957008104147,0.008549309479686046,-2.2738101868796012,25.03048553177186,243.844450890174,277.4346983032018,24.22404013098799,253.88918734402822,6.174077341509465,2.8723611111126957,2.8723611111126957,2.8723611111126957,43535.17270833333,0,0,0
2023-01-21 12:44:16.000,4.03,128.86,42301.66511574074,5.1,3.0,4.5,4.3999999999999995,0.5282737771670408,2.6430437411045293,0.06418683223773639,0.05568494546627041,1.7371779276130135,7.773268550694319,0.6940910450027437,0.222435292224447,-0.5031704304504894,0.025346927832972987,16973299261.953905,0.02601229487374945,6.144212353327941e-06,-1.4411533842457844,7.410849195313975,146.520044563029,154.170315764091,6.6253292059601865,156.26638527440736,-10.303605969829876,43535.17270833333,43535.17270833333,43535.17270833333,43535.17270833333,1,0,0
2023-01-21 17:43:37.000,2.65,126.57,42301.87299768518,5.3,25.0,4.9,4.452000000000001,1.8061799739838864,9.18141486775142,0.3522537916709635,0.07772561066103266,2.4816827537328825,12.318830654163204,0.6650069074154779,0.482970501298468,-0.1833333333333309,-0.06390226979396907,64178694297.42184,3.814697265625022e-06,3.588820514756674e-08,-2.6599758829946576,25.035688811888402,256.418230910118,281.0633534791225,21.535937033392013,274.7917957933067,5.555977716121479,560.7081944444435,43535.17270833333,43535.17270833333,43535.17270833333,1,0,0
2023-01-21 18:42:12.000,3.1,126.79,42301.91368055555,4.5,22.0,7.0,4.745454545454546,0.162434279708623,1.3213185183515672,0.009745428990814752,0.1498195191048666,0.6893563204813522,4.171039074214221,0.17552262737032087,0.43383334266649864,-1.13448073104869,0.9493713914137505,2822419398649.209,0.32560957008104147,0.008549309479686046,-2.4910094751181107,18.480765054760727,243.844450890174,265.52694115080755,12.5513568623489,253.8679797381992,5.02756411235659,3.5250231481477385,3.5250231481477385,3.5250231481477385,43535.17270833333,0,0,0
2023-01-22 17:57:32.000,2.02,126.83,42302.88266203704,5.4,5.0,4.5,4.24,0.5282737771670408,2.6430437411045293,0.07204954049278386,0.05568494546627041,1.7371779276130135,7.773268550694319,0.7791152656884484,0.197171145229583,-0.5031704304504894,0.025346927832972987,17882694195.3685,0.02601229487374945,6.144212353327941e-06,-1.986798535597566,11.196300409382683,307.024792589723,312.9393651529012,7.652002334958138,310.1868532450575,0.2953260100590482,18207.28561689815,25825.865729166668,43535.17270833333,43535.17270833333,1,0,0
2023-01-22 18:21:01.000,2.54,126.71,42302.89896990741,5.3,28.0,5.2,4.464285714285714,1.7712991219021552,9.083551950582134,0.3770818737645417,0.12468342510770199,1.9066587010386733,9.724872534217223,0.43691581104066635,0.27457333863332767,0.07181366587732096,0.09952106849564046,80966047929.33394,4.85403199128472e-06,1.9055655680785209e-06,-2.8627123416821876,26.495282598983543,256.86769602786103,284.9255598643305,20.61688178965013,274.35287793103004,3.1663807333872134,561.7341666666689,25825.882037037038,43535.17270833333,43535.17270833333,1,0,0
2023-01-23 02:01:54.000,2.95,126.84,42303.21902777778,4.8,29.0,7.0,4.665517241379311,0.2122242901808029,1.6421193812739925,0.013260377315186709,0.14469667079463555,0.6873725612857223,4.203306467072548,0.13910735281843947,0.38602498890326203,-0.7376599062953684,0.88496616855012,2822887383595.402,0.2308485385404759,0.00866726980774493,-4.1012193308819755,25.138229732764806,242.899174128797,268.14754731205295,16.907139689221527,253.88543309794215,4.27033723745648,4.830370370371384,4.830370370371384,4.830370370371384,43535.17270833333,0,0,0
2023-01-23 17:06:45.000,2.27,126.62,42303.847395833334,5.4,12.0,4.9,4.416666666666666,0.795880017344073,4.226908834348938,0.1315760079617665,0.0641555715291221,1.6084980811231522,7.937211369390203,0.5374308574252182,0.23621210166619308,-0.4109875134879415,-0.03454823635720761,47932346379.908005,0.004096000000000065,1.4945338524781713e-05,-2.4,17.345234009869767,297.29127199504296,311.75129213593505,13.588855238219224,314.53309207387997,-0.18603936216758857,562.682592592595,25826.830462962964,43535.17270833333,43535.17270833333,1,0,0
2023-01-24 01:11:22.000,2.86,126.61,42304.18393518519,4.8,38.0,7.0,4.655263157894737,0.2934195210278759,2.1668780394303626,0.020063455914315402,0.15757296706117332,0.7153085584288847,4.436547404451108,0.11923797088695655,0.3551926578992286,-0.384914377337906,0.797715192733591,2824146806001.1157,0.1317472130194825,0.007146186147096991,-4.8922082598207695,29.23622224707735,242.899174128797,275.1163582084258,22.66271843525542,254.02470340353938,2.497604807924672,5.795277777782758,5.795277777782758,5.795277777782758,43535.17270833333,0,0,0
2023-01-24 02:29:56.000,2.14,126.89,42304.23849537037,5.4,17.0,5.4,4.68235294117647,0.5961776277329144,3.699191447895909,0.09642969669943433,0.060559628497595046,0.8607638380064461,4.914829956187233,0.20101454270957073,0.1484751519101758,-0.804847810144822,-0.30984716036644944,149133276110.0057,0.016272980978836206,0.002616426179649533,-2.9896729469788004,20.64495787630204,298.995295653287,315.7937304268408,13.171994267857755,315.1077683338968,0.9141571822217678,18208.641450231484,25827.221562500003,30786.237384259264,43535.17270833333,1,0,0
2023-01-24 16:10:22.000,3.81,128.63,42304.80824074074,5.1,4.0,4.5,4.35,0.9030899869919394,4.304728937994913,0.16245030154958123,0.09519404303287932,2.1714724095162667,9.722244111296284,0.9392194961119752,0.22179879649783035,-0.2666666666666684,0.02274112777602255,18011126930.674164,0.0019531250000000555,3.059023205018097e-07,-1.5491933384829666,8.867725110565202,146.520044563029,152.2577479638255,6.625329205960187,154.99014597536055,-8.357432929738119,43535.17270833333,43535.17270833333,43535.17270833333,43535.17270833333,1,0,0
2023-01-24 20:12:53.000,2.58,126.52,42304.97665509259,4.8,33.0,5.9,4.587878787878789,1.011585572076235,5.791917286002382,0.1734497099295898,0.11017875603855062,0.9488786999566862,5.478785372107594,0.15261236431351596,0.10674192562655609,0.17441687002837902,0.1260424094695285,242072986483.05087,0.0009230883794593041,0.0014235210715242079,-6.327848502189876,28.763816555824828,261.358750691731,289.2160996798899,21.807127248143892,276.1191096248578,3.224844708972096,563.8118518518531,43535.17270833333,43535.17270833333,43535.17270833333,0,0,0
2023-01-26 04:23:50.000,2.65,127.01,42306.31759259259,4.8,32.0,7.0,4.731250000000001,0.3088418666028997,2.3015409945053014,0.02712809102570215,0.11682027280495545,0.6608829072440794,4.1861894090010034,0.12422126171076779,0.29461822912922087,-0.4521664430443266,0.6657623262528309,2831047368259.678,0.1184334553465414,0.010407616435502485,-0.598009944766586,27.410443695199785,253.831884506131,279.25297693285773,21.00868362375042,254.09616224391453,2.0668054332698462,7.928935185183946,7.928935185183946,7.928935185183946,43535.17270833333,0,0,0
2023-01-26 17:33:45.000,2.73,126.72,42306.86614583333,4.8,48.0,7.0,4.647916666666666,0.38131812295911566,2.7767492956588473,0.029988126135846088,0.11287333783829029,0.7042613220052737,4.494874586327565,0.10229210389530916,0.27861847974741294,-0.2819756745644266,0.6176040826306988,2833780381144.998,0.0717869713551591,0.0077128704008256055,-1.345853169820906,33.93309033163085,242.899174128797,276.7239761816654,22.36204953592809,254.20580635576403,1.3791249746650462,8.477488425924093,8.477488425924093,8.477488425924093,43535.17270833333,0,0,0
2023-01-26 21:22:56.000,2.94,126.34,42307.025300925925,4.8,24.0,5.9,4.55,0.7522392250294438,4.232437536124516,0.10333795681797384,0.13892939809017674,1.0528351076442477,5.746131482155484,0.2024270918745237,0.17460701149036142,0.2735484732814193,0.4422303640570684,218400638390.0438,0.005537099464165703,0.0006942160929985544,-0.24618298195866556,23.489197518222973,256.418230910118,275.7874521431379,15.85055339880125,263.56923943175093,1.3452858851019962,22687.89681134259,22687.89681134259,43535.17270833333,43535.17270833333,0,0,0
2023-01-28 17:15:43.000,3.08,126.68,42308.85362268519,6.0,38.0,7.0,4.663157894736843,0.2829820888746839,2.132053464081002,0.019117749016789,0.11735219386105424,0.7619201436899162,4.680923920029296,0.1385918751700597,0.3951915001168412,-0.534234666792508,0.8564113853717412,2830460777356.343,0.14159689608286943,0.005178924370597728,0.6989632453288303,27.491729366117806,242.899174128797,267.23621178588724,14.754344033658354,253.9771614512461,1.2853605975798321,10.46496527778072,10.46496527778072,10.46496527778072,43535.17270833333,1,1,0
2023-01-29 16:11:00.000,2.62,126.62,42309.80868055556,4.8,47.0,5.9,4.580851063829787,1.0161483788518684,5.924066806807374,0.13621768893872355,0.07181104528227997,1.1226660076410617,6.4430172361017135,0.1662724885835184,0.11267409221995989,0.07007699849810134,0.16096702648035333,269028878267.52454,0.0008944475183375307,0.0004285504713208511,0.8356290217967334,34.32720703548633,254.329491765448,282.7289440464365,22.39352463489874,275.69838191725086,0.5709229686771548,568.6438773148184,43535.17270833333,43535.17270833333,43535.17270833333,0,0,0
2023-01-29 19:57:01.000,2.09,126.99,42309.965636574074,0.0,11.0,5.4,4.709090909090908,0.5389588527639047,3.2646595107618706,0.10484663648104224,0.057016501113265505,0.6059923003301194,3.4994101708258265,0.13254931726370336,0.10366141204762155,-0.65734462662585,-0.37467761375762176,125765788566.2619,0.02416147490626694,0.015206284059065786,0.9338592095470353,16.606797231426484,307.024792589723,322.27108506487235,13.874397308682381,321.97200441149954,4.083973158557581,18214.368591435184,25832.948703703703,30791.964525462965,43535.17270833333,0,0,0
2023-01-31 04:34:49.000,5.83,126.1,42311.325219907405,0.0,6.0,4.5,4.316666666666666,,,,,,,,,,,21590325759.86023,,,2.449489742783178,8.757171500436238,9.57338373676669,28.581447052592228,19.08435078902836,27.354798334520712,3.5880023403296524,876.5494212962949,19152.653777777778,19152.653777777778,19152.653777777778,0,0,0
2023-02-01 15:23:12.000,2.51,126.56,42312.77548611111,4.3,32.0,5.4,4.525,1.376174743076353,7.433237698574885,0.25873381255492006,0.12258465219974478,1.429323611327163,7.688831964411787,0.27910470526970843,0.19637639182254843,-0.0013763411747733656,0.02065000292515151,120507567508.65192,7.438335633783636e-05,5.15263247077101e-05,3.7010962170074917,27.410443695199785,266.474376310703,294.7364484492834,18.71880915921976,304.29243797020405,-0.8297601343259282,571.6106828703705,31179.238483796296,43535.17270833333,43535.17270833333,0,0,0
2023-02-01 21:03:15.000,2.76,126.76,42313.01163194444,4.3,43.0,5.9,4.527906976744187,0.8944997298538089,5.219563185016156,0.11264497079220953,0.07413205034195244,1.0305292790924612,5.88656271950356,0.14951062257690112,0.09959856365182881,0.06482419075832802,0.18782583966213995,259079801933.50058,0.0020725299271348936,0.0008098641278230668,3.0316953129541617,28.147758345318994,242.899174128797,279.2508106848388,22.741778923666732,271.51748123311387,0.4062730819107286,14.622974537036498,14.622974537036498,14.622974537036498,43535.17270833333,0,0,0
2023-02-03 17:23:51.000,3.29,126.61,42314.85927083333,6.0,14.0,5.9,4.55,0.4101947193663041,2.3255394170525134,0.04863973463852669,0.09162683327089896,0.8272275845776234,4.40730688038503,0.1978158480939362,0.20811514671154924,0.23064516129032508,0.5721954604120585,212370604291.99197,0.05880521496594882,0.003298505755939073,1.7741310502909746,10.59415722657685,242.899174128797,259.48563314687397,10.903159000592046,261.5817832020933,0.7111866427380213,377.6233796296292,5104.992337962962,5104.992337962962,5104.992337962962,1,1,0
2023-02-05 01:40:33.000,2.9,126.6,42316.204201388886,0.0,25.0,5.9,4.556,0.7565749941524494,4.306640274263579,0.10858539056626916,0.11636651297632702,1.0708631060628164,5.880212797328281,0.2175381065039478,0.17009898524150188,0.20771528592736832,0.40890336585809184,225806931782.29697,0.00537371980149776,0.0006129297223867908,1.5768009924727389,15.900344415336091,237.092760931412,276.944233880301,22.51107413754525,270.1662972104626,-0.48187782298430254,17.815543981480005,17.815543981480005,17.815543981480005,43535.17270833333,0,0,0
2023-02-09 06:09:31.000,2.39,126.65,42320.39098379629,4.9,6.0,4.8,4.533333333333334,0.8804562952783939,4.556568756176217,0.20415649026884988,0.050833167908869104,2.0044360703227078,9.697527178204119,1.0581128867905358,0.4934404726347444,-0.3752355916036283,-0.03803266254475712,36766505112.72076,0.002283658260521362,9.698214581497943e-07,2.1213203435596424,4.291105500169672,277.274077524206,292.11037699002856,13.14301885613561,294.5672818215408,1.8534050752098736,579.2261805555536,25843.374050925922,43535.17270833333,43535.17270833333,0,0,0
2023-02-11 08:55:04.000,3.43,126.53,42322.505949074075,4.5,3.0,4.5,4.233333333333333,0.9542425094393266,4.198667041533037,0.2792441551584597,0.15087898849914927,2.3688789921995523,10.189525122737827,1.7208868884365403,0.27917231719803925,0.10000000000000053,0.19858774707751348,13185947048.270979,0.001371742112482836,7.822814343740164e-08,1.4411533842457844,2.210133864088711,237.092760931412,246.60297643182466,8.236088218821902,241.86291716860194,-2.464542002899716,385.2700578703734,5112.639016203706,5112.639016203706,5112.639016203706,0,0,0
2023-02-13 13:45:24.000,3.55,126.57,42324.70756944444,4.2,3.0,6.0,4.866666666666666,0.19490965110418457,1.068355799944911,0.05053083993727562,0.10160820924365395,0.5317891615141861,2.657456816927825,0.3761566918998022,0.24547832033602826,0.5187126758856833,1.0027999642543781,251486809432.20242,0.26017828502117557,0.02538823534233677,-0.44721359549995787,2.599710778816777,215.778891307245,227.97073310359897,10.983536677231253,231.05293633972144,-1.7901084880882183,2.201620370367891,5114.840636574074,5114.840636574074,5114.840636574074,0,0,0
2023-02-15 18:54:53.000,12.27,123.84,42326.922488425924,0.0,3.0,6.0,5.0,0.23789042015682837,1.3555197775155456,0.07514863827129756,0.07711357721799864,0.41361379228881134,2.131576423874908,0.22717327192428585,0.1699392011257933,0.3019152405467853,0.8464570968984848,253202652790.0998,0.19334312754883104,0.0574326192676173,-0.44721359549995787,3.817433980804671,2.20740796325872,4.69006727499891,2.150069974185435,5.918275419616863,0.378500804295541,0.031076388884685002,911.7854861111118,39422.17109953704,43535.17270833333,0,0,0
2023-02-16 21:38:50.000,12.36,123.73,42328.03634259259,0.0,4.0,6.0,4.8,0.29299352106630344,1.6537553418114765,0.08975922358966289,0.08162506307981032,0.5109346845920612,2.645798729696207,0.2729567412340874,0.18698760295183112,0.3556590064077314,0.8216497930480928,253274339768.99655,0.1321354769948583,0.029322159123893774,-0.6324555320336758,5.0564020833731655,2.20740796325872,4.582054147047264,1.7687664079339118,5.915073604651161,0.31607848929570015,1.1449305555506726,29688.16673611111,39423.284953703704,43535.17270833333,0,0,0
2023-02-20 00:01:31.000,3.45,126.11,42331.13542824074,4.2,3.0,6.0,4.7,0.09714912348275896,0.5228004388606352,0.014123646604104445,0.10410505810560158,0.5790593092043358,2.7933584915370058,0.50178210025707,0.34718041865176974,0.6185779128165114,1.1760407834989177,251267928134.7587,0.5111550191049383,0.018315638888734182,0.9999999999999999,4.308100197271101,183.508749362784,210.10939591405634,24.26778382714059,230.9716238924284,-84.2071404419243,8.629479166665988,43535.17270833333,43535.17270833333,43535.17270833333,0,0,0
2023-02-23 16:14:28.000,3.73,126.29,42334.81108796296,0.0,5.0,6.0,4.58,0.21095528550642145,1.1577826140178693,0.037384069301743546,0.11911422693548213,0.5544184875360663,2.805678902371141,0.2582148162722426,0.23974182121352014,0.5117155456025468,0.9394203738766471,251627538909.59436,0.23288104620610936,0.02171423518842882,1.299038105676658,4.335822560774823,183.508749362784,211.4816775919776,17.587784600669245,230.81283751253008,-0.40287761931329363,12.305138888885267,43535.17270833333,43535.17270833333,43535.17270833333,0,0,0
2023-03-01 04:16:05.000,2.01,126.51,42340.312210648146,0.0,3.0,4.9,4.666666666666667,0.9396275030257888,4.599303096021851,0.2950494586047618,0.0741582297141534,1.3714562586418488,6.511528792743798,0.6285608149827187,0.15177028646746027,0.005184680938804753,0.15210610858843232,32129005204.495857,0.0015174608349342795,7.684776196487846e-05,0.9999999999999999,4.308100197271101,326.296525457515,333.4436327457273,9.92761874634827,330.01626218281103,-8.43193766174343,18244.715165509257,25863.295277777775,43535.17270833333,43535.17270833333,0,0,0
2023-03-07 06:02:29.000,7.47,126.19,42346.386099537034,5.6,3.0,5.3,4.800000000000001,0.4045441856944011,2.136945817412365,0.12099849900590604,0.08055829767385252,0.6681453567742331,3.283331753171442,0.33005777289640287,0.1664796144512664,0.01764545634417658,0.38590201236572774,64531928206.19809,0.061145914248634366,0.009898375607203939,-0.9999999999999999,5.375620014486486,2.93597877263602,4.585651758698524,2.378755685794885,6.4852606802916775,18.6781107915305,33.80396990740701,10891.469150462959,43535.17270833333,43535.17270833333,1,0,0
2023-03-08 10:47:32.000,7.49,126.14,42347.58405092593,0.0,5.0,5.9,5.1800000000000015,0.4382642583931496,2.658556865339619,0.13060375417346126,0.09130632245764429,0.4039948668867458,2.379637405629644,0.11097757902034636,0.13257952603392367,-0.16610467184100663,0.00973356179611784,240570057262.36472,0.04844034469022839,0.06137837685019176,-1.5075567228888183,8.078943075289343,2.03466211059223,4.9799951428439595,3.0619375644688427,4.1621275491597745,0.8837560944713544,35.00192129630159,10892.667101851854,43535.17270833333,43535.17270833333,0,0,0
2023-03-24 15:13:22.000,14.5,123.06,42363.76865740741,0.0,3.0,4.9,4.533333333333333,0.726222769816768,3.451789205497653,0.22512677568207248,0.11838434572598901,1.5328040537761836,7.0681786859572515,1.0029071068146294,0.22406776503093087,0.14692787260227647,0.2887265182107033,28263473114.669125,0.006627224619061212,2.5210870330948685e-05,0.4472135954999578,4.047396061842092,90.9466294434219,94.69713060763026,3.347794129428953,92.22491456070253,0.1542263642518693,43535.17270833333,43535.17270833333,43535.17270833333,43535.17270833333,0,0,0
2023-04-04 17:48:36.000,13.93,125.43,42374.87645833333,4.2,3.0,6.2,5.766666666666667,0.0503117883016229,0.5928383678133942,0.0025228384553002943,0.042093862135412864,0.47377579843991136,2.7986226670752283,0.2237152954967509,0.23584158548379258,-5.583289519730131,0.2929387353875663,538283055275.932,0.7064226817780338,0.03790291440095844,-0.9999999999999999,5.887866499588108,50.549261846321,50.81458714151777,0.45955689181400744,50.55370243238749,9.174869601867357,0.15493055555270985,43535.17270833333,43535.17270833333,43535.17270833333,0,0,0
2023-04-05 18:45:09.000,13.79,125.57,42375.91572916666,0.0,4.0,6.2,5.4,0.1383318839821405,1.0951512640701224,0.021030862207395012,0.05489920660589927,0.37764737556804495,2.225943706270556,0.15674201887941863,0.19430978559507853,-1.7168390724116298,0.30576148471212505,538334098571.30414,0.38459563250653794,0.07363052096557716,-0.9999999999999998,7.343625335737808,20.8995130409471,43.33581861637511,14.962242800970749,50.53289006289202,-158.97574488444383,1.1942013888838119,5511.190190162037,43535.17270833333,43535.17270833333,0,0,0
2023-04-23 02:34:14.000,2.81,126.63,42393.241481481484,0.0,4.0,5.8,4.75,0.3628934849905657,1.9594624030632382,0.1123149396030502,0.10850845871753786,0.6204206884332167,3.145784813904151,0.32828552027142593,0.1923698655651159,0.400447558009537,0.7295939472160757,167146208123.2913,0.08153039474112954,0.013763786733050419,-0.9999999999999998,0.9411855391810651,253.631408088622,270.85069583705103,14.586441751024367,270.13080017377274,-139.3549418909234,94.85282407407794,94.85282407407794,94.85282407407794,43535.17270833333,0,0,0
2023-05-04 01:22:04.000,17.68,122.36,42404.19136574074,5.3,3.0,5.5,5.033333333333333,0.23999326959548764,1.4442301911224646,0.04917173685583663,0.08825270748893939,0.5544184875360663,2.8611207511247474,0.26241752274280455,0.19128885805343493,-0.5177945554753967,0.3394203738766475,107077565059.88489,0.19055493086781103,0.02171423518842882,-0.6123724356957945,8.672617004934883,15.6010405614367,22.218516167645664,5.975716588509493,23.34615221757919,1.0089417841303394,43535.17270833333,43535.17270833333,43535.17270833333,43535.17270833333,1,0,0
2023-05-07 11:36:21.000,17.6,122.36,42407.617951388886,4.9,4.0,5.5,4.75,0.517120946085969,2.6999205198285754,0.16175604429343013,0.11327023844946016,0.8685889638065036,4.336992535695928,0.4563571645634918,0.1922585614240108,0.2789380022913912,0.5068528194400548,91719856771.15202,0.02809552564046388,0.0024787521766663602,-1.3333333333333333,8.867725110565202,23.8343419242724,25.750689770027748,1.6701861261891853,27.096856643964326,1.6822436030988197,43535.17270833333,43535.17270833333,43535.17270833333,43535.17270833333,0,0,0
2023-05-08 17:13:42.000,17.57,122.34,42408.852222222224,0.0,5.0,5.5,4.86,0.4951871593350462,2.781616021652611,0.13057167635040548,0.0799401100157594,0.7896263307331853,4.155378479627296,0.33201176581152664,0.15074183782939476,-0.11730240620103594,0.23753810138406095,108994956904.64746,0.0326917765623014,0.004276820349208924,-1.6984155512168937,10.13924389296033,21.8255067391508,24.96565316385236,2.2745447098843763,25.457690761818146,-0.7698806965126085,43535.17270833333,43535.17270833333,43535.17270833333,43535.17270833333,0,0,0
2023-05-23 18:30:15.000,5.68,124.31,42423.905381944445,5.2,3.0,4.9,4.766666666666667,1.4313637641589874,7.068773191267094,0.4155809566599094,0.07137846678465129,2.0044360703226998,9.69752717820408,0.8149669936305581,0.16334925330409703,-0.0384882922619072,0.0619673374552443,35885308303.59527,5.08052634252909e-05,9.698214581498479e-07,-0.9999999999999999,6.539149811747721,34.086008213448004,40.618447795646034,5.72734901633483,39.28732393690103,132.00255023107403,7748.884789814816,7748.884789814816,43535.17270833333,43535.17270833333,1,0,0
2023-07-01 19:48:24.000,5.1,127.0,42462.959652777776,0.0,3.0,4.5,4.166666666666667,0.6816017924566625,2.9763278270607585,0.17808938466738516,0.14724281588272098,2.0044360703226998,8.494865536010462,1.5401428513374376,0.3094887648684735,0.13333333333333552,0.2619673374552427,12553501703.852962,0.009019752538805272,9.698214581498479e-07,0.4472135954999578,4.607707969367495,53.1961191574039,73.14381909429343,17.298675418683565,78.64650886611494,-4.707745043213546,5983.29370347222,33257.977129629624,43535.17270833333,43535.17270833333,0,0,0
2023-09-10 05:42:38.000,2.41,126.91,42533.37231481481,4.7,3.0,5.3,4.6,0.3557740371585578,1.7783080701614993,0.10496584737778623,0.10107666478519074,0.7896263307331853,3.7145892107257223,0.5170621596276366,0.2164140273498861,0.30157997934806957,0.5957632412325395,59787400100.90555,0.08564024252887029,0.004276820349208924,-0.6123724356957945,0.8335040068426828,277.73348077260096,301.5586552802693,21.23963255254183,307.2897234113017,-3.9456856780894887,792.2075115740736,26056.355381944442,31015.371203703704,43535.17270833333,0,0,0
2023-09-15 12:43:53.000,2.19,126.91,42538.66484953704,0.0,3.0,5.3,4.866666666666666,0.6191108321437556,3.1869998821390246,0.20570337939638364,0.08504274464741032,1.042306756567806,5.167501659274789,0.5830364778023026,0.17443521783066157,0.15229507113677343,0.34224487972162176,63480523611.14312,0.013888888888888944,0.0007465858083766711,-0.6123724356957945,1.6935695497353283,284.882233916055,299.58979438634805,12.823806368539238,306.80807998038904,-2.395829148678909,797.5000462962998,26061.64791666667,31020.66373842593,43535.17270833333,0,0,0
2023-09-17 02:58:11.000,19.25,121.17,42540.25811342592,0.0,3.0,6.3,5.066666666666666,0.20084477544016532,1.1671168941708299,0.062084070335928644,0.0824295926751585,0.38892043155515105,2.0328029809402666,0.23279873835254938,0.18849509359671268,0.4889606457872162,1.0732162776539447,468457794016.58765,0.24972709988670433,0.06811436391683279,-0.6123724356957945,3.1062799081417087,8.02875619551935,10.658616491498316,2.306194910222632,11.615490983619335,0.529638434737749,4.663113425922347,25373.956261574072,43535.17270833333,43535.17270833333,0,0,0
2023-10-29 21:38:06.000,10.46,126.66,42583.035833333335,0.0,3.0,4.9,4.3,0.2602479571198157,1.205815534655146,0.04673300943767584,0.1286700337241144,1.240841376866435,5.440486762185403,1.0623842525552156,0.3509708666051143,0.2666666666666666,0.5154856989661623,26313329547.148106,0.16567467550414722,0.0001894418252328926,-0.6123724356957945,4.607707969367495,14.7895947433114,22.699891981425633,9.306790744741237,20.64371924453467,-2.518233619078766,24366.949467592596,24366.949467592596,43535.17270833333,43535.17270833333,0,0,0
2023-11-04 23:04:01.000,11.39,126.38,42589.095497685186,0.0,3.0,5.6,4.733333333333333,0.23754209769076515,1.2359016950879247,0.056735120213564916,0.11124206850437955,0.7445048261198607,3.6040415244230775,0.5573215540253876,0.27962224497280325,0.3971256164587933,0.7591428316102693,110191326921.68373,0.19380889566710063,0.005840977343195231,-1.4411533842457844,4.308100197271101,1.54312049623933,16.52390173242831,16.914214809047163,1.9815339805133139,34.0720125559253,43535.17270833333,43535.17270833333,43535.17270833333,43535.17270833333,0,0,0
2023-11-09 19:42:02.000,11.54,126.21,42593.95523148148,0.0,4.0,5.6,4.55,0.3364785834057632,1.7420596998826783,0.09358751504689916,0.1282195043952889,0.7238241365054201,3.497356537349643,0.4330810528543552,0.2572608243949512,0.4226728659817569,0.7682233833280652,110263218983.87505,0.09785077050861754,0.006737946999085445,0.0,7.343625335737808,1.54312049623933,14.914433131534906,14.180573511443061,2.012926671486105,0.876583886533793,43535.17270833333,43535.17270833333,43535.17270833333,43535.17270833333,0,0,0
2023-11-20 19:28:22.000,5.56,125.14,42604.94574074074,4.0,4.0,6.8,5.55,0.025729059458460053,0.4554043524147414,0.0010988161726878864,0.055660465888163424,0.33407267838711685,2.0385725083925648,0.18525039371044763,0.2700399426040464,-10.899999999999942,0.6978173305441429,1864326035239.9602,0.8371683896936675,0.0994905804948584,-2.8284271247461903,7.343625335737808,21.558649667008403,42.34278800187073,13.875484001292078,49.78672476838417,6.222154193150854,3.4682175925918273,3.4682175925918273,2396.961860300922,43535.17270833333,0,0,0
2023-11-20 22:20:37.000,5.7,125.49,42605.065358796295,0.0,5.0,6.8,5.42,0.07273334613169444,0.7486590802779882,0.006983236803529959,0.0518794232180387,0.2529870768368457,1.615563100485468,0.08448630318900852,0.19979732829699307,-3.493202775552642,0.41404890445307796,1864503220464.2427,0.605062115665995,0.1741962371516239,-3.872983346207417,7.18724635423819,21.558649667008403,42.80161172819243,12.060239975297462,49.78309082540944,2.9023135047957025,3.5878356481480296,3.5878356481480296,19446.393916666668,19446.393916666668,0,0,0
2023-11-23 03:24:29.000,5.45,124.98,42607.27637731482,0.0,4.0,6.8,5.699999999999999,0.09074737049440379,0.8568924230616939,0.012250594676398259,0.05842754962403481,0.29951343579534623,1.8899677652479512,0.13345095612778923,0.20881088133033052,-2.642614352275218,0.48987317637615924,1864488483481.2368,0.5342664322848887,0.12631638626303002,-2.8284271247461903,7.343625335737808,44.6369066334792,48.11235224348843,2.430243926777877,49.785598378575024,-1.1952807887754908,5.798854166670935,5.798854166670935,2399.2924968750012,43535.17270833333,0,0,0
2023-12-02 16:53:03.000,8.28,127.08,42616.83788194445,6.6,3.0,6.4,5.266666666666667,0.21975395783656193,1.306836457154311,0.06796650576437321,0.08353787229542832,0.4271749002327067,2.3139733257203012,0.2568224502362351,0.1859593104649267,0.4531835238833466,0.9830775065207558,576801210832.9998,0.21914831031499837,0.05229682212785132,-0.9999999999999999,4.607707969367495,2.61086342623079,11.347635990463132,9.287124596290758,20.888842501303458,-16.12909571148265,0.03432870371034369,12404.923125000005,37275.92841435185,37275.92841435185,1,1,0
2023-12-02 17:40:10.000,8.42,126.9,42616.87060185185,6.6,5.0,7.4,5.74,0.2605655369730143,1.844770775627776,0.08359876808893249,0.0688109632619464,0.2632087769110618,1.7864994874277405,0.08530346319099077,0.09758309692807088,0.32012751548632057,0.6126143041521823,4607993514286.456,0.1653116227522649,0.16232061118184807,-1.0,6.82361176504136,2.61086342623079,11.221632739246601,6.879217427469421,8.547737598719765,33.02020563374425,0.06704861111211358,0.12715277777897427,0.12715277777897427,37275.961134259254,1,1,0
2023-12-02 17:55:21.000,8.64,126.97,42616.88114583334,6.8,6.0,7.4,5.800000000000001,0.31331896647282226,2.2331427675457562,0.09962010675497053,0.08684046402057019,0.2632087769110618,1.8834095004357971,0.07030308232669204,0.10552501339284047,0.2726218119340622,0.2444274444837351,4618344236445.369,0.11482675730815499,0.16232061118184807,-0.9999999999999999,7.602274730651041,2.61086342623079,13.025473704757934,7.575088072402878,8.692705459810178,77.13794546131662,0.010543981486989651,0.13769675926596392,0.13769675926596392,43535.17270833333,1,1,0
2023-12-02 18:09:16.000,8.51,127.43,42616.890810185185,5.9,3.0,5.5,4.966666666666666,0.3557740371585573,1.9652436451562783,0.1026984991011468,0.08257418063976656,0.6059923003301194,3.082888146139176,0.2979544011326435,0.16461391483338383,-0.0238534572449165,0.4126611931211892,97528445507.27126,0.0856402425288706,0.015206284059065786,-0.9999999999999999,5.887866499588108,2.61086342623079,8.953843431729263,5.778923141854097,11.6330967426041,5.4766181216908825,19980.07660300926,31521.921296296296,43535.17270833333,43535.17270833333,1,0,0
2023-12-03 03:28:15.000,8.08,126.87,42617.27899305556,6.6,13.0,6.4,4.892307692307693,0.40989221666954806,2.755692302734436,0.09182773531818693,0.09400662023816199,0.42999453653787356,2.805977053459069,0.10105560475471315,0.10683548737936979,-0.3229681137274527,-0.12561094392398342,707194912440.4181,0.05892822367736266,0.05128807398782506,-1.0,14.658403959229823,10.330645114228501,16.987674886672465,4.784388978753856,19.58021080398516,2.776905200232149,0.2750231481550145,12405.364236111116,37276.369525462964,37276.369525462964,1,1,0
2023-12-03 04:59:13.000,8.63,126.45,42617.34216435185,0.0,4.0,7.4,5.225,0.1601676680331397,1.0413218861673588,0.04444068485108191,0.11647176994497652,0.3406231230613741,1.964552483573459,0.20099224034988858,0.2432826893119561,0.8985512434887752,1.63247468957214,4571006787351.503,0.3307478242042979,0.09508907677188679,-0.9999999999999998,4.407993072862402,8.145233970115111,12.302268949211154,3.6453657017841694,8.14721961542494,5.891436829057105,0.5987152777815936,0.5987152777815936,0.5987152777815936,43535.17270833333,0,0,0
2023-12-03 12:39:34.000,8.82,127.24,42617.66185185185,6.8,17.0,6.8,5.31764705882353,0.42748944001035827,3.1493762120745723,0.0908398637060319,0.10833158020074718,0.3555627337219608,2.7106040640548654,0.06284318169949321,0.11778306679392708,-0.567143880789807,-0.8234200240300638,1779710617384.3555,0.05218331684012353,0.08576533707796653,-1.0,17.089954740891493,2.2141353104987203,18.399661972370133,9.625463892586723,24.788405013361444,4.872338678076683,0.08592592592322035,0.08592592592322035,43535.17270833333,43535.17270833333,1,1,0
2023-12-03 14:35:51.000,8.76,127.46,42617.74260416667,5.2,6.0,6.3,5.216666666666666,0.5404025424181488,3.2273705920704443,0.17292053576005725,0.11880176986492362,0.5232463637388581,3.1059032775347664,0.16211538915455895,0.1167151408197337,0.32783973289823454,0.3641665326796977,478092601619.9938,0.02392171834858789,0.026931522687688038,-0.9999999999999999,9.814560628250268,2.2141353104987203,15.06406570050737,14.445532745608702,30.685216266555198,3.027882779570946,0.8517939814846613,31522.77309027778,43535.17270833333,43535.17270833333,1,0,0
2023-12-03 18:07:53.000,8.54,127.07,42617.88984953704,6.8,39.0,6.8,4.961538461538461,0.5368532913942458,3.88788546631766,0.08649548940411507,0.11056867995829756,0.42761302833550946,3.301124697329046,0.0548762059661578,0.1361379384907827,-0.4419886934483497,-0.9198880262809732,1823621339481.8564,0.02451546447077254,0.05213878601925377,-1.198440913532854,28.93175063051309,2.2141353104987203,18.318821013486524,8.32913604980492,24.889772222155205,4.842270869024276,0.3139236111092032,0.3139236111092032,43535.17270833333,43535.17270833333,1,1,0
2023-12-03 18:11:15.000,8.89,126.77,42617.8921875,6.8,17.0,6.8,5.064705882352941,0.40009080906848155,2.8886448074245474,0.08042261629471532,0.07667906667409236,0.43263051837105543,3.017517633139481,0.0940362607600842,0.09127355709737975,-0.41997292102281847,-0.17481454729792834,1698317442151.8752,0.06305616773639997,0.0503626350390779,-1.1487535432791263,15.361602878478676,2.2141353104987203,21.418492654969917,8.189872402960308,24.59727093894934,3.961574807232271,0.31626157407299615,0.31626157407299615,43535.17270833333,43535.17270833333,1,1,0
2023-12-03 22:55:02.000,9.06,127.13,42618.08925925926,5.8,12.0,6.8,5.25,0.33055729658299915,2.4532703457735665,0.06816225998431394,0.07408746692678428,0.3922659836545502,2.7279747615560974,0.09598685957384506,0.10291626383203459,-0.6216190994216291,-0.1544005221683813,1890427370774.3257,0.1019361226424077,0.06655827366327874,-1.2163272811190746,14.330721555830912,2.2141353104987203,22.021440173324507,12.28066823312523,27.537443506222758,4.031552616940001,0.12880787036556285,0.12880787036556285,43535.17270833333,43535.17270833333,1,0,0
2023-12-04 04:43:41.000,8.45,127.37,42618.33137731482,5.2,32.0,6.6,5.040625,0.8106409175044832,5.438326124392701,0.19419976629588176,0.08708269102308593,0.7755258605415216,5.187839646924217,0.1777396125569422,0.24580209920498758,-0.10867458940305053,-0.08944765207666538,1226310051635.776,0.003698939665664003,0.004714356473549257,-1.5449745586728563,26.982270280157685,2.2141353104987203,17.07272207729838,8.816982360475684,22.326688932035395,1.7755992929579543,0.7554513888899237,0.7554513888899237,43535.17270833333,43535.17270833333,1,0,0
2023-12-04 05:03:38.000,8.37,126.63,42618.34523148148,0.0,33.0,7.4,4.878787878787879,0.4988655849062783,3.562773614758924,0.08508799268675095,0.07759410654588254,0.4534801819070103,3.3195901119802613,0.07031011589843157,0.08876672594482336,0.2582493510185495,0.07974600781789043,4706415625099.185,0.0318715544306771,0.04360732577050884,-1.5481984892111214,26.266983083341607,3.19319389849454,19.086913265950955,5.823881919834054,9.492052482670907,1.3986657244722378,0.7693055555500905,0.7693055555500905,1.6017824074078817,43535.17270833333,0,0,0
2023-12-04 06:43:45.000,8.81,126.51,42618.41475694445,4.0,17.0,7.4,5.123529411764706,0.35644860325335215,2.66275883738248,0.07389147818878634,0.09803879709089768,0.40000807543720607,2.866162760058224,0.09305464104416547,0.11320457590199236,-0.0702462376879538,0.2347377564177231,4941153432139.613,0.0852421097964541,0.06309221486774697,-1.3926942648823688,14.261469263584736,8.145233970115111,27.71013581591936,9.678429199475843,12.168383977606082,8.93998393100933,0.45430555555503815,0.45430555555503815,1.6713078703760402,43535.17270833333,0,0,0
2023-12-05 00:58:30.000,8.76,126.95,42619.175,5.8,56.0,6.8,4.8982142857142845,0.5448257268801183,4.038693841541495,0.0689665733666378,0.051274517551882115,0.47524658089529276,3.668133497695947,0.052476086186392164,0.07377842049157478,-0.6128177916057842,-0.9183795636903644,2204563616009.783,0.02320186093105118,0.03751977776393673,-1.979486637221574,34.26898690794341,2.2141353104987203,19.89270591496084,9.862533015769662,25.11517964217838,6.007363542079421,1.2145486111112405,1.2145486111112405,43535.17270833333,43535.17270833333,1,0,0
2023-12-05 02:44:19.000,8.44,127.13,42619.2484837963,4.9,55.0,6.6,4.881818181818181,0.6849146012113498,4.710175146796822,0.09585573627720308,0.09850929116448753,0.5072052343395641,3.8115032216017566,0.052566941781640945,0.16861703605197514,-0.27702545465717776,-0.9147158655898826,1256815832530.0046,0.008815687693459287,0.03008737486142695,-1.8913115869991037,35.74905702328944,2.2141353104987203,17.45477258886637,7.355198811946667,21.619384013434466,-0.19224494068849707,1.6725578703699284,1.6725578703699284,43535.17270833333,43535.17270833333,0,0,0
2023-12-05 04:58:52.000,7.76,127.0,42619.3419212963,0.0,3.0,4.5,4.333333333333333,0.9542425094393239,4.379285038931414,0.2517072799493607,0.08283624741336082,1.5328040537761836,6.761617875202015,0.6494586987710461,0.16736048491054584,-0.0892789260714375,0.08872651821070221,15266212610.856668,0.0013717421124828627,2.5210870330948685e-05,-1.4411533842457844,6.539149811747721,25.662545232318,27.091458234374233,2.002025817223095,27.63291490790151,-1.631437206815686,23835.45703703704,32621.215046296296,37278.4324537037,37278.4324537037,0,0,0
2023-12-05 07:27:24.000,8.79,127.43,42619.445069444446,5.2,18.0,6.3,4.977777777777778,0.7379896386794687,4.563407399862846,0.1749827461171807,0.06759030484502669,0.9650988486738964,5.796665263487905,0.29925284928298923,0.2805547160867581,0.11643432280643129,0.29370823884737796,537180214060.25116,0.006109857537090771,0.0012726338013397777,-2.025158221666843,19.53690260519433,2.2141353104987203,15.39641354870743,11.702710893265083,30.13636734032116,-2.6420559512249073,2.5542592592610163,31524.475555555557,43535.17270833333,43535.17270833333,1,0,0
2023-12-05 08:13:16.000,8.25,126.72,42619.47692129629,0.0,40.0,7.4,4.815,0.5228941725850116,3.726671380454691,0.080858788724757,0.07781670905420278,0.5035298340907268,3.6199752815009587,0.0749807953227184,0.07795665786303395,0.2729911790156496,0.21080278383523687,4709555289691.697,0.02699712281608749,0.030861035755572738,-1.631181743481111,29.353809326796892,2.62316586442611,17.56148263182896,6.5498200355578255,9.482774163877565,-1.3383784186837941,1.9009953703643987,1.9009953703643987,2.73347222222219,37278.5674537037,0,0,0
2023-12-05 09:10:01.000,9.06,126.91,42619.516331018516,5.8,25.0,6.8,5.007999999999999,0.4801327881580349,3.3936016560470965,0.08127553831194816,0.10238006500885255,0.6776225958774154,4.497267924133044,0.16188733877566366,0.19186565607129308,-0.2680481311559548,0.1631671206155918,1892912084324.6118,0.036274516754953155,0.009271120213455794,-1.7872346898089684,20.496930032981,2.2141353104987203,21.543541422586,12.12124216841447,27.241907796676575,-0.30976574340510904,1.5558796296245418,1.5558796296245418,43535.17270833333,43535.17270833333,1,0,0
2023-12-05 09:59:29.000,9.24,126.68,42619.55068287037,5.8,15.0,6.8,5.1,0.3591509779017978,2.625508664120582,0.07080075436637565,0.09648990771734538,0.36495334613718655,2.605794723003621,0.073106918461756,0.10428990546309015,-0.5103202431999829,-0.3400762606629133,1883257994655.4744,0.08366562627526744,0.08037851190666169,-1.6984155512168935,13.427826347820039,5.18736623223747,26.009150351059837,12.989555009129027,27.490494190248572,-7.125198716900735,1.5902314814811689,1.5902314814811689,26192.959976851853,26192.959976851853,1,0,0
2023-12-05 12:42:30.000,8.52,126.77,42619.66388888889,0.0,67.0,7.4,4.841791044776119,0.6430583956064435,4.549528114924812,0.08171734075865027,0.08965037904742963,0.5206053726285041,3.942417420712209,0.05355878194050401,0.1764654824565104,0.32517111041785274,-0.17275592606197776,4721211702861.986,0.011771310436057544,0.02742735211767133,-1.9274424719712444,38.553200569895715,2.2141353104987203,17.663184410384353,10.059081319573668,9.628626197617503,0.4838706875203155,2.087962962963502,2.087962962963502,2.920439814821293,43535.17270833333,0,0,0
2023-12-05 17:33:20.000,8.9,126.6,42619.86585648148,4.1,33.0,6.8,4.875757575757577,0.515234095046554,3.6445410942420464,0.08284379120072397,0.10332913497097712,0.478122365398075,3.4361374129233284,0.071339308555739,0.10143898628617475,-0.273563510801325,-0.3867322292327193,1904694339851.7302,0.028464116932892317,0.03678179366560002,-2.0348671727280845,23.979849536744865,6.86465469451068,25.063993270689693,10.787935939301478,26.99129394856134,-2.3307017631340328,1.9054050925915362,1.9054050925915362,36256.603043981486,43535.17270833333,0,0,0
2023-12-06 12:48:30.000,8.79,127.42,42620.66805555556,5.2,21.0,6.3,4.871428571428571,0.7379896386794687,4.563407399862846,0.16675296365990014,0.06759030484502669,0.9650988486738964,5.796665263487905,0.2851783996359874,0.25889874358546744,0.11643432280643129,0.29370823884737796,537313739717.8621,0.006109857537090771,0.0012726338013397777,-2.2912878474779204,21.341332134263716,2.2141353104987203,15.474573904813202,12.334844452131525,30.109878895103634,-2.0443471146526955,3.777245370372839,31525.69854166667,43535.17270833333,43535.17270833333,1,0,0
2023-12-06 12:55:15.000,8.78,127.04,42620.672743055555,5.2,87.0,6.8,4.819540229885058,0.6472669451429285,4.704147798997891,0.07157127527229563,0.04858205077317783,0.550448430339245,4.192825105134823,0.051761299749261934,0.08592886514519281,-0.4677089944074435,-0.817107932437481,2229820475929.15,0.011434025714164782,0.022317971003028753,-2.6247399316385356,44.27693079104202,2.2141353104987203,20.39395287150248,10.645738975203608,25.088945236166577,1.7308999764838964,2.712291666663077,2.712291666663077,43535.17270833333,43535.17270833333,1,0,0
2023-12-06 14:52:31.000,8.42,127.05,42620.75417824074,4.9,73.0,6.6,4.754794520547946,0.7222825156887315,4.933780656026073,0.08915982674084352,0.08815675275078075,0.5600737580828812,4.123161795590246,0.05360995725278867,0.1564030723433948,-0.23081834165883652,-0.7618192891302895,1258227622404.217,0.00681008375095315,0.020882318997911434,-2.2506864183204573,40.98951374924727,2.2141353104987203,16.166971916305847,7.9891915448749415,21.572765373795363,-1.042786010956748,3.178252314814017,3.178252314814017,37279.84471064815,37279.84471064815,0,0,0
2023-12-06 15:24:36.000,8.59,127.21,42620.776458333334,5.2,71.0,6.6,4.8183098591549305,0.7203038852420226,4.959058652415932,0.09253722783036038,0.10493889123324385,0.5256076806623975,3.978404270424214,0.049272928637374806,0.18428304198473494,-0.2846756959386454,-0.9691517015322662,1285512934950.7368,0.0069038022684680695,0.026495795186978,-2.3169974327351732,40.95814279728506,2.2141353104987203,18.166697135661256,9.246070021201112,22.32378872801299,0.6643272233045979,3.2005324074052623,3.2005324074052623,43535.17270833333,43535.17270833333,1,0,0
2023-12-06 17:14:56.000,9.25,126.92,42620.8530787037,4.6,24.0,6.8,4.8625,0.4183430766398721,3.008300605114287,0.07000562523126758,0.10267170736816121,0.4312143791947185,3.0434713041349992,0.07437966796118547,0.10417888351337043,-0.3909893412768559,-0.25790773911250753,1889866827550.8328,0.05558668437396589,0.05085771718654506,-2.2711690723554425,20.961046881429525,5.18736623223747,24.349863344812466,11.903174907938855,27.246885345525765,-0.8309655493656836,2.8926273148099426,2.8926273148099426,43535.17270833333,43535.17270833333,0,0,0
2023-12-06 18:04:40.000,8.84,126.71,42620.88761574074,0.0,70.0,7.4,4.782857142857143,0.5682915342893254,4.183165439019541,0.06959477665323102,0.09625871733041917,0.5209639368523199,3.9284112242739875,0.05848568676908194,0.10521525644386555,0.03905022929686819,-0.14065866441652108,5064149267699.042,0.019729923308843288,0.027359502087465525,-3.068719661152578,37.6920922208881,2.2141353104987203,22.838469987098495,11.701136964778994,12.858172802753144,1.3462962695896565,2.9271643518513883,2.9271643518513883,4.14416666667239,43535.17270833333,0,0,0
2023-12-06 23:41:27.000,8.75,127.76,42621.12149305556,5.2,7.0,6.3,4.942857142857143,0.31158266086057557,2.019500482627195,0.07748227528791471,0.08092330819255102,0.3340726783871166,2.0385725083925634,0.08907128541791136,0.1320203736724781,-0.18142767973492724,0.19781733054414108,515738311433.3659,0.11621227882472214,0.0994905804948586,-3.24037034920393,12.32142385258237,28.660178870283197,36.80811331107423,6.969684595167744,33.64633161779117,2.661715661600344,4.23068287037313,43535.17270833333,43535.17270833333,43535.17270833333,1,0,0
2023-12-07 00:46:27.000,9.08,127.14,42621.16663194444,5.2,40.0,6.8,4.709999999999999,0.510707900875214,3.5869628980756754,0.06949563778161907,0.10649733547313055,0.5762138089134058,3.909083142486632,0.08846667718667339,0.1181776010811196,-0.22351166278923795,0.015915547289331755,1894691521192.7063,0.029368130232654166,0.01867921295042465,-2.308119144338461,29.707942396785583,2.2141353104987203,18.797011907286155,10.869286226065677,27.013879409687338,-1.5938051524955121,3.2061805555495084,3.2061805555495084,43535.17270833333,43535.17270833333,1,0,0
2023-12-07 01:53:18.000,8.37,126.7,42621.213055555556,0.0,64.0,7.4,4.762499999999999,0.6085709967857548,4.304837614920726,0.07458295370992647,0.07979641876035934,0.5690385053367707,4.114237592015226,0.06520792591859144,0.09417925537490819,0.32631814914402124,0.16984324710975152,4715809949896.052,0.014937812699045266,0.01962838121028363,-2.989435945580248,38.15869257381549,2.61086342623079,18.46239859878586,8.532766902729135,9.55322891544188,1.590581660471828,3.6371296296274522,3.6371296296274522,4.469606481485243,43535.17270833333,0,0,0
2023-12-07 16:06:50.000,9.5,126.71,42621.80578703704,4.6,9.0,5.6,4.4222222222222225,0.40480307520772923,2.118208078801685,0.05817703549099548,0.17221006341029363,1.1135755946237236,5.48734506121803,0.44025408020487494,0.3362000965515871,0.36731228458503473,0.6723192141507015,111760619174.61893,0.06103666195355153,0.0004563239005810281,-1.7214571252710136,9.880268263655912,6.370129563133499,18.431478914018452,12.313432460914813,8.105080415400314,-0.5826887245251501,4051.9092222222243,4051.9092222222243,26195.21508101852,26195.21508101852,0,0,0
2023-12-07 19:27:19.000,8.75,127.0,42621.94501157408,4.9,104.0,6.8,4.736538461538462,0.6538339867237767,4.733723653951054,0.06317461045149883,0.03800993515871315,0.5928464356139632,4.424453480822213,0.05193881242752264,0.06516642554440623,-0.4399473720702991,-0.6630683681857068,2221179994872.5986,0.010926926953516033,0.01665178110109592,-3.9085593456147105,48.58493738430143,2.2141353104987203,20.044595453796543,10.897125932597733,24.85015458903526,0.6860784821105829,3.9845601851848187,3.9845601851848187,43535.17270833333,43535.17270833333,0,0,0
2023-12-08 03:25:45.000,9.53,126.95,42622.27725694444,4.6,9.0,5.6,4.388888888888889,-0.0,0.0,0.0,0.0,,,,,,,111477625381.38622,1.0,,-1.8903781134378133,12.27700756236849,5.18736623223747,15.754283521751303,11.784409123633774,7.368333524536653,6.083592929938293,9894.586481481478,9894.586481481478,26195.686550925922,26195.686550925922,0,0,0
2023-12-08 05:54:09.000,8.38,126.57,42622.3803125,0.0,47.0,7.4,4.623404255319149,0.491262632194594,3.488188053066482,0.060665440629915385,0.0835078002443632,0.6059923003301187,4.063681601264387,0.09230986308988506,0.1613817092508082,0.2995453257173937,0.6941695809490218,4701540636763.973,0.03359016238953676,0.015206284059065848,-2.964645791394819,32.49668115163184,2.62316586442611,20.44372040193868,9.297976985056996,9.466932767378264,0.46871081329458936,4.804386574069213,4.804386574069213,5.636863425927004,43535.17270833333,0,0,0
2023-12-08 06:52:44.000,8.75,127.24,42622.42099537037,5.2,80.0,6.8,4.83125,0.6185346363475659,4.525912900710052,0.06809904844757136,0.03690765526527116,0.5710446474852449,4.268471304607569,0.05804343764868845,0.05208501848556259,-0.51715353474055,-0.6748468852741709,2249526740598.796,0.013944279877032987,0.01935824836578918,-3.147557901458535,43.339716876316736,2.2141353104987203,18.220228328496507,9.557741821685516,25.60215786564265,-0.3889943397600012,4.460543981476803,4.460543981476803,43535.17270833333,43535.17270833333,1,0,0
2023-12-08 12:14:53.000,8.52,127.01,42622.64471064815,4.8,102.0,7.4,4.748039215686274,0.6956620942891693,4.920618848145155,0.07099805422437579,0.09127096647398121,0.5873513279518927,4.396294503112242,0.05061108838290395,0.169403985711881,0.32671127471295414,-0.08494860553430517,4745822010413.914,0.00818490639642719,0.01729601352216388,-3.716264181813041,49.02952424537261,2.2141353104987203,17.428225090520083,9.276080506314782,10.079776329250864,-0.07738206417683333,5.068784722221608,5.068784722221608,5.901261574079399,43535.17270833333,0,0,0
2023-12-08 14:32:46.000,9.08,127.21,42622.74046296296,5.2,47.0,6.8,4.699999999999999,0.5414978798728356,3.804248852938007,0.07046111540835613,0.1068030704009433,0.5462823671739017,3.813928884663929,0.071711756134768,0.09774710839784599,-0.2254178166521914,-0.18160715747542344,1905679539066.928,0.023741401925222755,0.022969571765570573,-4.550755431793715,32.84169513039367,2.2141353104987203,18.214378288309184,11.02901670530799,27.205764781277285,-0.963037852114267,4.7800115740683395,4.7800115740683395,43535.17270833333,43535.17270833333,1,0,0
2023-12-08 16:25:21.000,9.11,126.98,42622.81864583334,4.7,56.0,6.8,4.669642857142857,0.5797115784541144,4.020207907646527,0.06788674041260297,0.11799635582394104,0.6091403122798859,4.1724951694184735,0.07495415123472449,0.11036514064602988,-0.13484149198295992,-0.04980961742901169,1897366949504.197,0.018233299453439916,0.014879182244231945,-4.02402424002855,34.85024944013867,3.53639270524795,21.853536556536685,12.314006766574158,27.028894858375754,-1.2480509011138874,4.858194444444962,4.858194444444962,43535.17270833333,43535.17270833333,0,0,0
2023-12-08 17:51:18.000,9.23,126.75,42622.878333333334,4.6,39.0,6.8,4.671794871794871,0.48917231501380054,3.450826550724712,0.06644220525055469,0.10455608478445311,0.5899081955594525,3.9400124192486565,0.09662492243917986,0.14195776956171022,-0.2544191582619657,0.12097358723409712,1892578393914.0823,0.03407870279172702,0.016993209566437226,-3.5117563173478357,27.305848848907463,2.44082115791905,25.847172785683068,13.352097158969245,27.270957007096694,-1.8575816952531412,4.9178819444423425,4.9178819444423425,26196.287627314814,26196.287627314814,0,0,0
2023-12-08 20:18:09.000,8.38,127.57,42622.9803125,5.2,21.0,6.3,4.780952380952382,0.5949549655012619,3.801357727098999,0.11886134904784619,0.0825167623470727,0.5846271871774543,3.7184876592590372,0.1147705554398456,0.08074721878346401,-0.08932011248326344,-0.060442587714192975,579445742503.0499,0.016411002192290976,0.01762456628620392,-6.148170459575759,21.84198145988347,3.0606310357307502,23.078197376038162,17.945843092243404,28.075670938226025,2.0670087458427795,5.976342592599394,31528.010798611114,43535.17270833333,43535.17270833333,1,0,0
2023-12-08 22:03:53.000,8.76,127.0,42623.05373842592,4.7,116.0,6.8,4.714655172413792,0.6749673644652178,4.864821180960519,0.0618945471842718,0.03928572514764064,0.6089738122628626,4.535413616792871,0.050383005951240185,0.07160508538213615,-0.4074909648631042,-0.6476332569045953,2222429924059.5815,0.009442737277448661,0.014896305252358216,-6.995063194204117,51.79006650904195,2.2141353104987203,19.63184092955343,10.746967118455082,24.810492001936673,-0.011439550055681966,5.093287037030677,5.093287037030677,43535.17270833333,43535.17270833333,0,0,0
2023-12-09 14:39:34.000,9.23,126.42,42623.74518518519,4.2,12.0,5.3,4.308333333333334,0.46266303487967286,2.3393399701103457,0.05014165145972024,0.14438929344621204,1.042306756567806,5.063270983618009,0.25448379649472547,0.22882742407783224,0.24375000000000036,0.4422448797216205,63385011637.73895,0.04092709271838761,0.0007465858083766711,-3.0317469158394683,10.527161551832084,14.4616153713687,38.339895454833034,11.539303826840388,44.86674534876515,-0.4372703444411078,4053.8486203703724,4053.8486203703724,26197.154479166667,26197.154479166667,0,0,0
2023-12-09 22:31:20.000,8.67,127.7,42624.072800925926,5.2,14.0,6.3,4.721428571428571,0.5021752718802966,3.1304951133959653,0.11181262133760392,0.05847757316381651,0.5170172403610142,3.1714724095162596,0.11851961524407566,0.06800531479092875,0.06613049528615456,0.1658285218850013,517958749108.9017,0.03115115719550161,0.02811565974897203,-4.000000000000001,18.04815759025444,22.0204526779705,36.01637845809556,13.031791269480035,33.487151458873505,0.167209365409292,7.18199074074073,43535.17270833333,43535.17270833333,43535.17270833333,1,0,0
2023-12-10 00:11:28.000,9.44,127.02,42624.14233796296,4.6,27.0,5.8,4.362962962962963,0.35315439085261613,2.2839769416394295,0.027651007301043477,0.1570046043823773,0.9833082609130255,5.307406767973634,0.21436857043058397,0.34439559511841267,-0.6673610205588929,0.4024995630103021,242433874396.06668,0.08720408457499369,0.0011222127981565379,-3.3750000000000004,24.137849815516685,2.44082115791905,18.473961217985536,9.630882828399692,13.914303235712447,0.9253517806392795,9936.614427083328,43535.17270833333,43535.17270833333,43535.17270833333,0,0,0
2023-12-10 08:32:10.000,8.55,126.83,42624.4900462963,0.0,111.0,7.4,4.708108108108108,0.642500144648175,4.684784537849529,0.061986395770060786,0.08758289160201416,0.5844334095217786,4.394139572610088,0.05128849963762805,0.11074296858545993,0.10850819743416817,-0.11863172265538147,5077074274478.764,0.011816791318172657,0.017648173774241698,-1.529225840046408,50.572580037490184,2.2141353104987203,18.375085059868777,11.156097105250238,12.910187023377821,-0.3714425404699701,6.5295949074061355,6.5295949074061355,7.7465972222271375,43535.17270833333,0,0,0
2023-12-10 10:00:38.000,9.54,126.78,42624.55148148148,4.5,22.0,5.6,4.290909090909091,0.5843993347831606,3.0586495139433523,0.055641652766852234,0.24489848468604244,1.6703633919355854,8.182562585323016,0.454571833892163,0.5230681609773169,0.36616530530745095,0.7013278758215487,114388447243.43495,0.017652328289526172,9.747872143533741e-06,-3.6666666666666665,20.59126663522958,2.44082115791905,21.21828105078835,12.925123211880475,9.482518179552086,2.127568893724173,4054.6549166666664,4054.6549166666664,26197.96077546296,26197.96077546296,0,0,0
2023-12-10 12:44:51.000,8.72,127.11,42624.66552083333,5.2,114.0,6.8,4.7368421052631575,0.6558079258819499,4.790265618887544,0.06193809302513987,0.042865277671972755,0.5623957319610455,4.316304583675716,0.04555001665219622,0.09135698152423948,-0.5043728656457649,-0.8748530231994831,2278690497490.4434,0.010778944166792393,0.020550046272671187,-1.421770147160956,51.5343939282093,2.2141353104987203,19.709814072115243,9.790259116218264,25.398181082117826,0.08408272742122556,6.705069444440596,6.705069444440596,43535.17270833333,43535.17270833333,1,0,0
2023-12-10 18:07:34.000,8.81,127.49,42624.88962962963,5.2,30.0,6.3,4.6033333333333335,0.7090619849583487,4.345349495702451,0.11858759190455867,0.07815186430119812,0.6960817479982433,4.285271177610214,0.11428555414949676,0.07576313787492114,0.17169304252335138,0.14372426093116086,523486883128.8177,0.007461292146928311,0.008161213814121568,-2.959581742001941,26.04462643852981,2.2141353104987203,24.83140730044513,17.5891486224507,32.380864715398744,0.4020901989964697,7.998819444444962,31529.92011574074,43535.17270833333,43535.17270833333,1,0,0
2023-12-11 11:57:47.000,8.62,127.35,42625.632835648146,5.0,84.0,6.6,4.713095238095239,0.781813109880872,5.265328513372346,0.09112891665496049,0.0735650418089359,0.681011979875802,4.75232756712602,0.069144845991461,0.10416969649332518,-0.1347662079683527,-0.37833181729448473,1235230232678.5098,0.004513990807834085,0.009056576509582241,-0.38749212914606435,44.75090631086275,2.2141353104987203,18.96709492187697,13.185517310489761,22.192801792080765,1.4616891217007142,8.056909722217824,8.056909722217824,43535.17270833333,43535.17270833333,1,0,0
2023-12-11 13:09:14.000,9.35,126.73,42625.6824537037,4.5,36.0,6.8,4.5055555555555555,0.34918238063159035,2.5447769352560834,0.034435889693702176,0.0944964321677171,0.6076548306465258,3.8433646931583345,0.10428469477925774,0.24782118856735852,-0.48781598502527324,0.47508575704217737,1881035448425.5613,0.08962988890166257,0.015032648684983264,-3.307496770024263,26.60317533169561,2.44082115791905,23.75950785714637,13.618008104248231,27.264900145511447,0.6095189037221223,7.722002314811107,7.722002314811107,26199.091747685183,26199.091747685183,0,0,0
2023-12-11 13:52:31.000,9.06,127.12,42625.71251157407,5.0,74.0,6.8,4.609459459459459,0.6328121792524769,4.370830204896699,0.06725458839385012,0.10570592268430938,0.6644282755126247,4.530961446647268,0.07414271292022435,0.10556260822036197,-0.1069944419524882,-0.01933869107467867,1908962741384.0845,0.012634657170433657,0.010155824175389858,-2.301269979985485,41.57533044208862,2.2141353104987203,19.38658840747292,10.676219493022788,26.71728061772551,0.17052982718039347,7.752060185179289,7.752060185179289,43535.17270833333,43535.17270833333,1,0,0
2023-12-11 19:26:41.000,8.38,126.39,42625.94457175926,0.0,22.0,7.4,4.3909090909090915,0.2505605699605117,1.6284516628162153,0.02246042084618746,0.20583881955898273,0.6681453567742341,3.8062104984517835,0.15971082100943437,0.5030517955909756,0.900766449115042,1.7033196895538714,4571144682939.413,0.17714067291206612,0.009898375607203868,-0.25891911120126176,21.007554707743502,2.62316586442611,14.893199108639793,10.60115215284319,8.151097193484075,-0.4181635191343551,9.201122685190057,9.201122685190057,9.201122685190057,43535.17270833333,0,0,0
2023-12-11 21:47:57.000,8.57,126.99,42626.04267361111,4.7,119.0,7.4,4.718487394957982,0.6554641904514621,4.78871925479319,0.061910348394066575,0.08876401720099682,0.5856348584926742,4.4373900109580795,0.049421866809989265,0.1205429078319763,0.09415579896915816,-0.17705923171850912,5098989796596.141,0.01080456853523432,0.017502312125746256,-0.02925611242326423,52.957938866760195,2.2141353104987203,18.394986677975172,9.998203461352045,13.212542138412822,0.08330842624229715,8.08222222221957,8.08222222221957,9.299224537040573,43535.17270833333,0,0,0
2023-12-12 06:22:11.000,9.7,126.68,42626.39978009259,4.5,11.0,4.6,4.245454545454546,2.3856062735983508,10.994611981320464,0.756350972822449,0.03606670660650738,2.895296546021689,13.216426057215095,1.1140686104730126,0.310828994112372,-0.008728650238097657,0.03520815669978283,25602470435.86279,6.969171937623769e-08,2.0611536224384135e-09,-2.7499999999999996,12.652617807959462,19.2141990076236,30.048324389472615,8.533732641270678,27.8580242707998,-0.7583375535845984,9898.709004629629,9898.709004629629,26199.809074074074,26199.809074074074,0,0,0
2023-12-12 08:17:45.000,8.47,126.74,42626.48003472222,0.0,104.0,7.4,4.6528846153846155,0.6747125144115591,4.7529245518738925,0.06520168318041737,0.08526521355778616,0.6317010645865481,4.556234458255446,0.057153718826479676,0.10576764802777289,0.35563006413318465,0.18735668866170574,4721410670369.234,0.00945937530773648,0.012732005168249958,0.5962665430841875,49.05455455546444,2.2141353104987203,17.54860808983225,10.288890143436628,9.62952697540489,-0.4331753095198255,8.90410879629053,8.90410879629053,9.73658564814832,43535.17270833333,0,0,0
2023-12-12 17:49:41.000,8.53,127.42,42626.87721064815,5.0,66.0,6.3,4.659090909090909,0.8913045459345437,5.610560578178977,0.1182222181140801,0.08655621282965502,0.6873725612857213,4.627327446894274,0.07031229021581897,0.17421149314166862,0.005226116292006644,-0.4319059670332477,614795554716.8828,0.0021187824266053743,0.00866726980774499,0.24540954937812087,39.711915824190136,2.2141353104987203,19.131991133457777,14.825358151693155,25.353902657858747,1.1757901599677087,9.873240740744222,31531.90769675926,43535.17270833333,43535.17270833333,1,0,0
2023-12-13 19:27:41.000,9.55,126.85,42627.9452662037,4.5,27.0,5.6,4.281481481481482,0.8275275866226457,4.332682685374776,0.09586780222719335,0.2628543286876957,1.622638723594573,8.04553156047548,0.36859673374939145,0.45129519030901877,0.36430422935194784,0.6416987814437798,115872537648.04213,0.0032916772061628496,1.355451021549353e-05,-1.4361406616345074,23.722397499230937,2.44082115791905,20.618802576135952,11.757103986923493,9.74795379245283,1.1463467692302418,9900.254490740735,9900.254490740735,26201.35456018518,26201.35456018518,0,0,0
2023-12-14 03:36:31.000,8.69,127.39,42628.284733796296,5.0,76.0,6.3,4.635526315789474,0.9599327074218855,6.037522528804698,0.12520852679549335,0.10015256263892199,0.8628367190130837,5.532453834081156,0.10116017318125768,0.11344268610834929,0.010473159082350136,-0.11193601543661824,643179686873.497,0.0013188696603355036,0.002579228642148492,0.743731809082568,42.45662633871325,2.2141353104987203,18.90243271247206,14.319471505784982,24.438123941660933,1.2593134000204087,11.28076388889167,31533.315219907407,43535.17270833333,43535.17270833333,1,0,0
2023-12-14 10:42:44.000,8.32,127.28,42628.580717592595,4.0,68.0,6.6,4.754411764705883,0.7101147091299536,4.850057117336034,0.0891662495082813,0.08391323361354987,0.6026943830494098,4.299156023210399,0.06422997760261084,0.11221147736210668,-0.2299628989215261,-0.5332272941690048,1254284785415.4287,0.0074072307262784505,0.01555667758070014,1.3434332265596973,40.03243891085978,2.2141353104987203,17.08628006980264,9.262324709983167,21.566495536058312,0.8313337088426395,11.004791666666279,11.004791666666279,37287.67125,37287.67125,0,0,0
2023-12-14 11:39:08.000,8.19,126.81,42628.61988425926,4.0,66.0,7.4,4.627272727272729,0.5690490475979966,4.0262789547598254,0.06447557445878309,0.08308653852069686,0.594569826415166,4.159951102625271,0.0703884739820619,0.08556948919876964,0.3245484694947054,0.4034271538688339,4709857865530.181,0.019626951857645833,0.01645472091641737,1.6893032708849502,38.80517196961471,2.61086342623079,17.01738463457342,7.6924912887408246,9.478425774009391,0.37323031616810987,11.043958333328192,11.043958333328192,11.876435185185983,37287.71041666666,0,0,0
2023-12-14 11:45:55.000,8.28,127.04,42628.62459490741,4.0,88.0,6.6,4.655681818181819,0.7412837762598216,5.0375500731593705,0.08175660769045606,0.07940247020512088,0.6482007192585849,4.565414343195559,0.06251336684505139,0.10296652996379244,-0.19571067719374824,-0.44321085668880755,1255793315700.6064,0.005972397035475587,0.011360510363901545,1.8304866939027835,45.064059348664664,2.2141353104987203,15.955039443007326,7.872839344197168,21.50987170403392,0.021869347103954464,11.04866898147884,11.04866898147884,37287.71512731481,37287.71512731481,0,0,0
2023-12-14 13:27:15.000,8.89,126.84,42628.69496527778,4.7,110.0,6.8,4.615454545454546,0.6329960219912117,4.554732731041136,0.055447723341043094,0.058250837248910156,0.6753607493959863,4.76138371883401,0.06311802351399302,0.06886855189804754,-0.3955155685075882,-0.2501339070894879,2182708427677.761,0.012618622089662263,0.009417112351099845,1.984430714473525,50.09726159501088,2.2141353104987203,20.56497192929029,11.02578269986542,25.264387336127047,-0.7422157734022738,10.734513888884976,10.734513888884976,43535.17270833333,43535.17270833333,0,0,0
2023-12-14 22:05:04.000,9.33,126.64,42629.054560185185,4.5,38.0,5.7,4.313157894736842,0.674917846678152,3.9201045333357474,0.06811695870343815,0.1601584654830489,1.2888739462935201,6.774998410450378,0.2484129969985217,0.3606311568707824,-0.10826918806479124,0.4434747750673509,188141148080.97226,0.009445967781996628,0.00013594967106042623,-0.18842228790639823,26.279748259562016,2.44082115791905,24.469758869905597,14.11711824288959,18.234098320424458,0.1608111806834176,4059.1579953703695,4059.1579953703695,26202.463854166665,26202.463854166665,0,0,0
2023-12-15 04:30:32.000,8.91,127.34,42629.32224537037,5.0,70.0,6.8,4.6085714285714285,0.5798562634461228,4.068069154248951,0.05727640707472363,0.07626895042156742,0.7427724123301683,4.884117453048237,0.09398241309545638,0.1630012617766654,-0.21565096507219916,0.22447649916592827,1949619864010.4404,0.018215085312899074,0.005911296767927081,0.28498819995163843,40.35690724043773,2.2141353104987203,21.682616366321213,14.657274426825618,27.793487408337164,0.9570221161987038,11.361793981479423,11.361793981479423,43535.17270833333,43535.17270833333,1,0,0
2023-12-15 13:43:03.000,8.56,127.33,42629.7059375,5.0,106.0,6.6,4.669811320754717,0.8155214609274825,5.503366989948453,0.08459943879756407,0.08097025962171014,0.8092443762172401,5.456661081996373,0.08330212373044052,0.09036952543694302,-0.1482797861500078,-0.1429088695100713,1275018280955.2603,0.00357631378926365,0.0037347958825841715,1.96539403749674,50.77987486957803,2.2141353104987203,19.472454551004937,11.769770603062414,22.23419713385042,0.762081528849873,12.13001157407416,12.13001157407416,43535.17270833333,43535.17270833333,1,0,0
2023-12-15 21:32:05.000,8.16,127.25,42630.03165509259,4.0,48.0,6.6,4.7124999999999995,0.6771973800876447,4.492612849729848,0.09430110838236762,0.07906801249131448,0.6812462461227488,4.502633461260001,0.0954321049494595,0.0773185314929114,-0.034126152626877904,-0.009406638034824333,1081562578156.4259,0.009298392183967925,0.009041932521329742,2.3333333333333335,33.21874169953137,2.61086342623079,16.930761345823708,8.651292613491359,22.22603303715762,0.1789707754634113,12.455729166664241,12.455729166664241,37289.1221875,37289.1221875,0,0,0
2023-12-16 09:12:49.000,8.42,126.59,42630.518275462964,0.0,72.0,7.4,4.5888888888888895,0.5726182528932249,4.046416891480216,0.06056609592089156,0.07990915979638563,0.6268167780046932,4.322826547648225,0.07257389471199616,0.10031046297599146,0.33348252341731843,0.5035245077376374,4707774545516.907,0.019148962176461577,0.013168905039178015,2.664040701808512,40.684483530582966,2.62316586442611,20.374989651914646,9.292750482665959,9.55062093953435,-0.0072052344097388995,12.942349537035625,12.942349537035625,13.774826388893416,43535.17270833333,0,0,0
2023-12-17 08:23:04.000,8.17,127.26,42631.48372685185,0.0,35.0,6.6,4.5685714285714285,0.6647190836750636,4.068068901594107,0.0891394580301578,0.1910038374104145,0.8811772096587718,5.1993990172325155,0.15664632376890364,0.2306558958449092,0.4800178880034798,0.6994853699791692,881410879576.8062,0.01013544331238148,0.0022723141402201247,0.9945354782202053,23.332102689927286,2.10434031390156,16.28981467372995,8.821381301471506,20.814201738555518,0.042534697647760605,13.907800925924676,13.907800925924676,37290.57425925926,37290.57425925926,0,0,0
2023-12-18 11:12:38.000,8.92,127.29,42632.601481481484,4.5,71.0,5.8,4.4873239436619725,1.0696688086522999,6.303081860139423,0.12854786295133563,0.0795541896219613,1.0355440201099435,6.1430353665012705,0.12047677325488096,0.08759462739857153,-0.09255460115810976,-0.13218177808517062,274270623951.8877,0.0006180072558422401,0.0007822902899495715,2.418179807807455,35.56901732866904,2.2141353104987203,20.233327576482342,12.152896231497731,16.275659197025632,1.2968006318831813,14.6410300925927,14.6410300925927,43535.17270833333,43535.17270833333,0,0,0
2023-12-18 12:12:53.000,9.36,126.88,42632.64332175926,0.0,39.0,5.8,4.338461538461539,0.51452287300662,3.155890578369954,0.04224041161043658,0.1749596683758775,1.1667612946654513,6.272346072164746,0.21721149109989335,0.36585958275756536,-0.3336254303496231,0.4241394012275377,244239453488.08975,0.028604303736832277,0.0003160211258876027,2.6499290356168617,26.16635428550877,2.44082115791905,21.919049889974247,10.864365916208502,14.406774726098956,0.8794385740260373,14.68287037036498,14.68287037036498,26206.052615740737,26206.052615740737,0,0,0
2023-12-18 15:50:07.000,9.06,126.93,42632.79417824074,4.5,71.0,5.8,4.439436619718309,0.9901730155335988,5.873591380772776,0.11149423246237102,0.06399728448454411,0.9778816148814957,5.814672958600218,0.10874337078122343,0.06222227163921436,-0.13188391183083326,-0.14619314865109434,272417443716.53625,0.0010702394450125268,0.001165078412436267,4.151151336228052,34.77807561111688,2.2141353104987203,20.98010525184068,12.391046239717218,17.127110321766576,0.23773666746679045,14.83372685185168,14.83372685185168,43535.17270833333,43535.17270833333,0,0,0
2023-12-19 07:16:21.000,8.21,126.64,42633.43739583333,0.0,25.0,5.1,4.288,1.3602314638746897,6.890440966142772,0.26384274599587354,0.11880421858031763,1.2141566160736086,6.213401139815994,0.2102175387194681,0.11609563207028623,0.034361431020721867,-0.017462654784319298,60859869035.49389,8.304349301227918e-05,0.00022778763825761106,0.8047217485013145,15.571347888957591,4.2078620229035995,17.36584659298769,9.381562534608731,22.588587650720832,-0.017132740054603142,15.861469907402352,15.861469907402352,16.693946759260143,37292.527928240735,0,0,0
2023-12-19 08:14:09.000,8.51,127.03,42633.477534722224,4.4,73.0,5.2,4.398630136986302,2.2527538190612444,11.887271427198783,0.43707637726842213,0.1262065305957094,1.9688016512947486,10.483816682463592,0.33383648224974244,0.3564828625803911,-0.07677339912462511,-0.12497353177710391,126802513557.0286,1.7447714364367624e-07,1.2404950799566537e-06,1.9868702598818297,29.278441583475757,2.10434031390156,17.332970423303927,9.94908588829914,18.124234514025638,-0.27019740545581067,15.901608796295477,15.901608796295477,16.73408564815327,43535.17270833333,0,0,0
2023-12-20 00:45:08.000,8.45,126.49,42634.165717592594,0.0,19.0,5.1,4.294736842105263,1.2901285528456339,6.493647049323023,0.27380064329288034,0.11377864367110656,1.1581186184086742,5.813593774166996,0.22063508646344734,0.11902050417382541,0.06666666666666643,0.08013961458004193,55078294033.52779,0.00013477655196213512,0.00033546262790250573,2.1435803481233817,11.995096307601356,4.2078620229035995,20.60296201311088,12.028790736371887,27.443181145079237,-1.1712048008943288,17.295115740744222,17.422268518523197,17.422268518523197,43535.17270833333,0,0,0
2023-12-20 05:14:44.000,8.81,127.24,42634.35293981482,4.5,64.0,5.2,4.425000000000001,1.9298013137769539,10.318005069217493,0.3481207290240225,0.03844074680921044,1.9688016512947486,10.483816682463592,0.36233360816927723,0.3745591003334209,-0.14666703538685955,-0.12497353177710391,125925309605.60231,1.6240375206723135e-06,1.2404950799566537e-06,2.0403019037404926,27.319468862050737,3.0606310357307502,21.65189509461678,11.742751408790804,21.684739572029613,0.7465625980854221,16.392488425924967,16.392488425924967,43535.17270833333,43535.17270833333,0,0,0
2023-12-20 06:56:08.000,8.65,127.5,42634.42335648148,4.5,44.0,5.2,4.4363636363636365,1.5626368768491692,8.349048137635446,0.2721220893726851,0.06476043656415716,1.4867739020111317,7.969236160002922,0.24634146337082985,0.1584955526318072,-0.14292276172957852,-0.16008612286177648,106754496816.2441,2.0515843119881798e-05,3.464800983246917e-05,1.0160010160015238,26.806392882145296,3.0606310357307502,26.55767170264047,16.110012300067954,25.320242733297988,-0.42290208771688553,17.53254629629373,31539.45384259259,43535.17270833333,43535.17270833333,0,0,0
2023-12-21 01:17:59.000,8.46,127.02,42635.18853009259,4.4,49.0,5.2,4.40204081632653,1.9162052492069532,10.084831847895334,0.3874243160105469,0.09392672007028606,1.8734271768375597,9.846500416294756,0.3703193930475504,0.3072250246686647,-0.06291839147663048,-0.05587572233053084,105899287109.85959,1.7839564673343228e-06,2.3972783843856243e-06,1.2206826881567392,19.4601178331324,2.10434031390156,14.96518487693339,8.336921258587683,14.251589467794263,-0.03410505122922339,17.612604166664823,17.612604166664823,18.445081018522615,43535.17270833333,0,0,0
2023-12-21 09:06:30.000,8.61,127.49,42635.51388888889,4.5,40.0,5.2,4.4575,1.5150637598010905,8.086532933937416,0.2570372876713228,0.06683300271324259,1.5328040537761836,8.152890747096132,0.2630919684346175,0.1697942132951925,-0.13742087197642405,-0.11893866473724568,103455156035.70712,2.8497628497653686e-05,2.5210870330948685e-05,1.3018891098082388,23.414299444170915,3.0606310357307502,25.798884009343304,14.3706249920411,26.030914921814077,0.3619452808508196,18.509918981486408,31540.544375,43535.17270833333,43535.17270833333,0,0,0
2023-12-21 17:25:55.000,8.91,127.27,42635.86070601852,4.4,49.0,5.2,4.4163265306122454,1.4195095897057688,7.698520001737631,0.2180605356281995,0.043980565756441645,1.4975671789767302,8.040082301059268,0.24270182369894655,0.15286002144014202,-0.2233659691819021,-0.16876235933065775,112243198147.5279,5.5140567421797005e-05,3.215869842902224e-05,2.0269917740765284,22.724786929193893,2.44082115791905,23.23028820228128,12.404340808697093,23.49264951517526,1.2278541481493763,17.900254629625124,17.900254629625124,43535.17270833333,43535.17270833333,0,0,0
2023-12-22 11:28:35.000,8.63,127.57,42636.61255787037,4.4,33.0,5.2,4.427272727272728,1.8444412321880759,9.487346695006034,0.40758883900960974,0.09275385883277608,1.7847718434380222,9.207564554526781,0.3816436586154479,0.23617818632122595,0.056248857681892694,0.04104111773179575,84873893633.77585,2.928709550448826e-06,4.422669330262256e-06,1.9756583222945239,21.466704047608168,5.95896860727159,29.674663494356672,13.129512159849932,32.96237362779484,-0.6675395714874198,19.721747685187438,31541.643043981483,43535.17270833333,43535.17270833333,0,0,0
2023-12-22 19:07:03.000,8.49,127.11,42636.9309375,4.4,43.0,5.1,4.348837209302325,2.2577249674798585,11.366975552614152,0.50171506740345,0.17167345260357114,2.171472409516257,10.97574582547908,0.4641129682651897,0.31780415953776564,0.06529660771643186,0.04548225555204333,78426507909.26604,1.6858739404357664e-07,3.0590232050183034e-07,2.63828093951146,16.188554021079806,2.10434031390156,20.33959864885671,11.518055386876037,19.24395756943129,0.22705619440713876,19.355011574072705,19.355011574072705,43535.17270833333,43535.17270833333,0,0,0
2023-12-23 00:49:57.000,8.61,126.53,42637.1690625,0.0,13.0,5.1,4.246153846153846,0.8048839621385048,3.9470792059087128,0.12468223556177327,0.14819243832482712,1.6084980811231522,7.615511753165573,0.49794242173633696,0.24879423146884463,0.1960891363499453,0.36545176364279186,44859182555.069305,0.0038490017945974875,1.4945338524781713e-05,1.0580184237878976,5.500631684944878,6.00431161169858,18.67159096842969,7.825331723386849,24.05288935116645,-1.0075205506630642,19.59313657406892,19.59313657406892,20.425613425926713,43535.17270833333,0,0,0
2023-12-23 14:22:22.000,8.13,127.01,42637.73324074074,0.0,17.0,4.8,4.329411764705882,1.1938200260161094,6.039823748334742,0.20610320181238392,0.05304479085545781,2.0680689614440566,10.005280330834273,0.6184962234227095,0.2646397673622362,-0.25924144068030675,-0.03798196161116074,43575427614.66505,0.00026214400000000625,6.248749509463084e-07,1.0741723110591492,8.183778950131636,2.10434031390156,11.94012563784896,6.655550986478281,10.13380254865817,-0.8619556553253966,20.15731481480907,20.15731481480907,37296.82377314814,37296.82377314814,0,0,0
2023-12-23 16:38:30.000,8.95,127.03,42637.82777777778,4.4,30.0,5.0,4.386666666666667,3.01241537476242,14.940769391281217,1.0719085230860654,0.13043146807715134,3.5765427921444393,17.65484916309312,1.5109666001237056,0.9764898441474393,0.04026917520975992,0.06371091047185562,67215224584.15315,9.178123045367482e-10,1.863681197018229e-11,2.554112357138171,11.547236967043526,5.61033789623339,20.58763907194844,8.781164413399459,22.756960034839704,0.49612725378810546,19.867326388884976,19.867326388884976,43535.17270833333,43535.17270833333,0,0,0
2023-12-24 02:02:49.000,8.43,126.83,42638.219664351855,0.0,28.0,5.2,4.371428571428572,1.1181114124662184,5.885853153315757,0.16982590092960317,0.08714780618757327,1.33629071354847,6.882626345005772,0.24256920634353363,0.11721843808637233,-0.0641025641025621,0.049454332636036824,78762769826.72931,0.00044224788294135306,9.797783966128733e-05,2.102629932151387,10.395004411869355,3.28842042005315,14.758121691486556,7.423766129722144,18.670726520269646,-0.08487781524032684,20.64373842592613,20.64373842592613,21.476215277783922,43535.17270833333,0,0,0
2023-12-24 02:20:37.000,8.4,127.18,42638.23202546296,4.4,39.0,5.2,4.379487179487181,1.8681420402190343,9.506146062989846,0.35036790768666826,0.18726133528037292,2.1358745011635354,10.78752651429159,0.4579899984963236,0.3043676706186222,0.11144363847447192,0.14936312577588495,81572085405.9671,2.486416501201489e-06,3.9117986863445837e-07,1.7853571071357128,15.61074957112074,2.10434031390156,19.38667264603773,12.452748299827809,18.963192175012818,0.4013327920608533,20.65609953703097,20.65609953703097,37297.322557870364,37297.322557870364,0,0,0
2023-12-25 07:19:28.000,9.0,127.03,42639.43956018519,4.4,20.0,5.3,4.465,1.285026363730107,6.707786282574262,0.303431562010576,0.1051325816338119,0.9373262199350767,5.112861382783004,0.1614426243671111,0.16200668692437495,0.08003994945033366,-0.15472992651069006,83102742474.0348,0.0001396114085709073,0.0015417762102931264,1.3333333333333333,7.569126615829618,5.61033789623339,21.25411792909811,9.323025635843482,23.123939161269902,0.5714927092945198,21.479108796294895,21.479108796294895,43535.17270833333,43535.17270833333,0,0,0
2023-12-26 03:42:41.000,8.7,127.11,42640.2890162037,4.4,38.0,5.3,4.415789473684211,1.60171641105831,8.45032587212654,0.32136742971769233,0.06930927716618623,1.4009499416233908,7.48036599636094,0.2458531876419234,0.13375025362244974,0.024205974425202115,-0.03949556234168661,102023943524.98141,1.5662127923277325e-05,6.268305795836635e-05,1.5232339583409045,12.416208391966972,3.28842042005315,23.791772589219914,10.868305460483864,23.632828252742886,-0.7270230784517837,22.328564814808487,22.328564814808487,43535.17270833333,43535.17270833333,0,0,0
2023-12-28 15:48:27.000,8.57,126.79,42642.793020833335,0.0,15.0,5.3,4.413333333333333,1.0055706259144903,5.211329678177369,0.21515807999508588,0.08955762181051197,1.1737688700087883,5.980929919375566,0.29315525089443634,0.09984716295468356,0.11753986853180098,0.2045079723993828,72885601653.51984,0.0009622504486493854,0.00030108796056705354,-0.22549380840084857,3.931068137707193,3.61067676903162,12.36325702875441,6.177022154047473,16.37918171194544,0.2630500238996913,24.832569444442925,24.832569444442925,26.049571759263927,43535.17270833333,0,0,0
2023-12-28 18:27:24.000,8.36,126.64,42642.903402777774,0.0,11.0,5.2,4.427272727272727,1.0872862993826466,5.543133863517743,0.30913014420764556,0.1203597821706388,1.085736204758131,5.487872912739552,0.30824934693865913,0.11190108547734108,0.10186359686028013,0.14548225555204475,60196520879.57382,0.0005471937167193259,0.0005530843701478286,0.3216337604513383,4.277748660654492,6.00431161169858,17.133466714808854,6.765534372753463,22.25095985768278,1.6912130166300199,25.32747685184586,25.32747685184586,26.15995370370365,43535.17270833333,0,0,0
2023-12-30 19:29:43.000,8.56,127.18,42644.94667824074,4.4,17.0,5.3,4.4411764705882355,1.2623686976788557,6.545944179591537,0.32821711222779915,0.1349785624189314,1.240841376866435,6.428884235913214,0.31711831116601247,0.14030183472227628,0.11455442326183807,0.11893144783064091,78103970377.35406,0.00016326530612244998,0.0001894418252328926,2.1775985589338926,4.6233855775043065,3.58170889594608,19.244327107340055,14.55513954355698,18.382318623619327,0.12511579296855116,27.370752314811398,27.370752314811398,43535.17270833333,43535.17270833333,0,0,0
2023-12-31 00:23:35.000,8.88,127.13,42645.15075231482,4.4,14.0,5.3,4.307142857142857,0.8756289656267711,4.470109191730973,0.17288716617531918,0.11103978067462024,1.198053743181385,5.934915708353761,0.32364963199094654,0.16129958824836318,0.19497336519550768,0.3462024411410596,66524399349.173454,0.0023610930515369694,0.00025458849307213063,1.809068067466582,3.505930398369971,3.61067676903162,18.58165497582588,12.194267945978154,18.89944673052652,-1.5938079729578336,27.19030092592584,27.19030092592584,43535.17270833333,43535.17270833333,0,0,0
2024-01-02 02:49:29.000,8.74,127.31,42647.252071759256,0.0,15.0,5.3,4.366666666666666,0.9984277181929753,5.169031664201736,0.22781693899683614,0.08552259928974222,0.9895317309188031,5.1102757792982985,0.22377532876900857,0.0806454542823619,0.12282836302159872,0.13566254661354904,71942851573.16397,0.0010109201320461533,0.0010749909479230157,1.9170289512680811,4.6082420288391654,3.61067676903162,19.21995132177409,14.435534744296092,18.622374368526568,-1.72672074801243,29.67614583332761,29.67614583332761,43535.17270833333,43535.17270833333,0,0,0
2024-01-03 01:11:30.000,8.29,126.56,42648.18402777778,0.0,5.0,4.8,4.54,,,,,,,,,,,33982931438.28876,,,0.3464101615137754,1.8553331584116652,3.83074899772557,18.86162534807461,9.563602253943605,17.74549894472235,-0.8399219041609253,30.608101851852552,30.608101851852552,31.440578703710344,43535.17270833333,0,0,0
2024-01-03 22:32:20.000,8.14,126.92,42649.07349537037,4.0,8.0,5.2,4.7125,0.9878760534934315,5.275581517367106,0.2921558811396557,0.10435446529064862,0.8515578076534338,4.530980138776471,0.2170890846081811,0.12279516189359142,-0.14032736061476303,-0.12081333534139205,74182317811.2492,0.0010873562110152906,0.002788217040049443,0.692820323027551,2.496141824596869,3.61067676903162,14.146200922103674,9.325316484552369,16.806411706991955,-0.07551539378069036,31.497569444443798,31.497569444443798,32.33004629630159,37308.16402777778,0,0,0
2024-01-04 07:32:14.000,8.5,126.78,42649.448425925926,0.0,13.0,5.2,4.530769230769231,0.9506275852118872,5.098757460250518,0.22620447229736868,0.0907674897476524,0.9418434547299435,5.004169364778082,0.22204337009473393,0.10017377833953633,-0.16356985592212325,-0.11316466621614563,76354812752.16142,0.0014064271591681188,0.0014944095553797992,0.6882472016116852,3.1614871648704423,3.61067676903162,14.599636100682055,9.558344546467307,16.757795881615408,0.15234315734231896,31.87249999999767,31.87249999999767,32.70497685185546,43535.17270833333,0,0,0
2024-01-07 00:05:07.000,8.13,127.29,42652.13792824074,0.0,3.0,4.9,4.366666666666666,0.3180808364797747,1.4843772369056145,0.06205425670187959,0.1330627605445747,1.3714562586418488,6.100091915151243,1.1536139252123114,0.32756000014394554,0.23333333333333606,0.45210610858843214,26620858483.301853,0.11111111111111131,7.684776196487846e-05,0.6123724356957945,0.909316207462419,7.938973325638409,15.271696953834203,10.808188388695617,11.045935505403243,1.4249035980931062,35.13395833333925,31557.168414351854,37311.22846064815,37311.22846064815,0,0,0
2024-01-10 20:08:28.000,8.68,126.94,42655.973587962966,4.2,6.0,4.8,4.416666666666667,-8.111773462505967e-16,0.30102999566397726,2.0830533845230443e-31,1.798766884999431e-16,1.7371779276130135,8.292048462683844,0.9553387158337944,0.3405383556538621,371102567219602.94,0.026713204860013384,32851509551.55143,1.0000000000000056,6.144212353327941e-06,1.7888543819998315,-0.3229084171137066,3.83074899772557,16.654938469095864,10.18893242762828,17.550269077337067,1.1745327161470855,38.01313657407445,38.01313657407445,39.23013888889545,43535.17270833333,0,0,0
2024-01-11 17:04:36.000,8.1,126.92,42656.84590277778,0.0,5.0,5.1,4.4799999999999995,0.6072452332795718,3.0872387094314995,0.17668550801812152,0.07196971762479729,0.7042613220052737,3.4350188071418124,0.23765139942496138,0.12457751076382376,0.015993506020400616,0.22252242198799888,45531205989.97396,0.015075242265415354,0.0077128704008256055,1.299038105676658,1.2452607069629265,3.83074899772557,14.061269421580842,10.216168139535078,9.610525708770398,1.0417386171278376,39.269976851850515,39.269976851850515,37315.936435185184,37315.936435185184,0,0,0
2024-01-12 09:47:04.000,8.32,126.97,42657.54206018519,0.0,7.0,5.1,4.285714285714286,0.5538842456869403,2.7010889929546025,0.1037816936250368,0.1225822333766633,0.9650988486738925,4.530536419150011,0.31508398075482186,0.1881625288475112,0.22336916244178706,0.4056244700993501,41609689198.092415,0.021794517708200883,0.0012726338013398116,0.39735970711951313,0.8572151502191162,6.91273604594035,17.74299279487934,9.668795712052482,12.424721164062214,1.133998599316744,39.96613425925898,39.96613425925898,40.79861111111677,37316.63259259259,0,0,0
2024-01-15 11:31:22.000,8.38,126.61,42660.61449074074,0.0,7.0,5.1,4.385714285714286,0.32253213821140864,1.5911585485096156,0.032366169195478196,0.08994991577134973,1.240841376866435,5.884816191562939,0.47904668869296074,0.1925892804525309,0.16666666666666785,0.3573984868040192,43270955647.08762,0.10774660265587205,0.0001894418252328926,-0.33968311024337877,1.8534975685251125,10.062258732235,21.950792080915026,6.916464128428655,13.774854204388488,0.5222276346257105,43.03856481481489,43.03856481481489,43.87104166667268,43535.17270833333,0,0,0
2024-01-17 12:32:01.000,8.4,126.61,42662.65660879629,0.0,7.0,5.0,4.371428571428572,0.43004285094854516,2.092875207949587,0.05227200040926258,0.09289987354005262,1.4476482730108402,6.815447224212762,0.5923409656800687,0.18844762833136672,0.13333333333333197,0.2920558458320164,36862099155.85408,0.051270959750477164,4.539992976248456e-05,-1.0606601717798212,1.733766899149605,1.36176363231281,20.70786420949757,9.650402717493987,9.174272932502264,-1.1440407426885308,45.0806828703644,45.0806828703644,45.91315972222219,43535.17270833333,0,0,0
2024-01-27 19:05:09.000,8.42,126.84,42672.929618055554,0.0,3.0,5.7,4.8999999999999995,0.2701017654290314,1.5037391851841062,0.08277200672227435,0.07847662851237898,0.45715208621394965,2.305729599575461,0.23711009839204938,0.16688008936203225,0.13269397815465211,0.6563183257652963,138610452412.59558,0.1547728228839269,0.04251515251442971,0.6123724356957945,-1.1705847343394753,1.36176363231281,3.1531464917249394,1.6333763612212335,3.3628561801600747,0.2267948287741938,55.353692129625415,55.353692129625415,56.186168981483206,37332.02015046296,0,0,0
2024-01-30 06:47:38.000,8.87,127.05,42675.4174537037,0.0,3.0,4.3,4.166666666666667,1.4313637641589787,6.209954932771665,0.4155809566599035,0.07137846678465191,2.0044360703226998,8.494865536010462,0.8149669936305562,0.14894548736581106,-0.038488292261908974,0.06196733745524252,10349435964.697973,5.0805263425293906e-05,9.698214581498479e-07,0.6123724356957945,-1.349325505828494,4.55984567641094,14.786391225717013,11.010123631049701,16.33495689572529,-2.406246532673099,57.45700231481169,57.45700231481169,43535.17270833333,43535.17270833333,0,0,0
2024-02-03 22:37:43.000,8.7,126.49,42680.0772337963,0.0,3.0,4.5,4.2,0.9396275030257853,4.123108762923527,0.3101899115637147,0.11210386476092922,1.7371779276130073,7.425832965171692,1.0602415843053512,0.20948738738186432,0.11197522460091225,0.22534692783297228,12873608751.792267,0.0015174608349343153,6.144212353328218e-06,-0.6123724356957945,-0.08349325017497736,16.9764498656638,31.4644511819729,12.637346358656915,34.02049767885148,3.54130947830456,63.3337847222283,63.3337847222283,63.3337847222283,43535.17270833333,0,0,0
2024-02-06 14:37:56.000,8.89,126.47,42682.744050925925,0.0,3.0,4.5,4.2,0.9396275030257853,4.123108762923527,0.3101899115637147,0.11210386476092922,1.7371779276130073,7.425832965171692,1.0602415843053512,0.20948738738186432,0.11197522460091225,0.22534692783297228,12873608751.792267,0.0015174608349343153,6.144212353328218e-06,-1.4411533842457844,0.592855426587882,28.743142870050097,35.386682183435,5.947970018333695,36.08881492787325,-7.353551819895364,64.7835995370333,64.7835995370333,36319.48123842593,43535.17270833333,0,0,0
2024-02-07 00:09:39.000,8.06,127.14,42683.141076388885,0.0,3.0,5.3,4.466666666666667,0.20909684095954764,1.0278825426321563,0.04200019923703058,0.11620471964680326,0.8405699649740359,3.8394011146158062,0.6787410925908063,0.31633497524679294,0.3841794743756415,0.7323836508548096,59221666353.11885,0.23588997106898943,0.0030080850072550297,-2.1213203435596424,0.8709679470767939,6.4532939917576595,15.132436012509553,7.776614578272229,6.8054022354105985,12.67098222222636,66.13710648148117,12471.226319444442,37342.23160879629,37342.23160879629,0,0,0
2024-02-07 02:44:48.000,8.83,127.19,42683.248819444445,4.0,3.0,5.1,4.466666666666666,0.4045441856944015,1.9556936483854939,0.1235732235099351,0.09850020759793397,0.8405699649740374,3.839401114615812,0.533507076253803,0.2130084816211268,0.2656859311213706,0.5323836508548103,39804073506.94881,0.06114591424863418,0.003008085007254999,2.1213203435596424,-1.2676724545126636,4.55984567641094,21.964598774991344,24.691709006839073,47.00883919794824,5.20900450031108,65.28836805555329,65.28836805555329,43535.17270833333,43535.17270833333,0,0,0
2024-02-09 04:19:28.000,8.07,127.07,42685.31456018519,0.0,5.0,5.3,4.36,0.1368318162109007,0.6841590810545034,0.010335066152020686,0.07860389402630957,0.7896263307331853,3.6964232178166783,0.3441773776873089,0.23933266407653628,0.3000000000000007,0.6187690506920296,59884456933.46543,0.38860157044272936,0.004276820349208924,-0.408248290463863,1.475200471068125,6.4532939917576595,15.38017765793263,5.576992266785625,7.182663588692415,-0.06680091973753141,67.7386342592581,67.7386342592581,37344.40509259259,37344.40509259259,0,0,0
2024-02-13 09:00:09.000,8.61,126.79,42689.50947916666,0.0,4.0,5.2,4.6,0.24685803534319667,1.4501224397085073,0.044690134824583144,0.09080759334637195,0.6681453567742341,3.274641418424899,0.3273851963372757,0.22157646189567348,-0.6743173488051992,0.29890866527207205,62002146433.15813,0.18172969343771195,0.009898375607203868,0.0,-0.981731299668461,11.8988690479292,32.20313168479172,15.668762898598217,33.01952009017878,-2.5342455902934686,71.5490277777717,71.5490277777717,72.7660300925927,43535.17270833333,0,0,0
2024-02-13 17:43:10.000,9.11,126.44,42689.87268518518,0.0,5.0,5.2,4.36,0.38312908539052226,1.9101721543041756,0.07743030212268645,0.08318654226995635,0.6204206884332175,2.906796887083495,0.20304544473546737,0.17653785896531246,0.21428571428571352,0.5147969736080382,49723700455.48307,0.07089453263721605,0.013763786733050341,1.7320508075688772,2.1701381398514723,28.743142870050097,41.761269949846664,9.977870788415617,46.725090094708,3.6519397517069407,4119.976120370367,4119.976120370367,26263.281979166662,26263.281979166662,0,0,0
2024-02-15 18:53:01.000,8.75,126.47,42691.92119212963,0.0,6.0,5.2,4.383333333333334,0.5538842456869402,2.7564774175232967,0.12807281498384224,0.12258223337666335,0.9650988486738925,4.627046304017401,0.3888324709498641,0.1716134822252478,0.22336916244178617,0.4056244700993501,50633607034.87818,0.021794517708200904,0.0012726338013398116,0.8164965809277259,1.9136934608820348,28.743142870050097,41.5212652602795,11.70125973864125,46.20863916371519,1.1220981047687795,75.1777430555594,75.1777430555594,75.1777430555594,43535.17270833333,0,0,0
2024-02-16 19:41:04.000,8.69,127.31,42692.954560185186,0.0,3.0,5.1,4.933333333333334,0.9542425094393232,4.951830544595004,0.2517072799493598,0.08283624741336089,1.5328040537761836,7.681300307467725,0.6494586987710447,0.17069913362019315,-0.0892789260714375,0.08872651821070221,52933584790.27151,0.0013717421124828698,2.5210870330948685e-05,0.9999999999999999,-1.0690295513018224,11.8988690479292,15.751769648881998,6.232799440274138,13.500908840756244,87.70401288590912,75.37863425925752,75.37863425925752,43535.17270833333,43535.17270833333,0,0,0
2024-02-21 15:22:02.000,8.53,126.6,42697.774675925924,0.0,4.0,4.7,4.5,2.1072099696478688,9.81357785864579,0.7221517415010786,0.09519404303287975,2.895296546021689,13.341364793823395,1.3633235685619365,0.1545951512749329,0.042857142857142705,0.09205584583201709,24096648018.19147,4.768371582031237e-07,2.0611536224384135e-09,0.0,-0.2521405227960398,6.63029395129818,24.217469771996118,12.607106377258942,24.607432085240767,0.6128651225373822,80.19874999999593,80.19874999999593,81.03122685185372,43535.17270833333,0,0,0
2024-02-22 11:43:16.000,8.97,126.25,42698.62275462963,0.0,3.0,4.7,4.433333333333334,0.7262227698167687,3.435557506818867,0.21395641880714864,0.08026315845908444,1.132942126704134,5.122183974206611,0.5207161509397505,0.1567441227157248,-0.030721273977244223,0.17886528934389112,20935233953.368473,0.006627224619061178,0.00039918445425919067,-0.4472135954999578,1.571915382874654,23.5324489151396,39.36436717358894,19.705534256532058,29.420352949976806,-15.580890356230563,1193.5455208333296,4128.726189814814,41133.31643518518,41133.31643518518,0,0,0
2024-02-26 03:40:50.000,9.01,126.44,42702.28773148148,0.0,4.0,4.9,4.550000000000001,0.7279795844396472,3.621753130148919,0.20816592243360452,0.08648820299237128,0.8685889638065021,4.163274742934621,0.296346531884854,0.13086868397230905,-0.07507513612035766,0.10685281944005354,33150829079.977345,0.0065472850109865345,0.0024787521766663854,0.8660254037844386,1.3272421638765706,23.5324489151396,41.57069924862952,16.6836344499128,39.75890212238543,-0.003570171855301589,1197.2104976851842,4132.391166666668,41136.981412037036,41136.981412037036,0,0,0
2024-02-28 19:58:21.000,8.79,126.9,42704.9665625,4.1,3.0,4.5,4.233333333333333,1.0256360732154912,4.538816852173774,0.35153612104784393,0.07834514779044838,1.5328040537761836,6.608337469824397,0.785157280999174,0.15493269739687915,0.07463220073369392,0.18872651821070185,13343510729.228596,0.0008377062976308601,2.5210870330948685e-05,2.1213203435596424,-1.5364284636126855,17.9274511709128,24.7261783228077,7.725290563435468,28.447546621077013,-2.123378907176621,87.00611111110629,87.00611111110629,43535.17270833333,43535.17270833333,0,0,0
2024-02-29 01:05:35.000,8.83,126.44,42705.179918981485,0.0,6.0,5.3,4.716666666666666,0.6020599913279615,3.1307119549053994,0.12628336486754604,0.09519404303287926,1.7371779276130135,8.813201840967748,1.051369113809305,0.3782228591937564,0.10000000000000053,0.22671320486001356,69764379161.68008,0.0156250000000001,6.144212353327941e-06,0.0,2.4862257904942338,17.9274511709128,34.00158045243865,15.873370114969976,30.293668140144703,0.7456337075956178,88.436469907414,88.436469907414,88.436469907414,43535.17270833333,0,0,0
2024-03-01 06:47:35.000,8.88,127.04,42706.41741898148,4.3,7.0,5.4,4.6428571428571415,0.5058595531990895,2.8616246051106224,0.12242148369543353,0.06799556770620656,0.5949239478126733,3.1976505851492467,0.16932482242666425,0.11333935906899617,-0.2569547555512548,0.025110323923106748,96958058554.55075,0.030368360091304197,0.01641451883305244,-1.1677484162422844,0.11322770341445951,8.43472243452687,16.10217846737361,6.336849264633506,16.928269701360335,-0.7307088243113474,88.45696759258863,88.45696759258863,43535.17270833333,43535.17270833333,0,0,0
2024-03-03 18:51:07.000,8.61,126.47,42708.91987268518,0.0,5.0,5.3,4.640000000000001,0.6232535295573597,3.2632229659595335,0.19897484155783707,0.0898353834977194,0.605992300330118,3.0828881461391697,0.188106103106172,0.1244785038522365,0.06421261781364596,0.21266119312118636,66908603613.532135,0.013497067235619971,0.015206284059065933,-0.40824829046386296,0.9552670512894941,17.9274511709128,37.57741438466552,16.794559016135437,30.88347891688079,0.35620996077064876,92.17642361111211,92.17642361111211,92.17642361111211,43535.17270833333,0,0,0
2024-03-06 09:19:10.000,8.86,126.97,42711.522685185184,4.3,9.0,5.4,4.688888888888889,0.37185292446438084,2.36582741268137,0.05865277047593502,0.04613340297358222,0.605992300330118,3.383918141803151,0.15576875199228798,0.13900797708518406,-0.9622665226826479,-0.18409428628010804,121216281595.7825,0.07663748190738728,0.015206284059065933,-1.9958974315773466,0.8479019032157926,7.21463656930947,13.47663343733799,5.461227217065937,13.573501894694958,-4.070169785318137,93.56223379629228,93.56223379629228,43535.17270833333,43535.17270833333,0,0,0
2024-03-06 14:51:05.000,8.64,126.44,42711.75318287037,0.0,5.0,4.9,4.459999999999999,0.8520022405708253,4.184543520401692,0.2509941095200167,0.0719726440251505,1.0423067565678037,4.959040307961218,0.37564115015162663,0.11611902104151726,-0.011423140857149683,0.1422448797216207,33054033189.578094,0.002779670245594517,0.0007465858083766833,0.40824829046386296,1.2452607069629265,17.9274511709128,36.704267663053784,17.807710997631567,46.28531634494657,-0.7502718787296184,95.00973379630159,95.00973379630159,95.00973379630159,43535.17270833333,0,0,0
2024-03-06 16:54:42.000,8.53,126.85,42711.83902777778,0.0,12.0,5.4,4.583333333333333,0.44097345626042367,2.7170524524120867,0.06625444622627376,0.062460587557889684,0.7720790789391143,4.223030026430135,0.20310176629801124,0.15204388514812003,-0.7614875313662628,-0.06968586719490766,121883164208.98405,0.047542239028709125,0.004827949993831444,-2.6611965754364624,1.9171264451051073,7.21463656930947,14.730777076338342,5.268994073078906,13.673726766116761,0.5216731624438925,93.87857638888818,93.87857638888818,95.09557870370918,43535.17270833333,0,0,0
2024-03-13 13:16:26.000,9.02,127.17,42718.6874537037,4.3,10.0,5.4,4.65,0.3976016897069246,2.4962878232435917,0.06162164642693963,0.050527528112440566,0.6988646835224737,3.8502161791608938,0.19038075453886588,0.14617328280137742,-0.8783632159199959,-0.10924416405580306,121442747874.43587,0.06414974448562315,0.008005822360961527,2.0851441405707476,2.28961170961002,7.21463656930947,13.735395951050041,5.213510708796331,13.592271581033403,-0.23208103727180715,100.72700231480849,100.72700231480849,43535.17270833333,43535.17270833333,0,0,0
2024-03-14 22:52:22.000,8.64,127.18,42720.08740740741,4.3,6.0,5.4,4.383333333333333,0.11578076756307014,0.5866225556528883,0.0063395256097866955,0.07621623182048481,0.7238241365054201,3.4134737826372876,0.2477707489985113,0.26752759194241194,0.3333333333333366,0.6841116916640333,73645237179.45287,0.44942548659776954,0.006737946999085445,1.4770978917519928,-0.45986014153133803,7.21463656930947,17.19767780121958,8.618330506433837,8.038812687792394,1.555956754224206,102.12695601851738,102.12695601851738,43535.17270833333,43535.17270833333,0,0,0
2024-03-14 23:31:30.000,8.88,127.26,42720.114583333336,0.0,6.0,5.4,4.433333333333334,0.3519165640748247,1.7967271062668673,0.057754637306545696,0.11067207695464641,0.8985403073860382,4.340844576479626,0.3765152498060225,0.22620467286915352,0.29445144194790984,0.5690040604770807,74250964269.29614,0.08795292918390092,0.00201548271450704,0.816496580927726,0.15530938063375446,7.21463656930947,13.934583973374304,7.497967026442876,7.75922410142615,0.507891279324364,102.15413194444409,102.15413194444409,43535.17270833333,43535.17270833333,0,0,0
2024-04-08 15:56:18.000,8.74,126.56,42744.798472222225,0.0,4.0,5.1,4.425,0.5818953235566601,2.817075701806716,0.18367607146126563,0.14033775098175838,0.9143041724278993,4.25927668103956,0.4534655001721123,0.198605753708098,0.25879302038691687,0.44151017846805196,40488496577.82247,0.01796031830780272,0.0018075381933252185,0.0,-0.38634094251386103,22.3783674448829,29.583254552430898,8.297868012245708,25.335399127874147,-4.298636951470109,126.83802083333285,126.83802083333285,128.05502314815385,43535.17270833333,0,0,0
2024-04-09 10:25:32.000,8.24,126.99,42745.568773148145,4.9,3.0,5.1,4.8,0.31808083647977486,1.7821278452735563,0.058562420512872665,0.08601419135571069,0.7896263307331853,3.8725144768723596,0.3609003080423377,0.19477660253168033,-0.5027513791667007,0.1957632412325392,50680522252.85332,0.1111111111111112,0.004276820349208924,-0.4472135954999578,-0.9896041123445478,22.3783674448829,23.32463781494617,1.0311442908852804,23.85041072999062,0.0875945375849013,127.99284722221637,127.99284722221637,128.82532407407416,37404.65930555555,0,0,0
2024-04-13 17:47:00.000,2.53,126.56,42749.87534722222,4.1,4.0,5.3,4.375,0.3043380175943548,1.5011803520034583,0.06644741225810807,0.1328491063699934,1.0218693691841223,4.689537468064452,0.7491286730774119,0.36247617392840786,0.3673913043478274,0.7108248965240467,59459012553.62011,0.12217601261424405,0.0008597890156869469,-2.8284271247461903,3.166907644580755,261.147829706857,289.892729528564,26.950986781426604,318.86265114057875,10.523065072262954,1008.7105439814841,43535.17270833333,43535.17270833333,43535.17270833333,0,0,0
2024-04-13 18:34:51.000,8.6,126.48,42749.90857638889,0.0,5.0,5.1,4.36,-0.0,0.0,0.0,0.0,,,,,,,40783657073.913025,1.0,,0.40824829046386296,0.6062773643904598,14.0652327577666,25.584640222190497,8.46560094281677,24.79417753638227,-0.1160829589310679,133.16512731481635,133.16512731481635,133.16512731481635,43535.17270833333,0,0,0
2024-04-13 19:52:07.000,12.1,126.19,42749.962233796294,4.3,3.0,5.1,4.833333333333333,1.0256360732154959,5.154198496103091,0.3515361210478471,0.07834514779044802,1.5328040537761836,7.528019902090106,0.785157280999174,0.15465854124818085,0.07463220073369481,0.18872651821070274,46266868842.32278,0.0008377062976308335,2.5210870330948685e-05,-1.4411533842457844,5.375620014486486,6.39999148330077,11.868344747657355,5.2387670663844,12.707854516570569,-0.6407738214649412,10577.422335648149,10585.820990740736,10585.820990740736,43535.17270833333,0,0,0
2024-04-15 06:08:37.000,12.0,126.26,42751.3903587963,0.0,5.0,5.1,4.619999999999999,0.9595129533079622,4.827991104559259,0.3239197650783675,0.07385819991918297,1.1329421267041366,5.5753608248882776,0.45159717453843357,0.11480636953146622,0.06828981003898615,0.17886528934389112,47439765252.83634,0.0013226993498500635,0.00039918445425918335,-1.698415551216894,8.078943075289343,6.39999148330077,9.913304213914081,4.570473186752368,12.27217916518486,-1.4398898829548312,10578.850460648155,10587.249115740742,10587.249115740742,43535.17270833333,0,0,0
2024-04-15 08:17:36.000,8.18,126.93,42751.47993055556,4.9,3.0,5.1,4.466666666666666,0.4045441856944015,1.9556936483854939,0.1235732235099351,0.09850020759793397,0.8405699649740374,3.839401114615812,0.533507076253803,0.2130084816211268,0.2656859311213706,0.5323836508548103,39804073506.94881,0.06114591424863418,0.003008085007254999,0.4472135954999578,-0.7006628662454925,22.3783674448829,23.83723614599423,1.2714897126265337,24.310638883056157,0.209136728399163,133.90400462962862,133.90400462962862,134.7364814814864,37410.57046296296,0,0,0
2024-04-18 20:00:10.000,2.65,126.66,42754.967824074076,0.0,5.0,5.3,4.36,0.27823789380741704,1.3864759331172003,0.043103168716575095,0.11950597439796026,0.9650988486738925,4.530536419150011,0.5185853443391307,0.27879905241688147,0.31694066848833824,0.6056244700993503,59919347970.72888,0.1463141466057439,0.0012726338013398116,0.3464101615137754,3.7589436945268564,261.147829706857,293.9779278121644,25.064137556499567,318.611656940939,9.162746600177684,456.57916666667006,456.57916666667006,456.57916666667006,43535.17270833333,0,0,0
2024-04-22 23:21:07.000,8.29,126.77,42759.10737268518,0.0,4.0,4.3,4.1,2.1072099696478586,8.970693870786594,0.7221517415010718,0.09519404303287955,2.895296546021689,12.183246175414718,1.3633235685619365,0.15459515127493278,0.04285714285714448,0.09205584583201709,10518568363.85921,4.768371582031568e-07,2.0611536224384135e-09,1.1547005383792517,-0.38634094251386103,14.0320966015798,20.790075960464723,5.515163000207316,20.481743331165802,-0.9225498830435218,141.53144675925432,141.53144675925432,142.3639236111121,37418.19790509259,0,0,0
2024-04-23 12:58:27.000,20.05,121.26,42759.67496527778,0.0,3.0,5.3,4.7,0.4053943661141592,2.0809920767906673,0.1309404643762914,0.07703687050994547,0.6681453567742331,3.2165172174940184,0.35568075592405884,0.15927383200122117,0.1667464307960822,0.4859020123657283,61479752634.7347,0.06078786658970015,0.009898375607203939,0.6123724356957945,5.887866499588108,26.485363960173903,35.408303765792205,12.082682971551908,46.79521075237843,2.1370342188823117,5805.459081250003,43535.17270833333,43535.17270833333,43535.17270833333,0,0,0
2024-04-23 14:23:09.000,12.41,125.94,42759.73378472222,4.0,4.0,4.8,4.5,1.118111412466218,5.338265256441275,0.35216291993696464,0.087147806187573,1.7371779276130073,8.071925080063894,0.8500844476459334,0.1715836332166361,0.025641025641026438,0.1534264097200273,27147192834.76682,0.0004422478829413544,6.144212353328218e-06,1.3333333333333333,8.01355519627422,6.39999148330077,9.300995168394778,5.035158165632077,12.135025655333372,-7.894706242506873,7461.881087384259,7461.881087384259,10595.575238425925,43535.17270833333,0,0,0
2024-04-25 15:37:38.000,7.66,127.27,42761.78550925926,4.1,3.0,5.0,4.733333333333333,0.3976010455997188,2.1342575156266363,0.079475971385514,0.0872431826260664,0.8985403073860382,4.340844576479626,0.4058970889899522,0.18952197756535294,-0.36783677821431215,0.1690040604770804,41420375848.04561,0.06415002990995836,0.00201548271450704,-2.1213203435596424,4.047396061842092,12.5197899208652,14.869673155324131,2.0444994345528054,14.755503337872957,0.7597676564594148,29555.687523148146,29555.687523148146,29555.687523148146,29555.687523148146,0,0,0
2024-04-27 11:34:11.000,8.58,126.72,42763.61644675926,0.0,3.0,4.6,4.3,0.8337334825539026,3.7822270095120083,0.2769127479729737,0.07385819991918322,1.240841376866435,5.440486762185403,0.6133678341955725,0.15208383918822166,0.06350591807079109,0.21548569896616154,16166294909.678558,0.0031535487739366387,0.0001894418252328926,0.6123724356957945,-1.5575018491324948,4.39773525278,12.34014548170517,7.246130619526982,8.617826614104354,-1.4719281624400364,145.65599537036906,145.65599537036906,146.87299768519006,43535.17270833333,0,0,0
2024-04-29 15:59:18.000,8.67,126.69,42765.80055555556,0.0,5.0,4.7,4.42,1.3802112417116104,6.547198835177364,0.46781202649429304,0.06234243060880704,1.7371779276130073,8.071925080063894,0.7410864401528436,0.2186074305141589,-0.04362085839710517,0.05342640972002766,25319320997.91012,7.233796296296072e-05,6.144212353328218e-06,-2.5,-0.7389770925471003,4.39773525278,26.239257806575857,15.865006466172805,20.252942900724456,5.9343996008031565,147.8401041666657,147.8401041666657,149.0571064814867,43535.17270833333,0,0,0
2024-05-10 08:08:48.000,8.82,126.57,42776.47381944444,0.0,5.0,4.7,4.4399999999999995,,,,,,,,,,,27183176678.07693,,,1.5075567228888183,0.13248511678748032,23.719341659930297,32.29471959675002,10.21715491091606,29.640833987738763,8.136627239590192,158.51336805555184,158.51336805555184,159.73037037037284,43535.17270833333,0,0,0
2024-05-10 18:39:36.000,8.48,127.01,42776.911875,0.0,5.0,4.7,4.54,,,,,,,,,,,30091241863.998817,,,1.9867985355975657,-0.983494740586804,16.271136183435498,25.73197204900694,6.653169999148075,26.046063805509576,5.58712334041415,159.3359490740695,159.3359490740695,160.1684259259273,43535.17270833333,0,0,0
2024-06-13 21:45:25.000,8.97,126.65,42811.040914351855,0.0,4.0,4.9,4.625,1.5051499783199023,7.254822895501926,0.49317493780819766,0.12592988207988984,2.48168275373287,11.769632383125877,1.340707288507245,0.21612550760626914,0.08000000000000274,0.1573984868040199,33211814195.5954,3.051757812500081e-05,3.588820514756982e-08,0.0,-0.5126528255353108,13.4662962900194,34.8856081149416,16.86942310560356,42.71289127679996,-1.6363557631298389,193.0804629629638,193.0804629629638,43535.17270833333,43535.17270833333,0,0,0
2024-06-16 19:13:23.000,8.72,126.46,42813.93533564815,0.0,3.0,4.9,4.7,1.4313637641589865,6.9182581934351,0.4712245118298991,0.15087898849914935,2.895296546021672,13.795485366419353,1.92803068056316,0.2658271823659647,0.0666666666666682,0.13520815669978337,32276703542.961826,5.08052634252911e-05,2.061153622438658e-09,-0.6123724356957945,-0.41721298405811164,33.615889557426094,44.42486315540376,10.449985276088057,48.217413334143835,-1.4079645242976366,197.19188657408085,197.19188657408085,197.19188657408085,43535.17270833333,0,0,0
2024-06-23 13:32:33.000,8.77,126.87,42820.698645833334,4.1,3.0,4.6,4.433333333333333,0.2515589415081161,1.424659934400233,0.024258062070195444,0.05434294234266824,1.1329421267041366,5.122183974206623,0.49203051394334185,0.2142154071534527,-1.0633245706126857,0.07886528934389148,20126611060.5548,0.17592322403758798,0.00039918445425918335,0.6123724356957945,-1.909112822677531,29.6268750514487,36.142345163612596,8.080555346283408,38.602060817263414,-1.6724056677777261,202.73819444444234,202.73819444444234,203.95519675926334,43535.17270833333,0,0,0
2024-07-01 05:53:42.000,10.81,125.4,42828.38,4.0,3.0,4.9,4.666666666666667,0.9396275030257888,4.599303096021851,0.2950494586047618,0.0741582297141534,1.3714562586418488,6.511528792743798,0.6285608149827187,0.15177028646746027,0.005184680938804753,0.15210610858843232,32129005204.495857,0.0015174608349342795,7.684776196487846e-05,-1.4411533842457844,4.607707969367495,35.2051027298622,37.09877620314407,2.9635218971364456,36.82922578789072,-1.9894294799686942,43535.17270833333,43535.17270833333,43535.17270833333,43535.17270833333,0,0,0
2024-07-08 08:18:55.000,9.15,127.21,42835.480844907404,0.0,3.0,4.3,4.2,2.3856062735982984,10.278930099240732,0.7557266632048305,0.03606670660650789,2.895296546021672,12.347837093408517,1.113149032428996,0.18893301937488385,-0.008728650238096769,0.03520815669978283,10735465618.82471,6.969171937626306e-08,2.061153622438658e-09,-1.4411533842457844,-0.30620430701093254,5.67927476736729,11.617225915240356,8.21587817874811,13.412574942091359,27.49391761946608,217.52039351851272,217.52039351851272,43535.17270833333,43535.17270833333,0,0,0
2024-07-18 08:29:21.000,8.68,126.79,42845.48809027778,4.0,3.0,4.6,4.2,0.5112013443424969,2.266325959918402,0.1202103346504849,0.14256724344061572,1.7371779276130073,7.425832965171692,1.3881820900054775,0.32427033635682245,0.16666666666666785,0.3253469278329719,14907848122.567753,0.029268196826665423,6.144212353328218e-06,-0.6123724356957945,-1.825662882628402,0.452190742338819,23.44009756801677,20.152828171487403,29.27980634509273,4.144376217116841,227.52763888888876,227.52763888888876,228.74464120370976,43535.17270833333,0,0,0
2024-08-02 22:45:53.000,7.99,127.18,42861.08290509259,6.2,3.0,6.8,5.033333333333334,0.05585118710736306,0.3321800858202588,0.006340873083720167,0.0942116294942047,0.4416554053253404,2.287908416553558,0.396507442859523,0.35683437870769796,0.8524077817413778,1.619697916143024,1318279608005.8489,0.6799021878342963,0.04731880671087169,-0.6123724356957945,0.796882918013923,6.3146041677352995,20.850931518698598,13.2813118565224,23.886026532115054,1.8068933484604308,0.015925925923511386,0.015925925923511386,37520.173437499994,37520.173437499994,1,1,0
2024-08-03 02:35:22.000,8.15,126.88,42861.242268518516,6.2,6.0,6.8,4.983333333333333,0.280093127975266,1.757246379248488,0.07518332032484502,0.09743783662920383,0.37764737556804495,2.225943706270556,0.136675142762039,0.1377909258545352,0.5262067371975503,0.9057614847121247,1320678755740.2683,0.14445102107618701,0.07363052096557716,-0.9797958971132713,0.6019712102576782,6.3146041677352995,21.687519270803296,8.934045627748397,23.908910446424322,1.4267380893967943,0.17528935184964212,0.17528935184964212,244.49881944444496,37520.33280092592,1,1,0
2024-08-03 09:12:48.000,8.27,127.1,42861.51826388889,4.8,10.0,6.8,4.95,0.352572719647312,2.3465399132966005,0.08484057985527735,0.06894552816826997,0.41361379228881134,2.6236373468561456,0.11676057934273384,0.09976452274057765,0.14452218639063297,0.4567943434919215,1374705530415.4539,0.08755517916305737,0.0574326192676173,-1.0052493799000695,1.9424651243411988,5.94505293464665,20.946618328769397,9.413126982958309,21.937304485400883,1.1800947310403167,0.20306712963065365,0.45128472222131677,37520.60879629629,37520.60879629629,0,0,0
2024-08-04 14:04:15.000,8.02,127.26,42862.720659722225,5.2,17.0,6.8,4.635294117647059,0.3684782957257615,2.4426666290956853,0.061294777258097295,0.0685275872928837,0.4571520862139492,2.868843957711925,0.09434547151696897,0.12573144132334185,0.17093484899954525,0.5245305354041561,1374814146313.1438,0.07844497208984254,0.04251515251442983,-1.4615320555386697,9.466842728085151,5.94505293464665,21.15640090439908,8.20781587967346,21.936266356734066,1.0444619452730681,1.4054629629681585,1.6536805555588217,37521.81119212963,37521.81119212963,1,0,0
2024-08-05 22:05:36.000,7.94,127.01,42864.054930555554,5.2,19.0,6.8,4.610526315789474,0.39602275375086576,2.6114474094888043,0.0643911773560647,0.07207166720169123,0.4795889984207692,3.0164752026486323,0.0944331575434225,0.11943232046042317,0.205814729696967,0.5102910771899802,1374978654985.928,0.06485324909233611,0.03641103337459201,-1.546198071665203,10.99159136239989,5.94505293464665,21.100907235871677,7.25586279145879,21.930322335499024,-4.2806591456969105,2.7397337962975143,2.9879513888881775,37523.14546296296,37523.14546296296,1,0,0
2024-08-06 05:39:21.000,7.81,127.32,42864.370034722226,4.2,13.0,6.2,4.6230769230769235,0.5478777609099912,3.2262994627554678,0.1228942506186522,0.10141989506054774,0.6268167780046939,3.6030918632349103,0.16085903044268846,0.10887273627913761,0.3112786593184893,0.45176225386881974,390653792294.86163,0.02271782330031042,0.01316890503917794,-2.322416203284113,10.260014302240478,5.94505293464665,21.12262555674968,8.096161011220802,7.968632445831188,0.11729062078780308,3.0548379629690317,29658.272048611114,29658.272048611114,29658.272048611114,0,0,0
2024-08-07 11:32:01.000,7.8,127.11,42865.61494212963,4.1,22.0,6.8,4.604545454545455,0.431554304521738,2.8373253683076696,0.06749177613424193,0.07659164811404685,0.4795889984207687,3.0644341024907074,0.08335245115055098,0.108088340143661,0.2253341037761576,0.4102910771899779,1375840806317.32,0.05073843721093425,0.036411033374592124,-2.7499999999999996,14.614064933639078,1.38621854972314,20.10442409819589,8.779157673382224,21.880298197374145,-3.568426044355989,4.299745370371966,4.547962962962629,29659.516956018517,29659.516956018517,0,0,0
2024-08-09 19:58:46.000,7.96,126.99,42867.96685185185,4.1,24.0,6.8,4.554166666666666,0.431554304521738,2.8373253683076696,0.06352301357777498,0.07659164811404685,0.4795889984207687,3.0644341024907074,0.0784510230645858,0.11074320886372557,0.2253341037761576,0.4102910771899779,1375852325720.947,0.05073843721093425,0.036411033374592124,-1.8418803882136268,13.265175523873301,1.38621854972314,19.609984950475283,8.57495171122961,21.87944855205321,-2.8520702956123816,6.65165509259532,6.899872685185983,37527.05738425926,37527.05738425926,0,0,0
2024-08-10 20:11:04.000,7.78,127.27,42868.97539351852,4.1,18.0,6.2,4.538888888888889,0.6011932818258569,3.5532634433151693,0.11892656121673202,0.10756786197675912,0.5345162854193869,3.201510014295307,0.0940096654181881,0.12413189917369014,0.28964878562229757,0.21045374738513356,393702154531.7042,0.01571882773665678,0.02491444078763272,-0.4500351603704095,13.5558545474342,1.38621854972314,19.238740726065178,9.608028651773411,7.984251448906285,-0.23997699700281544,7.660196759265091,29662.87740740741,29662.87740740741,29662.87740740741,0,0,0
2024-08-11 00:52:27.000,8.24,127.15,42869.170798611114,4.1,23.0,6.8,4.5260869565217385,0.3914534596429419,2.5840316448412617,0.05360267442923189,0.07286269960210323,0.47593915825013916,2.9972222832925564,0.07923718963833473,0.13075273180163738,0.19887902076981145,0.502509593217149,1375019546966.142,0.0669328967626473,0.037340706031090354,0.6187184335382291,7.498046143542726,5.94505293464665,21.55225822497991,7.8305637526258955,21.931019885708082,0.09761632295618937,7.8556018518575,8.103819444448163,37528.26133101852,37528.26133101852,0,0,0
2024-08-12 07:52:46.000,7.99,127.33,42870.462685185186,4.0,24.0,6.2,4.445833333333333,0.6215758617413347,3.6676751146442,0.10020796570185396,0.1063472864146779,0.6482007192585849,3.787263092811915,0.10897653158656823,0.11755331397838086,0.29939262382347476,0.35726798769398993,393994303189.6763,0.013654393510597981,0.011360510363901545,1.044465935734187,14.73494822706522,1.38621854972314,18.61112588640026,9.916270253865498,8.030291850819017,-1.415147598810559,9.147488425929623,29664.364699074074,29664.364699074074,29664.364699074074,0,0,0
2024-08-19 15:32:39.000,8.13,127.26,42877.78204861111,0.0,10.0,5.2,4.23,0.4652281751170621,2.2960378760189126,0.0570247706485185,0.13184226560234544,1.240841376866435,5.81359377416699,0.4056617538871845,0.29606778907031317,0.2647058823529411,0.5147969736080382,50657392591.5703,0.04020827806279468,0.0001894418252328926,3.333333333333333,3.2459456904040023,1.38621854972314,15.79908050878169,11.534894052881166,9.4640913610022,0.4685961117695052,16.46685185185197,16.715069444442634,37536.87258101851,37536.87258101851,0,0,0
2024-08-20 19:08:53.000,8.2,127.28,42878.93221064815,0.0,11.0,4.9,4.1909090909090905,0.9675964146342225,4.590707433875699,0.1800565121638077,0.14099897789553245,1.33629071354847,6.214480988231537,0.3434173503031241,0.16693765304356273,0.15555555555555678,0.249454332636037,31320908637.726833,0.0012508659079729458,9.797783966128733e-05,0.21650635094610957,3.0717930963313798,1.5232583745639399,12.648035501258938,10.321326155995479,5.9116970120018655,-1.0595386248418341,17.61701388889196,17.865231481482624,37538.02274305555,37538.02274305555,0,0,0
2024-08-26 18:22:55.000,8.07,127.17,42884.900289351855,0.0,7.0,4.9,4.257142857142857,0.8600857018970882,4.06390494146374,0.2062431343609908,0.18245172966390688,1.4476482730108402,6.682182737973491,0.5842815293836842,0.2174221389960892,0.1750000000000025,0.28411169166403294,29548308004.667824,0.002628711313735087,4.539992976248456e-05,-1.1677484162422844,1.5644402317555548,1.5232583745639399,6.402323399288485,5.127074782125257,2.7860580857490977,-0.9308017094525081,23.585092592598812,23.833310185189475,37543.99082175926,37543.99082175926,0,0,0
2024-09-02 20:24:29.000,8.18,126.85,42891.98471064815,4.1,5.0,4.3,4.180000000000001,,,,,,,,,,,14019990228.474161,,,1.986798535597566,-0.39530806053010836,2.48818916746442,7.4381518664785915,4.859758295599422,6.736857841770922,1.3112945296321006,30.669513888889924,30.917731481480587,275.2412615740759,37551.07524305555,0,0,0
2024-10-05 14:35:16.000,10.11,126.86,42924.74219907408,4.7,3.0,4.8,4.333333333333333,0.5689391661997594,2.6232413586175665,0.1789533847146712,0.1032376928784224,1.1329421267041366,5.008889761536209,0.7096164988462471,0.21183916477146073,0.1892410393547692,0.3788652893438913,22105939691.444683,0.01964185503295964,0.00039918445425918335,-0.9999999999999999,3.817433980804671,15.4245039644783,24.73780106389397,8.341277797516362,27.089464305534168,6.171341801436536,10197.051423611112,10197.051423611112,43535.17270833333,43535.17270833333,0,0,0
2024-10-09 09:42:54.000,8.02,127.18,42928.53916666667,0.0,3.0,4.5,4.433333333333334,0.8804562952784077,4.233734781240869,0.11886450414395819,0.05083316790886846,2.3688789921995523,10.663300921177738,0.8604434442182703,0.2224321568782324,-0.3085689249369574,-0.001412252922487589,17513970701.831036,0.0022836582605211425,7.822814343740164e-08,0.6123724356957945,-0.36253183936633004,20.7570428025722,26.488683654126067,5.684429960667855,26.46961244348746,1.7239598057342331,67.22396990741254,67.4721875000032,37587.629699074074,37587.629699074074,0,0,0
2024-10-11 23:08:19.000,8.1,126.74,42931.0984837963,0.0,3.0,4.5,4.433333333333334,0.8804562952784077,4.233734781240869,0.11886450414395819,0.05083316790886846,2.3688789921995523,10.663300921177738,0.8604434442182703,0.2224321568782324,-0.3085689249369574,-0.001412252922487589,17513970701.831036,0.0022836582605211425,7.822814343740164e-08,0.6123724356957945,-0.4877455169983628,2.0940615887026603,16.701421595579486,15.031933996358394,19.61457322072424,0.7860028079987833,69.78328703704028,70.03150462963094,314.35503472222626,37590.1890162037,0,0,0
2024-12-19 02:12:39.000,17.67,119.41,42999.226493055554,4.6,3.0,5.0,4.466666666666667,0.4905369300216478,2.360256297586104,0.16082619792674452,0.08274702250559432,0.8405699649740359,3.8394011146158062,0.4722381981451846,0.17453659966671242,0.18842282173955027,0.4323836508548098,33151550627.90995,0.033758971732029276,0.0030080850072550297,-0.9999999999999999,4.308100197271101,19.7826132049673,23.58580604851547,3.4648874899495623,25.766916318920813,8.697495836070136,33180.92575231481,33180.92575231481,33180.92575231481,33180.92575231481,0,0,0
2025-02-15 01:18:49.000,11.54,125.95,43057.189108796294,4.5,3.0,5.3,4.533333333333332,0.2399932695954882,1.187826155589844,0.050924940085860786,0.11791918724072233,0.8985403073860397,4.161136515002425,0.7138509295090291,0.2983658904503582,0.35058555353681164,0.6690040604770822,59394146506.13738,0.1905549308678103,0.00201548271450702,-0.9999999999999999,4.047396061842092,37.5761203711873,46.66718611502163,7.8819854964634555,38.080685842227034,206.46076028980792,43535.17270833333,43535.17270833333,43535.17270833333,43535.17270833333,0,0,0
2025-02-16 11:43:59.000,11.54,125.89,43058.623252314814,4.5,6.0,5.3,4.499999999999999,0.16419817945308074,1.0672881664450249,0.014848005072896223,0.0811817526695866,0.48254942433694675,2.424247462746547,0.12823749793598604,0.22900282437759964,-1.200000000000001,0.2761675374960486,76620421751.39684,0.32166622450235777,0.03567399334725233,-1.2163272811190746,7.944644274971296,37.5761203711873,47.33201721676482,7.537344911805742,38.50859039556074,6.293181188037636,32773.56958333333,43535.17270833333,43535.17270833333,43535.17270833333,0,0,0
2025-02-22 18:30:59.000,11.56,125.8,43064.90589120371,0.0,8.0,5.3,4.475,0.33495333974949903,1.9306689456937902,0.04568156855411094,0.08152288562327183,0.6681453567742341,3.416960824526293,0.18176668728512854,0.1763419123714602,-0.4639937166701378,0.18590201236572845,77791616887.21393,0.09888717740649235,0.009898375607203868,0.917662935482247,9.614845731745175,37.5761203711873,47.72405454325022,6.73207504157829,38.969192226109286,2.102545103248748,10370.363163194452,43535.17270833333,43535.17270833333,43535.17270833333,0,0,0
2025-03-08 09:13:24.000,7.61,124.71,43078.51868055556,0.0,3.0,4.9,4.6,0.8337334825539037,4.032347054278186,0.2769127479729749,0.0738581999191831,1.240841376866435,5.8127391752453335,0.6133678341955734,0.14840766156522622,0.06350591807078931,0.21548569896616243,30103049798.810806,0.003153548773936613,0.0001894418252328926,-1.4411533842457844,5.375620014486486,64.0983189467277,64.9525852808443,0.8325699074522525,64.45527869932171,-1.1114669201621485,2887.494735416665,35032.955914351856,43535.17270833333,43535.17270833333,0,0,0
2025-04-19 16:42:06.000,5.98,124.13,43120.83027777778,5.4,3.0,5.9,5.2,0.1066376974884305,0.8075881616180982,0.01576529044331158,0.08193471401561092,0.34743558552260145,1.8668635968100682,0.16735128607664607,0.21339266183406105,-1.6731957894694443,0.5267346391648635,244744347973.67224,0.47872588152871304,0.09071795328941251,-1.4411533842457844,5.375620014486486,37.9869428234762,42.4976978002654,3.917396789747922,42.69093506078286,1.7916782627172445,8445.80968564815,8445.80968564815,17778.021552083334,17778.021552083334,1,0,0
2025-04-19 23:20:14.000,5.77,123.98,43121.10675925926,0.0,8.0,5.9,4.8125,0.3526843245076207,2.2559932660105217,0.08099698371093574,0.09967236772042633,0.38433139991438187,2.3131618839764228,0.09618520328973124,0.14165513409268846,-0.4966360545229582,-0.11866484105053487,258372256762.3941,0.08748770546767198,0.0703081709888645,-1.158730919004642,11.897021792832335,36.406738727759894,40.832320460360286,3.678210165933942,41.950627810434185,0.8845520298864848,8446.08616712963,8446.08616712963,17778.298033564814,17778.298033564814,0,0,0
2025-05-28 14:48:10.000,20.73,122.18,43159.75115740741,0.0,3.0,5.0,4.866666666666667,1.4313637641589794,7.211909567682958,0.4155809566599038,0.07137846678465191,2.0044360703226998,9.897970785236351,0.8149669936305562,0.14894548736581154,-0.03848829226191164,0.06196733745524252,44148574136.88748,5.0805263425293595e-05,9.698214581498479e-07,-0.9999999999999999,6.539149811747721,108.469484352115,115.62138715241234,6.279710203776122,115.8394179513929,86.58129280583175,1873.9189120370356,43535.17270833333,43535.17270833333,43535.17270833333,0,0,0
2025-06-18 15:49:40.000,18.78,120.81,43180.79386574074,0.0,3.0,4.8,4.3,0.468595834311766,2.1482829210143977,0.12709862615664816,0.12208326390404343,1.240841376866435,5.440486762185403,0.8912028014923045,0.26869133892436253,0.21548864989460625,0.4154856989661617,21825514732.875698,0.039283710065919186,0.0001894418252328926,-2.1213203435596424,3.259718258647996,8.772213367348,12.955207084025732,5.5372906738585215,11.392415656657581,-2.344007533143767,10297.904512731482,43535.17270833333,43535.17270833333,43535.17270833333,0,0,0
2025-06-26 20:37:10.000,6.04,126.48,43188.99351851852,4.7,3.0,4.8,4.566666666666666,1.2552725051033078,5.9298837735519445,0.4355663194183825,0.09948488590379352,2.0044360703227078,9.296639964139578,1.1106128044072963,0.17834823043065623,0.0760187533431873,0.16196733745524305,25408359855.17074,0.0001714677640603546,9.698214581497943e-07,-0.6123724356957945,2.834482277998891,19.161469343525603,31.669898850393434,14.9037486658269,38.55151696559769,-0.2754894390637302,2218.433807870366,32498.07079861111,32498.07079861111,43535.17270833333,0,0,0
2025-07-06 00:52:53.000,5.17,125.98,43198.17109953704,0.0,3.0,6.1,4.999999999999999,0.2261619787673224,1.2764894833498934,0.06893265588015143,0.08662920443503316,0.45715208621394965,2.351444808196856,0.28164836408084043,0.1934921637648372,0.4558617133291092,0.9563183257652961,309773728330.1703,0.20965926728627013,0.04251515251442971,0.44721359549995787,3.6122809875741004,49.8787675855995,71.98146497731064,19.24881446904779,80.66205782268071,3.185145512485751,8.073449074072414,30952.756828703707,30952.756828703707,43535.17270833333,0,0,0
2025-07-20 05:45:33.000,19.73,121.4,43212.374340277776,0.0,3.0,5.2,4.833333333333334,0.5689391661997586,2.951160356985459,0.17371458582869437,0.07899762856162043,0.8985403073860382,4.430698607218231,0.43329108041193576,0.16192226323524214,0.012871863440517828,0.26900406047708003,55088451402.13732,0.019641855032959753,0.00201548271450704,-1.4411533842457844,4.308100197271101,17.362153912335298,18.83645157415317,1.8686630848801267,18.29466725764429,7.071434663194885,25637.547488425924,26046.072488425925,43535.17270833333,43535.17270833333,0,0,0
2025-08-02 07:27:13.000,9.16,126.73,43225.44494212963,4.3,3.0,4.8,4.6,1.2552725051033073,5.990089772684739,0.41847858352885436,0.06779651486832529,1.7371779276130135,8.120704136216922,0.8014673033488849,0.14028396693850187,0.028056260029560853,0.12534692783297352,26650296079.90801,0.00017146776406035515,6.144212353327941e-06,2.1213203435596424,2.9650961789828814,22.3489915581296,50.388685350920696,24.966732445807725,60.031331720450204,-2.4938023733135752,607.4844907407387,607.4844907407387,26798.85423611111,26798.85423611111,0,0,0
2025-09-30 16:34:31.000,11.16,124.17,43284.825011574074,0.0,3.0,6.9,5.133333333333334,0.10779747694822711,0.6535719571358232,0.023921665090566903,0.09975726661340677,0.3670094213266916,1.9451589400264289,0.27728644483735126,0.2778486149851071,0.837038457312687,1.5999754584094035,1621853795312.169,0.4749059044574774,0.0792449755998434,-0.9999999999999999,5.887866499588108,38.7801028088009,49.8757542831157,11.527271948020049,49.054238513971804,-183.03549395105117,0.10748842592875008,0.10748842592875008,43535.17270833333,43535.17270833333,0,0,0
2025-09-30 23:01:06.000,10.98,123.96,43285.09347222222,0.0,6.0,6.9,4.866666666666666,0.06246669870497636,0.3884833738509482,0.003769892267314583,0.07567548698525622,0.36191206825271005,2.0020167164517186,0.12654295181517175,0.2468966903304933,0.6809523809523812,1.3682233833280657,1622065977167.112,0.6495310306892131,0.08208499862389866,-0.9999999999999999,12.264932589646444,38.7801028088009,51.59078481268395,10.080766521204497,49.054359908510904,32.96444853592353,0.37594907407765277,0.37594907407765277,43535.17270833333,43535.17270833333,0,0,0
2025-10-01 18:59:00.000,11.17,124.16,43285.92534722222,0.0,18.0,6.9,4.5,0.16315595235268665,1.019401968748869,0.009598025253553409,0.13126509795965394,0.6204206884332175,3.518037226964085,0.13878693526413818,0.33579926083794154,0.6519780673078053,1.2295939472160775,1622613203284.4736,0.3239904006793347,0.013763786733050341,-1.371159133521369,19.53690260519433,37.5824315281864,52.84529458487727,8.639064192426044,49.04918852331769,-0.8619770872350359,1.2078240740738693,1.2078240740738693,43535.17270833333,43535.17270833333,0,0,0
2025-10-02 01:31:40.000,10.99,123.98,43286.19803240741,0.0,20.0,6.9,4.46,0.36708230917517287,2.2637970749636573,0.04448241486685874,0.22579603489331979,0.8123493906103979,4.525810792870508,0.21784478321597392,0.4633140885641729,0.7329987079726967,1.3287386127417156,1622629275038.045,0.07920508647729942,0.0036555424218265215,-1.4599447664678165,22.392600818765366,37.5824315281864,52.00485095421791,8.593887599556247,49.048659545213475,-3.7777779750648777,1.4805092592650908,1.4805092592650908,43535.17270833333,43535.17270833333,0,0,0
2025-10-04 09:06:07.000,10.88,123.97,43288.51362268518,0.0,26.0,6.9,4.430769230769231,0.4222358131977815,2.6160190680432347,0.04742700380407286,0.2258725942637029,0.8949098414976113,4.989070255668242,0.21304636282167425,0.49873937911871824,0.7043647974080001,1.3250582300903675,1623155862727.9473,0.05411187222406086,0.0020666668604807604,-1.8492968446308322,25.531493157611106,37.5824315281864,53.26871045442413,8.525673997450273,49.05114200840217,1.134787361283273,3.7960995370376622,3.7960995370376622,43535.17270833333,43535.17270833333,0,0,0
2025-10-05 00:58:44.000,11.13,123.94,43289.175162037034,0.0,32.0,6.9,4.3843749999999995,0.4410181097369639,2.731058603570066,0.043365440652943794,0.23820704983400354,0.9219659392359548,5.151010545743839,0.18952245381028052,0.5085571656554255,0.7073776489610619,1.3130142703400214,1623262213039.528,0.047527576635125954,0.0017143606206945867,-2.4713065096849345,28.324648528899957,37.5824315281864,51.98688943185961,8.165162302704704,49.04924049700082,-1.5292976175926907,4.457638888889051,4.457638888889051,43535.17270833333,43535.17270833333,0,0,0
2025-10-06 09:57:48.000,11.09,123.95,43290.54951388889,0.0,35.0,6.9,4.377142857142857,0.4522138289930072,2.7992369620353688,0.04185111170622911,0.24723466674115066,0.9650988486738945,5.375634459164276,0.1906175641056446,0.5413978490894769,0.7099262283315655,1.3299649030244618,1623325305427.0225,0.043990460980942524,0.0012726338013397947,-2.7992536318673213,29.62262648719725,37.5824315281864,52.54314016258638,8.09532319062566,49.0524463358289,-0.2869363782257445,5.831990740742185,5.831990740742185,43535.17270833333,43535.17270833333,0,0,0
2025-10-09 13:16:42.000,11.09,124.07,43293.68763888889,0.0,37.0,6.9,4.362162162162162,0.45370669003401354,2.808243890316107,0.040166876934793476,0.2485357372220678,1.0057345896706888,5.5665079574391,0.19737151427200386,0.5827700922773098,0.7104419617317559,1.3652316678680005,1623341370130.4927,0.043539148365222206,0.0009611612000701343,0.5453710851915743,30.45722996503223,37.5824315281864,52.74888355678978,8.186177692118138,49.053804961892,0.011423986589358602,8.970115740747133,8.970115740747133,43535.17270833333,43535.17270833333,0,0,0
2025-10-10 03:32:00.000,7.03,126.99,43294.28159722222,6.8,3.0,7.4,5.466666666666668,0.10097322777511082,0.654835667419993,0.023029203777502817,0.09815853476056406,0.32984391030626703,1.862465678005984,0.24574426120788329,0.2709567152662665,0.9147594877480456,1.7534938199203216,4570933617126.602,0.4978291429855944,0.10243969319189995,-0.9999999999999999,6.539149811747721,33.0866927315022,41.619850393920665,10.433365909843264,38.520923268671844,-143.94282176522702,0.07505787037371192,0.07505787037371192,0.07505787037371192,43535.17270833333,1,1,0
2025-10-10 03:53:53.000,7.16,126.72,43294.296793981484,6.8,4.0,7.4,5.550000000000001,0.19707019976638107,1.33922193065367,0.062473836586801786,0.0794579640046558,0.31021034421660837,1.9049434370377174,0.15479923669071027,0.1634833100903364,0.6043407260901725,1.259187894432153,4573945388743.883,0.2563240761191373,0.11731916609425085,-0.9999999999999998,6.798722616979547,33.0866927315022,39.52060597757257,9.497230716585806,38.49991795057425,-159.21509321880114,0.09025462963472819,0.09025462963472819,0.09025462963472819,43535.17270833333,1,1,0
2025-10-10 06:06:19.000,7.3,127.12,43294.388761574075,6.8,5.0,7.4,5.42,0.16672430529082033,1.142061491242119,0.035273454394223094,0.08180384416295355,0.2632087769110618,1.6170738802192903,0.08791255340377528,0.1714830150993508,0.5500000000000016,1.256307152076091,4573995144436.167,0.3161018838836228,0.16232061118184807,-1.0,7.601202965865766,33.0866927315022,41.0603985857863,11.957710321565594,38.502620161668055,21.709282109973184,0.1822222222253913,0.1822222222253913,0.1822222222253913,43535.17270833333,1,1,0
2025-10-10 06:32:14.000,6.84,127.32,43294.40675925926,4.6,3.0,5.8,4.966666666666666,0.304458362142266,1.6614066808834163,0.09401159459194415,0.08943895125452532,0.6059923003301194,3.082888146139176,0.3724430014158043,0.19314384915394506,0.3430742345415325,0.712661193121189,167432843113.31323,0.12207448859421714,0.015206284059065786,-0.9999999999999999,5.887866499588108,33.0866927315022,34.96014863650493,3.1277267170971723,33.24771511225339,55.07143883549699,1268.357303240744,43535.17270833333,43535.17270833333,43535.17270833333,0,0,0
2025-10-11 07:02:28.000,7.05,127.14,43295.42775462963,0.0,22.0,7.4,4.845454545454545,0.38768643575515416,2.760684051566128,0.0635525138590526,0.09856557387201685,0.5330690391592262,3.5226457897629464,0.12015405716511376,0.18245674727031774,0.2790801097058351,0.7917644226365548,4761493278413.278,0.06869746203367942,0.025164765197546318,-1.474331270308942,22.404176482606772,0.9606155405762791,31.02469685274099,15.430709132766072,38.944088995183535,-10.966362079337014,0.8266550925909542,0.8266550925909542,1.2212152777792653,43535.17270833333,0,0,0
2025-10-11 10:27:21.000,7.23,126.91,43295.57003472222,0.0,22.0,7.4,4.827272727272727,0.3810534146394492,2.7174578155883866,0.06192322001153619,0.09388969187684619,0.5489223934836641,3.590815213358029,0.12850017314628603,0.20464934155958742,0.2685645865170079,0.8584282660261131,4761468764080.256,0.07191835680995437,0.02255448004069494,-1.474331270308942,21.91157721655874,0.9606155405762791,32.87022324550425,15.317234556125836,38.94548508807394,-12.300902173157578,0.9689351851848187,0.9689351851848187,1.3634953703731298,43535.17270833333,0,0,0
2025-10-11 12:47:39.000,6.78,127.33,43295.66746527778,4.6,12.0,5.8,4.6499999999999995,0.623939917194563,3.6190782536684245,0.15172111207512057,0.061612428717401434,0.6155354861620899,3.5394915513201024,0.14766129275530518,0.06882632708607397,-0.00036339066264368114,0.04973599265722406,197442115559.8059,0.0134332237436958,0.014236182327273798,-1.5199211913146968,15.951814179059156,0.9606155405762791,22.40775896404176,11.510783723796681,24.405030835788377,-2.1212544593257503,1269.6180092592622,43535.17270833333,43535.17270833333,43535.17270833333,0,0,0
2025-10-12 14:43:15.000,7.19,126.87,43296.74774305556,0.0,26.0,7.4,4.8076923076923075,0.3753745829195458,2.6924773300664127,0.05259364234858913,0.08746833244965985,0.5221026558399758,3.4952751676061116,0.10174552760680396,0.15494861590664316,0.2272252502415899,0.70538711399045,4762363523605.104,0.07479563459320328,0.027145136663896945,-1.6324566107774379,23.622675470067517,0.9606155405762791,34.011409378343686,14.399666387520238,38.952972357609106,0.0011179454056202524,2.1466435185211594,2.1466435185211594,2.5412037037094706,43535.17270833333,0,0,0
2025-10-12 17:06:00.000,10.96,123.94,43296.846875,0.0,38.0,6.9,4.352631578947368,0.45370669003401354,2.808243890316107,0.03935510380422601,0.2485357372220678,1.0057345896706888,5.5665079574391,0.1933826332772099,0.5827909409627134,0.7104419617317559,1.3652316678680005,1623346251700.1885,0.043539148365222206,0.0009611612000701343,2.69046574000178,30.866070137195727,37.5824315281864,52.82616470908214,8.08883673327106,49.05409870626839,0.12591254289859283,12.129351851857791,12.129351851857791,43535.17270833333,43535.17270833333,0,0,0
2025-10-12 17:37:54.000,7.33,127.36,43296.86902777778,0.0,14.0,7.4,4.792857142857143,0.33623759749367127,2.2274133665210396,0.0599351899920893,0.17808686245305216,0.5861643314031625,3.5618993101918237,0.18214955479147718,0.30767394539637427,0.7754779860305057,1.3233775933357546,4572239437175.375,0.09801379557169194,0.017438414878937436,-1.5491933384829668,15.406874922312923,0.9606155405762791,25.60769419118562,12.28672794909322,38.45066691037643,6.957782619141089,2.662488425929041,2.662488425929041,2.662488425929041,30090.771041666667,0,0,0
2025-10-12 19:49:43.000,7.37,127.02,43296.96056712963,0.0,25.0,7.4,4.832000000000001,0.3753745829195458,2.6924773300664127,0.054058917341405784,0.08746833244965985,0.5221026558399758,3.4952751676061116,0.10458018918519502,0.155143611429676,0.2272252502415899,0.70538711399045,4762355886734.853,0.07479563459320328,0.027145136663896945,-1.5907119074394445,21.159668646892445,0.9606155405762791,32.74893864541411,15.145344997936103,38.95270016243044,-0.06167852966938913,2.3594675925924093,2.3594675925924093,2.7540277777807205,43535.17270833333,0,0,0
2025-10-13 17:08:21.000,7.06,127.03,43297.84850694444,0.0,35.0,7.4,4.682857142857142,0.3807354696546648,2.72750179006919,0.04244865448446645,0.0918012489598429,0.6103598124045715,3.982634470608323,0.10909104817181828,0.22377159797432403,0.2362288059394837,0.8749398802677568,4762461459609.86,0.07207648368310393,0.014754366350850562,-1.9575793185261148,29.17501779778562,0.9606155405762791,31.725573539111604,14.446682609218891,38.94861492049282,-0.6783108376928502,3.2474074074052623,3.2474074074052623,3.6419675925935735,43535.17270833333,0,0,0
2025-10-14 02:00:11.000,7.47,127.05,43298.217835648145,0.0,26.0,7.4,4.746153846153846,0.33606312470685906,2.427160117942677,0.04186571051019719,0.07683439205682194,0.4795889984207692,3.20831080201694,0.08526193170084827,0.15929083361257965,0.1776660409860833,0.7102910771899813,4761492657685.728,0.09813199451239128,0.03641103337459201,-2.02409725481996,21.04121561917834,10.741720620382301,31.434788973570683,11.204468837175263,38.996760927296535,0.08343521567035603,3.616736111107457,3.616736111107457,4.011296296295768,43535.17270833333,0,0,0
2025-10-14 02:19:53.000,7.33,127.35,43298.231516203705,0.0,22.0,7.4,4.736363636363636,0.3961373364875035,2.656015068699508,0.05906078435890657,0.18810825549881893,0.5990268715906925,3.774802168205741,0.13505176532320096,0.2537061605556532,0.6952165220021005,1.0984426789037007,4574496819834.596,0.06480193743883098,0.015955829438550995,-1.98907095644041,20.59126663522958,0.9606155405762791,27.203805061281617,11.339278422149007,38.435783199890786,0.9549655907577053,4.024976851855172,4.024976851855172,4.024976851855172,30092.133530092593,0,0,0
2025-10-14 02:39:05.000,7.38,126.79,43298.24484953703,0.0,26.0,7.4,4.749999999999999,0.35599560594917984,2.5658653350570684,0.048512873074031224,0.08399017027767125,0.4991890596589106,3.3461885803968796,0.09538889940004044,0.15290346476652777,0.19242414182112544,0.6967509690951825,4762536764789.989,0.08550926671422399,0.03180041744537971,-1.996066859517006,22.801947293297133,10.7954746966331,36.2383181932221,10.844948410336803,38.99006184633648,-1.6510088189666179,3.6437499999956344,3.6437499999956344,4.038310185183946,43535.17270833333,0,0,0
2025-10-14 18:50:20.000,7.18,126.9,43298.919328703705,0.0,43.0,7.4,4.6395348837209305,0.4686598499416057,3.308789885608612,0.05558239546202221,0.11268989392550768,0.6366620677115727,4.184804922501982,0.10257457172927435,0.2120424624351655,0.33989044288542747,0.8269604948447693,4763846244027.555,0.039266342480506665,0.012303078551729199,-2.55458066087982,32.03651769560307,0.9606155405762791,32.939022987796214,15.036178437392985,38.929041706402714,-0.7987625957789577,4.318229166667152,4.318229166667152,4.712789351855463,43535.17270833333,0,0,0
2025-10-15 07:44:55.000,7.11,127.16,43299.457233796296,0.0,48.0,7.4,4.633333333333334,0.4875031219604743,3.431661843077835,0.054109649690103255,0.12280379020954597,0.6906852001352919,4.488460300459643,0.10861260248745944,0.2516191611077241,0.3607387348053397,0.9014384272597127,4763987162367.552,0.03447391719379962,0.008471189550769661,-4.339791177688168,33.57080033826385,0.9606155405762791,29.79295808429193,15.17273578887634,38.91393295842428,-0.9731708766837532,4.856134259258397,4.856134259258397,5.250694444446708,43535.17270833333,0,0,0
2025-10-15 07:55:09.000,11.15,124.12,43299.46434027778,0.0,30.0,5.8,4.296666666666666,0.7909635717091209,4.3672490457881965,0.1069888855215524,0.12011859705903123,1.1391330672872189,5.988478865262245,0.22190884701936456,0.23226108171510793,0.2785711984795869,0.5429505496460836,177358701547.45847,0.004237495840130171,0.000382473013925094,1.8818776300902638,22.808743782880253,37.5824315281864,52.63430473694298,7.803203170816324,51.99424280563953,0.6006091555751558,14.74681712963502,14.74681712963502,43535.17270833333,43535.17270833333,0,0,0
2025-10-15 10:58:01.000,7.39,126.72,43299.59133101852,0.0,29.0,7.4,4.69655172413793,0.36020955275132566,2.5937506699825725,0.04563718127725584,0.08359125271815702,0.49351645670824124,3.319527346528734,0.08566662137249603,0.14853593739964052,0.1993284737420753,0.6737251181652422,4762577699460.065,0.08305606315078147,0.03307125148830091,-4.1012193308819755,24.341914073118126,22.7301780999552,39.89684120869701,10.23204209786418,38.996714910385855,0.9484568984206961,4.990231481482624,4.990231481482624,5.384791666670935,43535.17270833333,0,0,0
2025-10-15 23:36:07.000,7.49,127.19,43300.117789351854,0.0,31.0,7.4,4.667741935483871,0.4726365747240041,3.1531200884420456,0.0626493612022124,0.21556107650313264,0.6960817479982433,4.354879352410039,0.13588843191647976,0.30533154832571197,0.7286583030877196,1.1437242609311609,4574789676655.675,0.03820236729983878,0.008161213814121568,-2.361440729953469,23.009081012565648,0.9606155405762791,26.20764530644543,15.09555244897941,38.423650651764625,-0.4131316899724842,5.911250000004657,5.911250000004657,5.911250000004657,30094.019803240742,0,0,0
2025-10-15 23:46:28.000,6.8,127.28,43300.124976851854,4.6,20.0,5.8,4.535,0.660939643031836,3.8192486465489894,0.1098880512925413,0.07476789241249857,0.9306310326498268,5.15211710383783,0.21786222235555294,0.12570318696732458,0.021486505137619183,0.26384558102690825,199481549023.5796,0.01040353831353836,0.0016147559818205687,-2.1997067253202993,21.265348438599453,0.9606155405762791,25.575258303373,11.632581416495588,24.484173940427294,1.6164765428766774,1274.0755208333358,43535.17270833333,43535.17270833333,43535.17270833333,0,0,0
2025-10-17 10:16:52.000,7.06,127.14,43301.56275462963,0.0,52.0,7.4,4.624999999999999,0.4351342673473925,3.093963171459208,0.039949414584442164,0.1076811614674359,0.7535703338960527,4.820534170264276,0.11981506674745387,0.31157628435533175,0.2896356742478279,1.0030733251646033,4764064723516.062,0.04949908807348981,0.0054864193352095,-1.6510016510024763,35.02765189013384,0.9606155405762791,28.78660356449059,15.00763836539113,38.90953089056319,-1.605115161040823,6.961655092592991,6.961655092592991,7.356215277781303,43535.17270833333,0,0,0
2025-10-17 16:02:14.000,9.87,126.19,43301.80259259259,0.0,3.0,6.0,4.866666666666666,0.15455335486731048,0.845021122773158,0.03129355340285555,0.10837998061358901,0.6059923003301194,3.0222889161061643,0.4810965241829183,0.3046206280697896,0.5324957617475308,1.012661193121188,251426368208.6795,0.3438269663450275,0.015206284059065786,-1.4411533842457844,3.1062799081417087,53.0728161018164,64.01662635188417,9.477687717876691,69.41989972678356,8.21259096949235,0.7076504629585543,10238.147332175926,43535.17270833333,43535.17270833333,0,0,0
2025-10-18 04:59:10.000,10.93,123.9,43302.34212962963,0.0,17.0,5.8,4.288235294117648,0.5281530916996864,2.8378388713416176,0.06846663812608864,0.20510262084748063,1.0218693691841223,5.1949413375652576,0.25630088936887885,0.3244906173978772,0.42686308962242325,0.7162373447860695,168466819059.46243,0.02603398947285804,0.0008597890156869469,0.8447438860445861,12.18902081278697,44.3772788249897,52.54254189308715,6.882661720998823,52.9276986672898,0.3369318461299109,17.62460648148408,17.62460648148408,43535.17270833333,43535.17270833333,0,0,0
2025-10-18 05:26:24.000,6.72,127.65,43302.36104166666,4.0,4.0,4.7,4.55,0.1338629320803213,1.083966546817119,0.00618215318187355,0.037332588102083605,0.8685889638065036,4.163274742934627,0.26028414187602744,0.21776903223397084,-3.3975855673526576,-0.09314718055994486,29819419513.601818,0.39665342052453934,0.0024787521766663602,0.0,10.01427552475536,7.06962787996706,14.98690293482629,5.901603278733307,17.200846340691243,0.21764095737343508,43535.17270833333,43535.17270833333,43535.17270833333,43535.17270833333,0,0,0
2025-10-18 18:35:04.000,7.46,126.62,43302.90872685185,0.0,19.0,7.4,4.657894736842105,0.35409708594595957,2.3615042467963114,0.05330872522120906,0.167783763545476,0.645237515970547,3.8884646709801887,0.1770079665648317,0.3506574674172773,0.7309130729285025,1.3735917786316625,4573328548984.941,0.08663806462038882,0.011595445849444583,-0.35687321357316487,18.001376923506815,27.2933131489979,44.40593963616231,10.759791876315877,38.516006213659765,0.2726804288578638,8.702187499999127,8.702187499999127,8.702187499999127,43535.17270833333,0,0,0
2025-10-19 01:34:51.000,6.95,127.36,43303.20024305556,4.0,30.0,5.8,4.579999999999999,0.8564643177887208,4.905838473983943,0.13227642748872043,0.06815834013055289,1.184439496099782,6.581904781272576,0.252982028585195,0.1650087930179699,0.0719873179887065,0.24302152794971477,208976063686.89215,0.002695299598662951,0.0002796929449188796,0.4246180646589646,26.04462643852981,0.9606155405762791,22.105359422970924,10.170854135055533,23.412405003041766,-0.04356318504899371,1277.1507870370406,43535.17270833333,43535.17270833333,43535.17270833333,0,0,0
2025-10-19 07:28:18.000,6.48,126.86,43303.44569444445,0.0,4.0,4.7,4.45,1.0110210668019572,4.829422286108639,0.27982214666739946,0.07509939628237441,1.4476482730108402,6.682182737973491,0.5737038797198588,0.14860118522261603,-0.07677710651962588,0.08411169166403276,23879093679.8648,0.0009266949569199734,4.539992976248456e-05,0.8660254037844386,4.819094914515003,21.483617068322,36.58954998685725,13.194034765726583,29.96822280059221,-3.3377543691497396,1529.5709027777775,1529.5709027777775,1529.5709027777775,37077.62868055556,0,0,0
2025-10-19 13:47:03.000,7.17,126.82,43303.708715277775,0.0,44.0,7.4,4.625,0.4069545350772643,2.9034024044514903,0.040227774746143655,0.09865625433861291,0.6019923511530222,3.975492086097442,0.08802705466376498,0.19747976023348116,0.2655361860010954,0.7961086407775637,4763120966360.132,0.06013625720951508,0.015632302358593062,0.3519278491525988,31.684290235502846,10.7954746966331,35.66587657226325,13.707035836266432,38.97271403928926,0.07939512617911766,9.107615740736946,9.107615740736946,9.502175925925258,43535.17270833333,0,0,0
2025-10-20 11:35:52.000,7.0,127.36,43304.61761574074,4.0,36.0,7.4,4.63611111111111,0.4839371307633227,3.2355296912179345,0.057309516021919,0.20414968133739206,0.7284939696441648,4.547497417440726,0.12986758740495433,0.3154706831030482,0.7141528402367561,1.1576732177179645,4575935498064.48,0.03533365853620024,0.006524062172106259,0.48560051509652336,28.76827419354763,0.9606155405762791,21.501999402271473,11.15102987594309,38.39155485821007,-0.8949893505270965,10.411076388889342,10.411076388889342,10.411076388889342,43535.17270833333,0,0,0
2025-10-20 11:40:03.000,7.01,127.08,43304.620520833334,0.0,54.0,7.4,4.624074074074073,0.5100924993204153,3.5845765010741686,0.054041732258101334,0.12696065466443887,0.7001697529594925,4.578931661792812,0.10182116869450461,0.23833398153133467,0.3726931765320636,0.8602549704004119,4764953457401.071,0.02949324116464089,0.007933973418767863,0.7006490497453708,36.431835628727896,0.9606155405762791,28.713879711137285,15.39050967529506,38.84857678455509,-1.086953933759512,10.01942129629606,10.01942129629606,10.41398148148437,43535.17270833333,0,0,0
2025-10-20 13:32:46.000,6.86,127.77,43304.698796296296,0.0,5.0,5.7,4.9799999999999995,0.501716659439968,2.7928894042158223,0.12061178495158738,0.07932836919406601,0.7238241365054201,3.84776826454054,0.25103762794195383,0.15509005292170397,0.13333333333333286,0.3841116916640326,145791730256.86063,0.03125000000000014,0.006737946999085445,-0.5222329678670935,11.196300409382683,10.2667477354279,20.455666899622237,12.231680575608026,11.79979736134788,0.01400678724130154,43535.17270833333,43535.17270833333,43535.17270833333,43535.17270833333,0,0,0
2025-10-20 21:32:39.000,7.13,126.84,43305.03204861111,0.0,48.0,7.4,4.6125,0.4569515068514869,3.2354807204976126,0.048102182365707694,0.11057624342514134,0.7139087373752084,4.592800559900043,0.11741131369859609,0.2833885915250992,0.31942214439579253,0.9666839198716675,4763964673869.355,0.04257410034616137,0.007215622229967883,0.8955334711889903,33.21874169953137,0.9606155405762791,34.83593871254978,14.455930860115336,38.925245039375206,0.41513285205142714,10.430949074070668,10.430949074070668,10.825509259258979,43535.17270833333,0,0,0
2025-10-21 09:07:23.000,11.16,124.16,43305.514502314814,0.0,8.0,5.8,4.35,0.2565722738504591,1.374408575179783,0.03274944273166488,0.11870885631829273,0.6059923003301194,3.0222889161061643,0.18269164250902337,0.23686114249456025,0.4431913528550444,0.8126611931211878,166789259594.55807,0.16993513405457186,0.015206284059065786,0.0,4.628690177372654,47.3728477543505,54.720313919678986,5.695315700201558,53.03844696645049,-0.2717976609293325,20.79697916666919,20.79697916666919,43535.17270833333,43535.17270833333,0,0,0
2025-10-23 06:24:24.000,7.21,126.74,43307.40131944444,0.0,44.0,7.4,4.586363636363637,0.41456473221722095,2.9508449757281814,0.04199227534919224,0.09894159360801127,0.6948711710452029,4.427950265367395,0.11797589730819297,0.3041130984883972,0.28206461763849067,1.0276673290287555,4762964221446.477,0.057056588812290455,0.00822974704902003,4.238975338109252,31.684290235502846,13.896267688375499,37.283193452740484,13.17230545121994,38.98212750441963,0.3585002848616872,12.800219907403516,12.800219907403516,13.194780092591827,43535.17270833333,0,0,0
2025-10-23 21:02:22.000,7.14,127.06,43308.01101851852,0.0,62.0,7.4,4.609677419354839,0.5101745983018524,3.596276702810828,0.048801954278048204,0.1235575115556633,0.7720790789391131,4.979505833545915,0.11176945167262989,0.29324414525055287,0.35089031327459974,0.9505235546751516,4766314847023.134,0.029476519709354252,0.004827949993831484,2.43818144556857,38.4313434587588,0.9606155405762791,30.78349866325516,16.224080547171035,38.83164092106488,-0.1438002456126693,13.409918981480587,13.409918981480587,13.804479166668898,43535.17270833333,0,0,0
2025-10-24 04:20:35.000,7.54,127.24,43308.31533564815,0.0,24.0,5.6,4.479166666666667,1.1241735711554837,6.05622934347755,0.23077494712542357,0.14852377858933016,0.9650988486738925,5.326016308353419,0.1700848037279775,0.1578099116272459,0.21272751924540945,0.08137740950400385,129314025777.4093,0.000424110755669578,0.0012726338013398116,2.9311629051165613,19.040787606001384,1.92442475138903,23.164778327779135,12.76641141766395,24.28325273180455,-0.7099184990197706,14.10879629629926,14.10879629629926,14.10879629629926,30102.217349537037,0,0,0
2025-10-24 13:59:21.000,10.99,123.99,43308.717256944445,0.0,8.0,5.8,4.3625,0.21149321642250737,1.1354895708116386,0.021990780035515477,0.110759018942045,0.7042613220052737,3.5054449393423393,0.24384588190819692,0.26988442342659297,0.431082783557315,0.8225224219879994,166813658054.0293,0.23201729046848593,0.0077128704008256055,0.5547001962252293,4.787136000844778,43.1771322174222,53.1567595288693,6.967394034756475,53.00631347237294,-1.0099271805609666,23.99973379629955,23.99973379629955,43535.17270833333,43535.17270833333,0,0,0
2025-10-24 20:37:16.000,7.18,127.56,43308.99358796296,0.0,14.0,5.7,4.550000000000001,0.7854384170499547,4.354348478139071,0.19149533004099034,0.0774006137838836,0.7238241365054201,4.040061373322764,0.16262976342124924,0.07829099859679484,0.1561554622020349,0.11844894420357388,151682313545.00793,0.004402351840325405,0.006737946999085445,0.9607689228305228,14.604720137607918,1.92442475138903,15.634459568454778,12.904671081007319,11.262182547540114,2.053688742488127,12213.450015046292,30102.89560185185,30102.89560185185,30102.89560185185,0,0,0
2025-10-26 00:25:48.000,7.07,127.18,43310.152291666665,0.0,32.0,5.7,4.453125,0.7985240837390895,4.621189785043285,0.11174999145688376,0.0679980076251456,0.935403499483925,5.261903433407508,0.15334493685423473,0.09257522062089017,-0.08716394301416841,0.0747233826786271,190806491807.4531,0.004021867408061384,0.0015623901832581492,1.4087214501209981,19.406868912211657,1.92442475138903,26.22805103636751,15.12961266364952,17.694174387079993,-0.0008979845241526099,15.551192129627452,15.551192129627452,15.945752314815763,43535.17270833333,0,0,0
2025-10-31 15:57:56.000,10.91,123.8,43315.79960648148,0.0,4.0,4.6,4.199999999999999,0.9858651726511466,4.393388991835304,0.30267991463117266,0.15895725993948062,1.7371779276130135,7.550771701780016,0.9398037176526997,0.2405645051887654,0.1436208583971066,0.25342640972002783,15949033265.415377,0.001102565710845352,6.144212353327941e-06,2.8284271247461903,1.6688137262811444,43.1771322174222,52.8302330389243,8.092131767029016,54.77160990886643,0.06412773099125546,31.082083333334594,31.082083333334594,43535.17270833333,43535.17270833333,0,0,0
2025-10-31 21:21:01.000,6.14,127.6,43316.02396990741,4.6,3.0,4.2,4.2,,,,,8.685889638065067,36.95785773459295,0.0,,,-0.05493061443340608,10436638176.684628,,8.75651076269468e-27,-0.9999999999999999,8.672617004934883,9.19421633287747,17.260615612488692,12.50078844853849,17.260615612488692,37.45940118824339,1275.541539351856,6647.315761574078,43535.17270833333,43535.17270833333,0,0,0
2025-10-31 21:27:45.000,6.78,127.4,43316.028645833336,0.0,8.0,5.7,4.6625,0.6132189425830297,3.401733330069794,0.1744669975303476,0.06464235609044854,0.7153085584288857,3.849393985415577,0.2373935996924294,0.09813135759956404,0.15266104184444718,0.31855455235927455,146729011993.43356,0.014465823845050437,0.00714618614709694,1.5491933384829668,7.727831653653446,10.2667477354279,25.82422839100569,16.314763409835994,11.846256898430095,-1.6373938501898717,1289.9791898148178,43535.17270833333,43535.17270833333,43535.17270833333,0,0,0
2025-11-01 00:49:57.000,7.46,126.7,43316.1690625,0.0,5.0,4.8,4.340000000000001,-0.0,0.0,0.0,0.0,,,,,,,24631689785.292828,1.0,,3.872983346207417,3.1407545033717548,47.845135459502494,52.732066898720305,6.075232937927112,50.25693036968775,0.5079039811250821,21.567962962959427,21.567962962959427,21.96252314814774,43535.17270833333,0,0,0
2025-11-01 18:15:31.000,10.95,123.88,43316.895150462966,0.0,4.0,4.6,4.175,0.8600857018970895,3.827381373442047,0.24434770853517318,0.14688759736408788,1.930197697347789,8.322850780719119,1.2306325587713867,0.29686275581784527,0.15000000000000124,0.28808376874802466,15691789726.979593,0.002628711313735063,1.6195967923125758e-06,1.1547005383792517,1.622512393135966,43.1771322174222,52.676002305150526,8.177970489489931,54.902767096143144,-0.49860162265125163,32.17762731482071,32.17762731482071,43535.17270833333,43535.17270833333,0,0,0
2025-11-05 02:22:21.000,7.08,127.2,43320.23322916667,0.0,4.0,4.9,4.6000000000000005,0.418564290725394,2.287149082686441,0.07170564718491405,0.0606125285309522,0.9650988486738925,4.655475155758311,0.38121730460537184,0.19395556206175565,-0.564271877380393,0.07616753749604932,37958807655.173645,0.0555018076299152,0.0012726338013398116,1.1547005383792515,1.0388192471993274,12.0894184642193,21.461688880362125,7.351854515566664,17.00673515673239,-0.8388260847608787,25.63212962963007,25.63212962963007,26.026689814818383,43535.17270833333,0,0,0
2025-11-05 16:38:44.000,4.52,125.45,43320.827939814815,0.0,3.0,5.4,4.8999999999999995,0.5339115895416172,2.780883492402166,0.1734664745889394,0.09057087550352116,0.9650988486738945,4.820066073752188,0.5667877445414186,0.18792238940735914,0.19149067584455892,0.405624470099351,76226524097.04451,0.025018728335211456,0.0012726338013397947,-0.9999999999999999,3.817433980804671,51.9082544330032,55.91467247004717,3.7844987989472947,56.56003709636885,1131.8877430695993,1785.7200231481474,43535.17270833333,43535.17270833333,43535.17270833333,0,0,0
2025-11-07 06:59:14.000,11.15,124.09,43322.42550925926,0.0,3.0,4.6,4.266666666666667,0.8337334825539026,3.7392227244171545,0.28199413966319586,0.08932670334796962,1.3714562586418488,5.962946289287058,0.7630438887732093,0.1749489297310582,0.11508629236872903,0.25210610858843197,15578921952.367105,0.0031535487739366387,7.684776196487846e-05,-0.6123724356957944,0.8335040068426828,49.0489205804138,52.63983371412104,3.957114645476692,55.27346210931984,-0.7804679179490963,37.707986111112405,37.707986111112405,43535.17270833333,43535.17270833333,0,0,0
2025-11-11 14:37:38.000,7.31,126.99,43326.743842592594,0.0,4.0,4.7,4.225,0.7857174062969097,3.552768373147511,0.22729638140112923,0.16268028713713342,1.5792526614663733,6.919070637193456,0.9182543787690399,0.2694739639785403,0.17831275637416866,0.31876905069203065,18767758007.222446,0.004393875844380772,1.82911922994072e-05,-1.1547005383792515,0.9097363030312555,10.084041372945899,46.47208110596595,24.262220074121988,55.69430978230371,0.2978245416075082,32.14274305555591,32.14274305555591,32.53730324074422,43535.17270833333,0,0,0
2025-11-11 14:46:50.000,11.06,124.01,43326.750231481485,0.0,4.0,4.3,4.125,1.8061799739838782,7.796676887697071,0.5627443519775194,0.07772561066103335,2.48168275373287,10.528791006259443,1.062384252555215,0.14286303801101854,-0.01666666666666483,0.05739848680401938,11088722050.443632,3.8146972656252406e-06,3.588820514756982e-08,0.0,1.4901711919757723,49.0489205804138,53.06710489358587,5.528013849249559,55.06806343638119,0.8797838340909294,42.03270833333954,42.03270833333954,43535.17270833333,43535.17270833333,0,0,0
2025-11-15 07:38:39.000,11.11,123.94,43330.452881944446,0.0,5.0,4.3,4.18,,,,,,,,,,,13640133480.407776,,,0.40824829046386296,2.1221346950259825,50.0758554107923,57.94636389585706,6.40981236565829,59.07048188716334,1.2035999103269512,45.735358796300716,45.735358796300716,43535.17270833333,43535.17270833333,0,0,0
2025-11-17 11:37:34.000,7.45,127.25,43332.618796296294,0.0,3.0,4.2,4.066666666666666,2.3856062735983117,9.940026139992966,0.8726379848701828,0.13773304242424558,3.7225241305993144,15.36721777711692,2.124768505110443,0.203090433312084,0.033333333333333215,0.07182856632205414,8246554997.4660635,6.96917193762565e-08,6.79872708748768e-12,-0.6123724356957945,0.8335040068426828,10.084041372945899,18.874958019535736,14.553274886896999,16.880161732137964,1.1052700845110432,38.41225694444438,38.41225694444438,38.41225694444438,30126.520810185182,0,0,0
2025-11-18 11:36:48.000,11.11,123.93,43333.618263888886,0.0,5.0,4.7,4.28,-0.0,0.0,0.0,0.0,,,,,,,20931999097.052128,1.0,,-0.3464101615137754,2.075215723066168,50.0758554107923,60.409242109747446,5.893180217309758,62.85040378122234,1.241738218199055,48.90074074074073,48.90074074074073,43535.17270833333,43535.17270833333,0,0,0
2025-11-23 09:44:10.000,11.16,124.12,43338.54004629629,0.0,4.0,4.7,4.324999999999999,1.0933758853882858,5.008026930238688,0.36156405293078103,0.11095623224341132,1.5792526614663733,7.076995903340093,0.7543093629148658,0.16823841827171868,0.11966582840794082,0.218769050692031,20091126707.221508,0.0005246532214436037,1.82911922994072e-05,0.8660254037844386,1.2508435271934735,62.9291156612936,63.96765872724983,0.9169316274996304,64.10865243829306,0.26584864042481293,53.82252314814832,53.82252314814832,43535.17270833333,43535.17270833333,0,0,0
2025-11-27 17:45:03.000,3.87,126.57,43342.87399305555,0.0,5.0,5.4,4.5,0.492472461251583,2.543441179480746,0.14546087391760976,0.08859200757903496,0.6355529003462228,3.1464434361737985,0.24226222540216172,0.12975601311182855,0.2353636404017907,0.44928160274345874,75175474682.70387,0.033310612337115936,0.012397705021160586,-0.40824829046386296,5.289016160489034,151.755124870756,183.919239246296,23.993680197796827,193.866259204883,-0.9755295973418393,1020.368043981478,6133.007060185184,6133.007060185184,6133.007060185184,0,0,0
2025-12-21 17:53:58.000,8.48,127.47,43366.88018518518,0.0,3.0,5.0,4.733333333333333,0.7262227698167629,3.6534243377638678,0.2139564188071449,0.08026315845908431,1.1329421267041366,5.462066612217864,0.5207161509397521,0.16286265246972523,-0.030721273977243335,0.17886528934389112,38983229847.5951,0.00662722461906145,0.00039918445425918335,-0.44721359549995787,4.308100197271101,1.90718496670747,13.136665059835423,9.994910926267186,16.740851464002077,-1.9269427296249502,505.56498842592555,32271.910671296293,43535.17270833333,43535.17270833333,0,0,0
2025-12-24 05:50:52.000,8.41,127.5,43369.37803240741,0.0,5.0,5.8,4.8,0.4809800828339824,2.6588254132399407,0.1613897449679207,0.0932893642580476,0.5109346845920612,2.7479856666146194,0.18211785263278044,0.10749733204120542,0.272067538485425,0.42164979304809247,170522221937.95328,0.036062825589302794,0.029322159123893774,-1.299038105676658,7.601202965865766,1.90718496670747,20.983546727794533,12.959581318129379,33.30646079314644,0.9582469187433715,508.06283564815385,32274.40851851852,43535.17270833333,43535.17270833333,0,0,0
2026-01-07 04:12:58.000,7.17,127.06,43383.3100462963,0.0,3.0,6.4,5.066666666666667,0.061963799314241653,0.3573245760454603,0.005887252385698609,0.09675748617412508,0.6059923003301187,3.1434873761721853,0.5630808910243963,0.3839767783788106,0.633333333333332,1.2126611931211873,575584463164.8906,0.6517913642025336,0.015206284059065848,-1.4411533842457844,0.004845698371913084,27.7829475400237,46.635758029461805,17.05419134972372,27.839393080411234,-3.630102533095621,0.048657407409336884,88.70894675925956,89.10350694444787,43535.17270833333,0,0,0
2026-01-12 21:33:03.000,2.95,127.01,43389.032326388886,5.1,4.0,6.4,5.075,0.2585599283494032,1.541814762640192,0.07463816562969461,0.09004362685475364,0.5264175538221233,2.8656554727630925,0.3093849939030787,0.22060789321835464,0.4369152618395269,0.9563071520760902,577546638462.9531,0.16761783039482614,0.026347980814448748,-0.8660254037844386,4.6041218342485815,206.35297291333902,228.63505340415202,36.19162941858681,206.49633831473326,-7.610389883043302,2.274097222216369,1090.64366898148,1090.64366898148,43535.17270833333,1,0,0
2026-01-19 19:49:15.000,6.35,123.72,43395.96024305555,5.9,3.0,5.2,4.666666666666667,0.4905369300216484,2.4583636835904374,0.16082619792674493,0.08274702250559429,0.8405699649740359,4.0075151076106135,0.47223819814518464,0.17453659966671226,0.1884228217395485,0.4323836508548098,50176902355.97551,0.03375897173202914,0.0030080850072550297,-1.4411533842457844,7.410849195313975,13.9230650681111,16.5894613298348,2.8923259610487944,16.030606555885996,-2.8339643436217643,5653.512033217594,5653.512033217594,5658.857030671294,18053.151517361108,1,0,0
2026-01-20 23:25:14.000,6.37,123.69,43397.11023148148,5.9,8.0,5.2,4.4125,0.7831306740507683,3.918097825045106,0.18360232940362417,0.12662676070922663,1.0218693691841203,4.996098278819679,0.3126082818357806,0.1406932418769246,0.19687861186866762,0.3108248965240463,53019571029.83949,0.0044730935167557676,0.0008597890156869592,-1.8039504672067892,13.285795734172117,13.9230650681111,17.995482755245575,4.110172149025548,16.381825473548584,-0.7048366269925695,5654.6620216435185,5654.6620216435185,5660.007019097218,18054.301505787033,1,0,0
2026-01-22 20:06:25.000,6.32,123.7,43398.97216435185,5.9,16.0,5.2,4.4125,0.9551317954686191,5.067620593360277,0.19986092916945242,0.07281496064591807,1.0057345896706888,5.265477961775119,0.2215991400281573,0.07941290573606964,-0.10567678450483875,-0.03545477689020515,72973431465.19685,0.001363341370648057,0.0009611612000701343,-2.0265615884195958,20.02855104951072,12.7127513764167,16.773512964189088,3.5299225422795732,15.875076619742943,-1.4301026341406917,5656.52395451389,5656.52395451389,5661.86895196759,18056.163438657404,1,0,0
2026-01-26 10:06:10.000,6.43,123.66,43402.55532407408,5.9,17.0,5.2,4.405882352941176,0.988947501531319,5.234149507441337,0.20181506536465665,0.0727756037776197,1.0635783230283744,5.546210202766797,0.2334242985181098,0.08210605086738863,-0.09264647449597341,-0.014670215330097491,73348999905.8714,0.0010793380695184448,0.0006445624937978678,-1.8848425873126298,20.01621945542989,12.7127513764167,16.79649434753814,3.419146023498917,15.895967043021079,-0.9517987707115247,5660.107114236118,5660.107114236118,5665.452111689818,18059.746598379632,1,0,0
2026-01-27 14:47:35.000,6.53,123.7,43403.750752314816,5.9,18.0,5.2,4.383333333333333,0.988947501531319,5.234149507441337,0.196917821035912,0.0727756037776197,1.0635783230283744,5.546210202766797,0.2277600245450865,0.08086116433142532,-0.09264647449597341,-0.014670215330097491,73456958275.68787,0.0010793380695184448,0.0006445624937978678,-0.19245008972987535,20.064025519947887,11.0919176088028,16.4795734176084,3.57921490309685,15.868502558890787,-0.9737678411555047,5661.302542476857,5661.302542476857,5666.647539930556,43535.17270833333,1,0,0
2026-01-28 15:27:39.000,6.44,123.71,43404.77857638889,4.8,42.0,5.9,4.528571428571429,1.0028369195679976,5.820054083549589,0.166530344801315,0.09655879339622735,0.7850220955685583,4.788454495222218,0.10204612417950654,0.15791217700550866,0.09641023382271019,-0.1997703405458191,258281218881.44748,0.000980594021930667,0.004415030552545381,-0.4088164859934782,32.039960473090574,6.46156383836095,16.20701773326863,4.3594499477557545,15.260466917588374,-0.11862078445239697,5662.33036655093,5662.33036655093,5667.67536400463,18061.969850694444,0,0,0
2026-01-29 22:31:09.000,6.45,123.7,43406.07267361111,4.7,47.0,5.9,4.504255319148936,1.0278659647961461,5.9589530194069695,0.16208442594621877,0.09528782156388209,0.7896263307331841,4.83494452895726,0.09565585532145804,0.16890303216009955,0.10259720284755947,-0.22307915880656548,259490697310.34842,0.0008249015233367653,0.004276820349208958,-0.5994327580863801,33.93892357368036,6.46156383836095,16.380217467682996,4.2449436521532125,15.294093598992209,-0.06826020163559553,5663.624463773151,5663.624463773151,5668.96946122685,18063.263947916665,0,0,0
2026-01-31 07:23:13.000,6.1,123.66,43407.44216435185,4.6,49.0,5.9,4.510204081632653,1.0516679453287776,6.090650999704417,0.1632352601710505,0.0934157880885488,0.7937497058283989,4.877816808829551,0.09298734689988976,0.17999991596438175,0.10857978342172725,-0.24528329650063263,260475670189.405,0.0006998358145457096,0.004156721066697912,-0.7946264809037101,34.66945049637789,6.46156383836095,16.124457298681136,4.179456134514518,15.230082175547096,-0.11817608394970373,569.2152777777737,569.2152777777737,569.2152777777737,18064.633438657405,0,0,0
2026-01-31 12:10:04.000,6.33,123.77,43407.64136574074,4.6,51.0,5.9,4.515686274509803,1.0737459176807438,6.2124085303973935,0.16377979479267235,0.09285738829193631,0.7974638129240861,4.917549738348157,0.0903398241906752,0.19171580607002423,0.11426575123471228,-0.26648637675083897,261393427581.35425,0.000600844717026941,0.004051432067204996,-0.865651068169896,35.02208070563194,6.46156383836095,16.107824920182672,4.379762392589047,15.218996243388885,-0.15174145570128106,5665.19315590278,5665.19315590278,5670.554748032409,18064.832640046294,0,0,0
2026-02-04 21:34:23.000,6.28,123.77,43412.03325231482,0.0,37.0,5.9,4.535135135135134,0.9703170423595221,5.614183687109836,0.16575654914815696,0.08231531164385608,0.7332244499665295,4.494516037830242,0.09464926700796637,0.16159146872518673,0.11407288337653743,-0.22979564175118483,251080145658.7868,0.0012275773676513001,0.0063143209103306485,1.013889554129062,24.496273850678445,6.46156383836095,16.083288671722947,4.798059886591792,15.143078014966356,0.26137530190960845,5669.585042476858,5669.585042476858,5674.946634606487,18069.22452662037,0,0,0
2026-02-10 01:04:02.000,6.41,123.71,43417.17884259259,4.2,36.0,5.9,4.558333333333333,0.9775077422286321,5.65407984858712,0.16896168467447345,0.08504527183872418,0.7192137916869142,4.435671273055858,0.09146687323540631,0.1746083349274503,0.11582090419426017,-0.2673890633437397,251318488369.88394,0.0011680912570108332,0.0069559848098380865,1.6301752250503059,23.79418198138142,6.46156383836095,16.451587350853377,5.0290436903884235,15.20396671848596,0.8811619276042983,5674.730632754632,5674.730632754632,5680.075630208332,18074.370116898146,0,0,0
2026-02-14 16:31:27.000,3.32,128.15,43421.82288194444,4.4,3.0,4.7,4.533333333333334,1.7323937598229695,8.076929419790421,0.6087638047840791,0.0748876957464458,2.3688789921995523,10.900188820397693,1.1382596853187088,0.13934309717081086,0.03770577618809412,0.09858774707751294,22304081882.075905,6.350657928161307e-06,7.822814343740164e-08,-1.4411533842457844,5.887866499588108,165.871101782643,173.3158469852913,7.604460255989717,171.3394656064555,-19.558442255627753,1086.8532407407401,43535.17270833333,43535.17270833333,43535.17270833333,0,0,0
2026-02-14 19:29:13.000,3.5,128.29,43421.94633101852,0.0,3.0,4.5,4.3,0.6816017924566571,3.177014490836723,0.16322161714127753,0.08686069254313906,1.240841376866435,5.440486762185403,0.5409395838292619,0.1841036717979473,-0.16110055166668147,0.1154856989661619,14997261423.816563,0.009019752538805614,0.0001894418252328926,-1.4411533842457844,5.887866499588108,173.00589489288598,179.44602521485263,5.8010538926795485,178.3438814186839,6.995775968843607,1086.9766898148155,43535.17270833333,43535.17270833333,43535.17270833333,0,0,0
2026-03-10 17:06:05.000,12.08,125.72,43445.84693287037,4.2,3.0,4.6,4.2,0.5112013443424969,2.266325959918402,0.1202103346504849,0.14256724344061572,1.7371779276130073,7.425832965171692,1.3881820900054775,0.32427033635682245,0.16666666666666785,0.3253469278329719,14907848122.567753,0.029268196826665423,6.144212353328218e-06,-1.4411533842457844,4.308100197271101,16.6449903906873,31.489350390424004,13.052648023476777,38.24996066192925,0.91531559417918,2513.4779398148166,2513.4779398148166,11281.688386574075,43535.17270833333,0,0,0
2026-03-11 17:37:37.000,12.18,125.86,43446.86883101852,4.1,5.0,4.6,4.16,0.602059991327963,2.7092699609758326,0.09722474801412873,0.09519404303287925,1.7371779276130073,7.597177291638612,0.8094422988107748,0.20601602650411827,0.10000000000000053,0.22671320486001267,16565043707.97639,0.01562499999999994,6.144212353328218e-06,-1.698415551216894,6.210684822583022,16.6449903906873,30.30345017737622,12.430057022112916,36.88688236777223,-1.846309597276988,8149.016133680554,8149.016133680554,11282.71028472222,43535.17270833333,0,0,0
2026-03-15 12:51:00.000,12.18,126.02,43450.66979166667,4.2,6.0,4.6,4.166666666666667,0.9542425094393258,4.294091292476966,0.19990839232622953,0.1508789884991494,2.368878992199564,10.426413021957831,1.2319675269386503,0.2644261162799296,0.09999999999999964,0.19858774707751348,17626924817.567535,0.0013717421124828444,7.822814343739539e-08,-2.1213203435596424,7.602274730651041,16.6449903906873,28.881448193439667,11.650647703552789,34.86735204835051,-4.0550866365330025,8152.817094328704,8152.817094328704,11286.51124537037,43535.17270833333,0,0,0
2026-05-07 09:08:48.000,7.54,126.75,43503.51548611111,0.0,3.0,5.6,4.7,0.2780078414058046,1.4510418289266604,0.08400762393850379,0.09160456558836598,0.5790593092043358,2.7933584915370058,0.36446070072399406,0.20667772064478243,0.38057229756842403,0.7760407834989174,110292274522.18999,0.14654684594906256,0.018315638888734182,-2.1213203435596424,0.7610659841055888,42.4263231329541,51.77728013056204,8.960433794021688,60.05140913791905,0.06134252660026936,209.3089467592581,209.3089467592581,209.3089467592581,43535.17270833333,0,0,0
